image_id,lat,lon,streetlights,graffiti,building_maintenance,public_transit_stops,pavement_presence,pavement_width,pavement_continuity,safe_walk_alt,pavement_trip_minor,pavement_trip_major,ped_crossing,walk_signal,bike_path,public_park,buffer_presence,buffer_width,buffer_majority,benches,curb_ramp,segment_type,tree_overhead,GEOID
0,38.59123,-90.31924,Ample,No,0,0,Yes,2,No,Yes,1,1,No,No,1,Yes,Yes,2,No,No,No,Residential,high,
1000,38.65206,-90.29224,Ample,No,2,0,Yes,2,Yes,Yes,1,1,No,No,1,No,Yes,2,No,No,Yes,Residential,high,29510105200
1001,38.65326,-90.29221,Ample,No,2,0,Yes,2,Yes,Yes,1,1,No,No,1,No,Yes,2,No,No,No,Residential,medium,29510105200
1002,38.65467,-90.29225,Ample,No,2,1,Yes,2,Yes,Yes,1,1,No,No,2,No,Yes,2,No,No,No,Commercial,high,29510105300
1003,38.6559,-90.29223,Ample,No,2,0,Yes,2,Yes,Yes,1,0,No,No,1,No,Yes,2,No,No,No,Residential,medium,29510105300
1004,38.6571,-90.29229,Ample,No,2,0,Yes,2,Yes,Yes,1,0,No,No,1,No,Yes,2,No,No,No,Residential,high,29510105300
1005,38.65828,-90.29224,Ample,No,2,0,Yes,2,Yes,Yes,1,1,No,No,1,No,Yes,2,No,No,No,Residential,medium,29510105300
1006,38.66035,-90.29213,Ample,No,2,0,Yes,2,No,Yes,1,1,No,No,1,Yes,Yes,2,No,No,Yes,Residential,high,29510105300
1007,38.66138,-90.29203,Ample,No,2,0,Yes,2,Yes,Yes,1,1,No,No,2,No,Yes,2,No,No,No,Residential,high,29510105300
1008,38.66256,-90.29224,Ample,No,2,0,Yes,2,Yes,Yes,1,1,No,Yes,1,No,Yes,2,No,No,Yes,Residential,medium,29510105400
1009,38.66362,-90.29223,Ample,No,0,0,Yes,2,Yes,Yes,1,0,No,No,1,No,Yes,2,No,No,No,Residential,medium,29510105400
100,38.57659,-90.31091,Ample,No,2,0,Yes,2,Yes,Yes,1,1,No,No,1,No,Yes,2,No,No,No,Residential,medium,29510102200
1010,38.66545,-90.2923,Ample,No,2,0,Yes,2,Yes,Yes,1,1,Yes,Yes,2,No,Yes,2,No,No,Yes,Residential,medium,29510105400
1011,38.66688,-90.29261,Ample,No,2,0,Yes,2,Yes,Yes,1,1,No,No,1,No,Yes,2,No,No,No,Residential,INVALID,29510105400
1014,38.56186,-90.29086,Ample,No,0,0,Yes,2,Yes,Yes,1,0,No,No,1,No,Yes,2,No,No,No,Residential,high,29510102300
1015,38.56318,-90.29113,Ample,No,2,0,Yes,2,Yes,Yes,1,1,No,No,1,No,Yes,2,No,No,No,Residential,medium,29510102300
1016,38.5643,-90.29087,Some,No,0,0,Yes,2,Yes,Yes,1,0,No,No,2,Yes,Yes,2,No,No,No,Residential,INVALID,29510102300
1018,38.56661,-90.29028,Ample,No,0,0,Yes,2,Yes,Yes,1,1,No,No,1,No,Yes,2,No,No,No,Residential,high,29510102100
1019,38.56827,-90.29092,Ample,No,2,0,Yes,2,Yes,Yes,1,1,No,No,1,No,Yes,2,No,No,No,Residential,medium,29510102100
101,38.57791,-90.31099,Ample,No,2,0,Yes,2,Yes,Yes,1,1,No,No,2,No,Yes,2,No,No,No,Residential,medium,29510102200
1020,38.56973,-90.29086,No,No,2,0,Yes,2,Yes,Yes,1,1,No,No,1,No,Yes,2,No,No,No,Residential,high,29510102100
1021,38.5712,-90.29076,Ample,No,2,0,Yes,2,Yes,Yes,1,0,No,No,1,No,Yes,2,No,No,No,Residential,medium,29510102100
1022,38.57226,-90.29094,Ample,No,2,0,Yes,2,Yes,Yes,1,1,No,No,1,No,Yes,2,No,No,No,Residential,medium,29510102100
1023,38.57374,-90.29061,Ample,No,2,0,Yes,2,Yes,Yes,1,1,No,No,1,No,Yes,2,No,No,No,Residential,high,29510102200
1024,38.5751,-90.29092,Ample,No,2,0,Yes,2,Yes,Yes,1,0,No,No,1,No,Yes,2,No,No,No,Residential,high,29510102200
1025,38.5763,-90.29089,Ample,No,2,0,Yes,2,Yes,Yes,1,1,No,No,1,No,Yes,2,No,No,No,Residential,high,29510102200
1026,38.57772,-90.29091,Ample,No,2,0,Yes,2,Yes,Yes,1,0,No,No,1,No,Yes,2,No,No,No,Residential,medium,29510102200
1027,38.57914,-90.29092,Some,No,2,0,Yes,2,Yes,Yes,0,0,No,No,1,No,Yes,2,No,No,No,Residential,medium,29510102200
1028,38.58044,-90.29083,Ample,No,2,0,Yes,2,Yes,Yes,1,1,No,No,1,No,Yes,2,No,No,No,Residential,medium,29510102200
1029,38.58177,-90.29089,No,No,2,0,Yes,2,Yes,Yes,1,1,No,No,1,No,Yes,2,No,No,No,Residential,high,29510102200
102,38.57927,-90.3106,Ample,No,0,0,Yes,2,Yes,Yes,1,1,No,No,2,Yes,Yes,2,No,No,No,Residential,high,29510102200
1030,38.58321,-90.29083,Ample,No,2,0,Yes,2,Yes,Yes,1,1,No,No,1,No,Yes,2,No,No,No,Residential,medium,29510114300
1031,38.58445,-90.29083,No,No,2,0,Yes,2,Yes,Yes,1,1,No,No,1,No,Yes,2,No,No,No,Residential,high,29510114300
1032,38.58581,-90.29084,Ample,No,2,0,Yes,2,Yes,Yes,1,0,No,No,1,No,Yes,2,No,No,No,Residential,high,29510114300
1033,38.58715,-90.29085,Ample,No,2,0,Yes,2,Yes,Yes,1,1,No,No,1,No,Yes,2,No,No,No,Residential,INVALID,29510114300
1034,38.58851,-90.29092,Ample,No,2,0,Yes,2,Yes,Yes,1,0,No,No,1,No,Yes,2,No,No,No,Residential,high,29510114300
1035,38.58987,-90.29092,Some,No,2,0,Yes,2,No,Yes,0,0,No,No,1,No,Yes,2,No,No,No,Residential,high,29510114300
1036,38.59121,-90.29082,Ample,No,2,0,Yes,2,Yes,Yes,1,0,No,No,1,No,Yes,2,No,No,No,Residential,high,29510114101
1037,38.5926,-90.29088,No,No,2,0,Yes,2,Yes,Yes,1,0,No,No,1,No,Yes,2,No,No,No,Residential,high,29510114101
1038,38.59397,-90.29089,Ample,No,2,0,Yes,2,Yes,Yes,1,1,No,No,1,No,Yes,2,No,No,No,Residential,high,29510114101
1039,38.59524,-90.2909,Ample,No,2,0,Yes,2,Yes,Yes,0,0,No,No,1,No,Yes,2,No,No,No,Residential,INVALID,29510114101
103,38.5805,-90.31101,Ample,No,0,0,Yes,2,Yes,Yes,1,1,No,No,2,Yes,Yes,2,No,No,No,Residential,high,29510102200
1040,38.59671,-90.29101,Ample,No,2,0,Yes,2,Yes,Yes,1,1,Yes,No,1,No,Yes,2,No,No,Yes,Residential,high,29510114200
1041,38.59798,-90.29077,Ample,No,2,0,Yes,2,Yes,Yes,1,0,No,No,1,No,Yes,2,No,No,No,Residential,high,29510114200
1042,38.59914,-90.29085,Ample,No,0,0,Yes,2,Yes,Yes,1,0,No,No,1,Yes,Yes,2,No,No,No,Residential,medium,29510114200
1044,38.60186,-90.29089,Ample,No,0,0,Yes,2,Yes,Yes,1,1,No,No,1,Yes,Yes,2,No,No,No,Residential,high,29510127200
1045,38.60354,-90.29075,Ample,No,2,0,Yes,2,Yes,Yes,1,1,No,No,1,Yes,Yes,2,No,No,No,Residential,high,29510127200
1046,38.60473,-90.29083,Ample,No,2,0,Yes,2,Yes,Yes,1,1,No,No,1,No,Yes,2,No,No,No,Residential,high,29510103700
1047,38.60629,-90.29081,Ample,No,2,0,Yes,2,Yes,Yes,1,1,No,No,1,No,Yes,2,No,No,Yes,Residential,medium,29510103700
1048,38.60762,-90.29083,Some,No,2,0,Yes,2,Yes,Yes,1,1,No,No,1,No,Yes,2,No,No,No,Residential,high,29510103700
1049,38.60874,-90.2908,Ample,No,2,0,Yes,2,Yes,Yes,1,1,No,No,1,No,Yes,2,No,No,Yes,Residential,high,29510103700
104,38.58184,-90.31123,No,No,0,0,Yes,2,Yes,Yes,1,0,Yes,No,1,Yes,Yes,2,No,No,No,Residential,high,29510102200
1050,38.61015,-90.29083,Ample,No,2,0,Yes,2,No,Yes,1,1,No,No,1,No,Yes,2,No,No,No,Residential,low,29510103700
1051,38.61161,-90.29086,Ample,No,2,0,Yes,2,Yes,Yes,1,0,No,No,1,No,Yes,2,No,No,No,Residential,medium,29510103700
1052,38.61253,-90.2909,Ample,No,0,0,Yes,2,Yes,Yes,1,1,No,No,1,No,Yes,2,No,No,No,Residential,high,29510103600
1053,38.61418,-90.29065,Ample,No,2,0,Yes,2,Yes,Yes,1,1,Yes,No,1,Yes,Yes,2,No,No,Yes,Residential,medium,29510103600
1054,38.61554,-90.29085,Ample,No,2,0,Yes,2,Yes,Yes,1,1,No,No,1,No,Yes,2,No,No,No,Residential,high,29510103600
1055,38.61702,-90.29023,Ample,No,2,0,Yes,2,Yes,Yes,1,1,No,No,1,No,Yes,2,No,No,No,Residential,medium,29510103600
1056,38.61823,-90.29091,Ample,No,0,0,No,2,Yes,Yes,1,1,No,No,1,No,Yes,2,No,No,No,Residential,high,29510103600
1057,38.6197,-90.29102,Ample,No,2,0,Yes,2,Yes,Yes,1,1,No,No,1,No,Yes,2,No,No,No,Residential,medium,29510103600
1058,38.6209,-90.29032,Ample,No,2,0,Yes,2,Yes,Yes,1,1,No,No,1,No,Yes,2,No,Yes,No,Commercial,high,29510103600
1059,38.6221,-90.29085,Ample,No,0,0,Yes,2,Yes,Yes,1,0,No,No,1,No,Yes,2,No,No,No,Residential,high,29510104500
105,38.58313,-90.31142,Ample,No,0,0,No,2,Yes,Yes,1,1,No,No,1,Yes,Yes,2,No,No,No,Residential,high,29510102200
1060,38.62365,-90.29088,Some,No,2,0,Yes,2,Yes,Yes,1,1,No,No,1,No,Yes,2,No,No,No,Residential,high,29510104500
1061,38.62472,-90.2909,Ample,No,2,0,Yes,2,Yes,Yes,1,1,No,No,1,No,Yes,2,No,No,No,Residential,high,29510104500
1062,38.62612,-90.29144,Some,No,2,0,Yes,2,Yes,Yes,1,1,No,No,1,No,Yes,2,No,No,No,Residential,medium,29510104500
1063,38.62786,-90.29087,Ample,No,2,0,Yes,2,Yes,Yes,1,1,No,No,1,No,Yes,2,No,No,No,Residential,high,29510104500
1064,38.62905,-90.29122,Ample,No,2,0,Yes,2,Yes,Yes,1,1,No,No,1,No,Yes,2,No,No,No,Residential,high,29510104500
1065,38.63039,-90.29139,Ample,No,2,0,Yes,2,Yes,Yes,1,1,No,No,1,No,Yes,2,No,No,No,Residential,medium,29510104500
1066,38.63182,-90.29084,Ample,No,0,0,Yes,2,Yes,Yes,1,1,No,No,2,Yes,Yes,2,No,No,No,Residential,high,29510112100
1067,38.63334,-90.29128,Ample,No,2,0,Yes,2,Yes,Yes,1,1,No,No,2,Yes,Yes,2,No,No,Yes,Commercial,medium,29510112100
1068,38.63439,-90.29088,Ample,No,2,0,Yes,2,Yes,Yes,1,0,No,No,2,Yes,Yes,2,No,No,No,Commercial,high,29510112100
1069,38.6357,-90.29087,Ample,No,2,0,Yes,2,Yes,Yes,1,1,No,No,2,Yes,Yes,2,No,No,No,Residential,medium,29510112100
1070,38.63697,-90.2908,Ample,No,2,0,Yes,2,Yes,Yes,1,1,Yes,No,1,Yes,Yes,2,No,No,No,Commercial,low,29510112100
1071,38.63866,-90.29083,No,No,0,0,Yes,2,Yes,Yes,0,0,No,No,2,Yes,Yes,2,No,No,No,Residential,high,29510112100
1073,38.64111,-90.29095,Ample,No,2,0,Yes,2,No,Yes,0,0,No,No,2,Yes,Yes,2,No,No,No,Residential,high,29510112100
1074,38.64245,-90.29081,Some,No,2,0,Yes,2,Yes,Yes,1,1,No,No,2,Yes,Yes,2,No,Yes,Yes,Residential,high,29510112100
1077,38.64661,-90.29087,Ample,No,0,0,Yes,2,Yes,Yes,1,1,Yes,No,1,Yes,Yes,2,No,No,Yes,Residential,high,29510105200
1078,38.64822,-90.29084,Some,No,0,0,Yes,2,Yes,Yes,0,0,No,No,2,No,Yes,2,No,No,No,Residential,high,29510105200
1079,38.64901,-90.29094,Ample,No,2,0,Yes,2,Yes,Yes,1,0,No,No,1,No,Yes,2,No,No,No,Residential,medium,29510105200
107,38.58596,-90.31081,Ample,No,2,0,Yes,2,Yes,Yes,1,0,No,No,1,No,Yes,2,No,No,No,Residential,high,29510103100
1080,38.65045,-90.29108,Ample,No,2,0,Yes,2,Yes,Yes,1,1,No,No,1,No,Yes,2,No,No,No,Residential,high,29510105200
1081,38.65193,-90.29076,No,No,2,0,Yes,2,Yes,Yes,1,0,No,No,1,No,Yes,2,No,No,No,Residential,high,29510105200
1082,38.65279,-90.29099,Ample,No,2,0,Yes,2,No,Yes,1,1,No,No,1,Yes,Yes,2,No,No,No,Residential,high,29510105200
1083,38.65466,-90.29087,Ample,No,2,1,Yes,2,Yes,Yes,1,0,No,No,1,Yes,Yes,2,No,No,No,Commercial,medium,29510105300
1084,38.65577,-90.29089,Ample,No,2,0,Yes,2,Yes,Yes,1,0,No,No,1,No,Yes,2,No,No,Yes,Residential,high,29510105300
1085,38.65756,-90.29087,No,No,0,0,Yes,2,Yes,Yes,0,0,No,No,1,No,Yes,2,No,No,No,Residential,high,29510105300
1087,38.66024,-90.29098,Ample,No,2,0,Yes,2,Yes,Yes,1,0,No,No,1,Yes,Yes,2,No,No,Yes,Residential,high,29510105300
1088,38.66141,-90.29089,Ample,No,2,0,Yes,2,Yes,Yes,1,1,Yes,No,1,No,Yes,2,No,No,No,Residential,medium,29510105400
1089,38.66243,-90.29088,Ample,No,2,0,Yes,2,Yes,Yes,0,0,No,No,1,Yes,Yes,2,No,No,No,Residential,medium,29510105400
108,38.58705,-90.31092,Ample,No,2,0,Yes,2,Yes,Yes,1,1,No,No,1,No,Yes,2,No,No,No,Residential,high,29510103100
1090,38.66407,-90.29115,Some,No,1,0,Yes,2,Yes,Yes,1,1,No,No,1,Yes,Yes,2,No,No,No,Residential,high,29510105400
1091,38.66512,-90.29106,Ample,No,2,0,Yes,2,Yes,Yes,1,1,No,No,1,No,Yes,2,No,No,No,Residential,medium,29510105400
1092,38.66699,-90.29063,Ample,No,0,0,Yes,2,No,Yes,1,1,No,No,2,Yes,Yes,2,No,No,No,Residential,high,29510105400
1094,38.6694,-90.2908,Ample,No,2,0,No,2,Yes,Yes,1,0,No,No,1,No,Yes,2,No,No,No,Residential,INVALID,29510105400
1095,38.55747,-90.28961,Ample,No,2,0,Yes,2,Yes,Yes,1,1,No,No,1,No,Yes,2,No,No,No,Residential,high,29510102300
1096,38.55869,-90.28913,Ample,No,2,0,Yes,2,Yes,Yes,1,1,No,No,1,No,Yes,2,No,No,No,Residential,high,29510102300
1097,38.56058,-90.28945,Ample,No,0,0,Yes,2,Yes,Yes,1,0,No,No,2,Yes,Yes,2,No,No,No,Residential,high,29510102300
1098,38.56175,-90.28955,Ample,No,0,0,Yes,2,Yes,Yes,1,0,No,No,1,Yes,Yes,2,No,No,No,Residential,INVALID,29510102300
1099,38.56286,-90.28935,Ample,No,2,0,Yes,2,Yes,Yes,1,1,No,No,1,No,Yes,2,No,Yes,No,Residential,medium,29510102300
109,38.58859,-90.31107,Some,No,2,0,Yes,2,No,Yes,1,1,No,No,1,No,Yes,2,No,No,No,Residential,INVALID,29510103100
10,38.59501,-90.31792,Ample,No,2,0,Yes,2,Yes,Yes,1,1,No,No,1,No,Yes,2,No,No,No,Residential,high,29510103800
1100,38.56413,-90.28937,Ample,No,2,0,Yes,2,No,Yes,1,1,No,No,2,No,Yes,2,No,No,No,Residential,INVALID,29510102300
1101,38.56549,-90.28988,Some,No,0,0,Yes,2,No,Yes,1,1,No,No,1,No,Yes,2,No,No,No,Residential,INVALID,29510102300
1102,38.56705,-90.28955,Ample,No,2,0,Yes,2,Yes,Yes,1,1,No,No,1,No,Yes,2,No,No,No,Residential,high,29510102100
1103,38.56837,-90.28948,Ample,No,2,0,Yes,2,Yes,Yes,1,1,No,No,1,No,Yes,2,No,No,No,Residential,high,29510102100
1104,38.56959,-90.28958,Ample,No,2,0,Yes,2,Yes,Yes,1,0,No,No,1,No,Yes,2,No,No,No,Residential,medium,29510102100
1105,38.57101,-90.28954,Ample,No,2,0,Yes,2,Yes,Yes,1,1,No,No,1,No,Yes,2,No,No,No,Residential,high,29510102100
1106,38.57254,-90.28945,Ample,No,2,1,Yes,2,Yes,Yes,1,0,No,Yes,1,No,Yes,2,No,No,Yes,Residential,high,29510102200
1107,38.57375,-90.28952,Ample,No,2,0,Yes,2,Yes,Yes,1,0,No,No,1,No,Yes,2,No,Yes,No,Residential,high,29510102200
1108,38.57516,-90.28951,Ample,No,2,0,Yes,2,Yes,Yes,1,1,No,No,1,No,Yes,2,No,No,No,Residential,high,29510102200
1109,38.57663,-90.28945,Ample,No,2,0,Yes,2,Yes,Yes,1,1,No,No,1,No,Yes,2,No,No,No,Residential,INVALID,29510102200
110,38.59007,-90.31119,Ample,No,2,0,Yes,2,Yes,Yes,1,1,No,Yes,1,No,Yes,2,No,No,No,Residential,medium,29510103100
1110,38.57758,-90.28957,Ample,No,2,0,Yes,2,Yes,Yes,1,0,No,No,1,No,Yes,2,No,No,No,Residential,medium,29510102200
1111,38.57916,-90.28969,Ample,No,2,0,Yes,2,Yes,Yes,1,0,No,No,1,No,Yes,2,No,No,No,Residential,medium,29510102200
1112,38.58051,-90.28945,Ample,No,2,0,Yes,2,Yes,Yes,1,0,No,No,2,No,Yes,2,No,No,No,Residential,medium,29510102200
1113,38.58163,-90.28959,Some,No,2,0,Yes,2,No,Yes,0,0,No,No,1,No,Yes,2,No,No,No,Residential,medium,29510102200
1114,38.58298,-90.28958,Ample,No,2,0,Yes,2,Yes,Yes,1,0,No,No,1,No,Yes,2,No,No,No,Residential,medium,29510114300
1115,38.58447,-90.28941,Ample,No,2,0,Yes,2,Yes,Yes,1,1,No,No,1,No,Yes,2,No,No,No,Residential,high,29510114300
1116,38.5861,-90.28943,Some,No,2,0,Yes,2,Yes,Yes,1,1,No,No,1,No,Yes,2,No,No,No,Residential,INVALID,29510114300
1117,38.58701,-90.28955,Some,No,2,0,Yes,2,Yes,Yes,1,1,No,No,1,No,Yes,2,No,No,No,Residential,INVALID,29510114300
1118,38.58837,-90.28957,Ample,No,2,0,Yes,2,Yes,Yes,1,1,No,No,1,No,Yes,2,No,No,No,Residential,medium,29510114300
1119,38.58972,-90.28957,Some,No,2,0,Yes,2,Yes,Yes,0,0,No,No,1,No,Yes,2,No,No,No,Residential,INVALID,29510114300
111,38.59122,-90.31092,Ample,No,2,0,No,2,No,Yes,1,1,No,No,1,No,Yes,2,No,No,Yes,Residential,INVALID,29510103100
1120,38.59108,-90.28961,Ample,No,2,0,Yes,2,Yes,Yes,1,0,No,No,1,No,Yes,2,No,No,No,Residential,high,29510114101
1121,38.59246,-90.28956,Ample,No,2,0,Yes,2,Yes,Yes,1,1,No,No,1,No,Yes,2,No,No,No,Residential,low,29510114101
1122,38.59383,-90.28952,Ample,No,2,0,Yes,2,Yes,Yes,1,1,No,No,1,No,Yes,2,No,No,No,Residential,high,29510114101
1123,38.59551,-90.28949,Ample,No,2,0,Yes,2,Yes,Yes,1,1,No,No,1,No,Yes,2,No,No,No,Residential,high,29510114101
1124,38.59639,-90.28958,Ample,No,2,0,Yes,2,Yes,Yes,1,1,No,No,1,No,Yes,2,No,No,No,Residential,high,29510114200
1125,38.59813,-90.28948,Ample,No,2,0,Yes,2,Yes,Yes,1,0,No,No,1,No,Yes,2,No,No,No,Residential,medium,29510114200
1126,38.59901,-90.28955,Ample,No,0,0,Yes,2,Yes,Yes,1,0,No,No,1,Yes,Yes,2,No,No,No,Residential,high,29510114200
1128,38.60223,-90.28983,Ample,No,2,0,Yes,2,Yes,Yes,1,1,No,No,1,Yes,Yes,2,No,No,No,Residential,medium,29510127200
1129,38.60337,-90.28945,Ample,No,2,0,Yes,2,No,Yes,1,1,No,No,1,No,Yes,2,No,No,Yes,Residential,high,29510127200
112,38.59284,-90.31107,Some,No,2,0,Yes,2,Yes,Yes,1,0,No,No,1,No,Yes,2,No,No,No,Residential,high,29510103100
1130,38.60485,-90.28949,No,No,2,0,Yes,2,Yes,Yes,1,0,No,No,1,No,Yes,2,No,No,No,Residential,low,29510127200
1131,38.6061,-90.28954,Ample,No,2,0,Yes,2,Yes,Yes,1,0,No,No,1,No,Yes,2,No,No,No,Residential,high,29510103700
1132,38.6075,-90.2895,No,No,2,0,Yes,2,No,Yes,0,0,No,No,1,No,Yes,2,No,No,No,Residential,high,29510103700
1133,38.60886,-90.28936,Some,No,2,0,Yes,2,No,Yes,1,0,No,No,1,No,Yes,2,No,No,No,Residential,high,29510103700
1134,38.61017,-90.28965,Ample,No,2,0,Yes,2,Yes,Yes,1,1,No,Yes,1,No,Yes,2,No,No,No,Residential,medium,29510103700
1135,38.61148,-90.28954,Ample,No,2,0,Yes,2,Yes,Yes,1,1,No,No,1,No,Yes,2,No,No,No,Residential,medium,29510103700
1136,38.61278,-90.28915,Some,No,2,0,Yes,2,Yes,Yes,1,1,No,No,1,No,Yes,2,No,No,No,Residential,medium,29510103600
1137,38.61448,-90.28973,Ample,No,2,0,Yes,2,No,Yes,1,1,No,No,1,No,Yes,2,No,No,No,Residential,high,29510103600
1138,38.61553,-90.28941,Ample,No,2,0,Yes,2,Yes,Yes,1,1,No,No,1,No,Yes,2,No,No,No,Residential,medium,29510103600
1139,38.61691,-90.28971,No,No,2,0,Yes,2,No,Yes,0,0,No,No,1,No,Yes,2,No,No,No,Residential,high,29510103600
113,38.59429,-90.31097,Ample,No,2,0,Yes,2,Yes,Yes,1,1,No,No,1,No,Yes,2,No,No,No,Residential,high,29510103800
1140,38.61828,-90.28952,Ample,No,0,0,No,2,Yes,Yes,1,0,No,No,1,No,Yes,2,No,No,No,Commercial,high,29510103600
1141,38.61977,-90.28952,Ample,No,2,0,Yes,2,Yes,Yes,1,0,No,No,1,No,Yes,2,No,No,No,Residential,high,29510103600
1142,38.62063,-90.28949,Ample,No,0,0,Yes,2,Yes,Yes,1,1,No,No,1,No,Yes,2,No,No,No,Commercial,low,29510103600
1143,38.62227,-90.28953,Ample,Yes,2,0,No,2,Yes,Yes,0,0,No,No,1,No,Yes,2,No,No,No,Commercial,INVALID,29510104500
1144,38.62364,-90.2897,Some,No,0,0,Yes,2,Yes,Yes,0,0,No,No,2,No,Yes,2,No,No,Yes,Residential,low,29510104500
1145,38.62496,-90.28947,Ample,No,0,0,Yes,2,Yes,Yes,0,0,No,No,2,No,Yes,2,No,No,No,Residential,INVALID,29510104500
1146,38.6264,-90.28949,No,No,2,0,Yes,2,Yes,Yes,0,0,No,No,1,No,Yes,2,No,No,No,Residential,high,29510104500
1147,38.62773,-90.28954,Ample,No,2,0,Yes,2,Yes,Yes,1,1,No,No,1,No,Yes,2,No,No,No,Residential,high,29510104500
1148,38.6291,-90.28957,Ample,No,2,0,Yes,2,Yes,Yes,1,1,No,No,1,No,Yes,2,No,No,No,Residential,high,29510104500
1149,38.63078,-90.28942,Some,No,0,0,Yes,2,No,Yes,1,1,No,No,2,Yes,Yes,2,No,Yes,No,Residential,high,29510104500
114,38.59552,-90.31104,Ample,No,2,0,Yes,2,Yes,Yes,1,1,No,No,1,No,Yes,2,No,No,No,Residential,high,29510103800
1150,38.63165,-90.28958,Ample,No,0,0,Yes,2,Yes,Yes,1,1,No,No,1,Yes,Yes,2,No,No,No,Residential,low,29510112100
1151,38.63317,-90.28949,Ample,No,0,0,Yes,2,Yes,Yes,0,0,No,No,1,No,Yes,2,No,No,No,Residential,low,29510112100
1152,38.63439,-90.28959,Ample,No,2,1,Yes,2,No,Yes,0,0,No,No,1,Yes,Yes,2,No,No,No,Residential,high,29510112100
1153,38.63575,-90.28954,No,No,2,0,Yes,2,Yes,Yes,1,0,No,No,1,Yes,No,2,No,Yes,No,Commercial,medium,29510112100
1154,38.63707,-90.28946,Ample,No,2,1,Yes,2,Yes,Yes,1,1,No,No,1,Yes,Yes,2,No,Yes,No,Commercial,low,29510112100
1155,38.63836,-90.28959,Ample,No,2,0,Yes,2,Yes,Yes,1,0,No,Yes,1,Yes,Yes,2,No,Yes,Yes,Residential,high,29510112100
1156,38.63962,-90.28994,Ample,No,2,0,Yes,2,Yes,Yes,0,0,No,No,2,Yes,Yes,2,No,No,Yes,Residential,medium,29510112100
1157,38.64116,-90.28942,Ample,No,0,0,Yes,2,No,Yes,0,0,No,No,2,Yes,Yes,2,No,No,Yes,Residential,high,29510112100
1158,38.64232,-90.28963,Ample,No,0,0,Yes,2,Yes,Yes,1,0,No,No,1,Yes,Yes,2,No,No,No,Residential,high,29510112100
115,38.59656,-90.31111,Ample,No,2,0,Yes,2,Yes,Yes,1,1,No,No,1,No,Yes,2,No,No,No,Residential,medium,29510103800
1161,38.64648,-90.28952,Ample,No,0,0,Yes,2,Yes,Yes,1,0,No,No,1,Yes,Yes,2,No,Yes,No,Residential,medium,29510105200
1162,38.64809,-90.28952,Some,No,0,0,Yes,2,No,Yes,0,0,No,No,2,No,Yes,2,No,No,No,Residential,medium,29510105200
1163,38.64887,-90.28957,Ample,No,2,0,Yes,2,Yes,Yes,1,1,No,No,1,No,Yes,2,No,No,No,Residential,high,29510105200
1164,38.65051,-90.28934,Ample,No,2,0,No,2,Yes,Yes,1,1,No,No,1,No,Yes,2,No,No,No,Residential,high,29510105200
1165,38.65196,-90.28968,No,No,2,0,Yes,2,Yes,Yes,0,0,No,No,1,No,Yes,2,No,No,No,Residential,low,29510105200
1166,38.65348,-90.28944,Ample,No,2,0,Yes,2,Yes,Yes,1,1,No,No,1,No,Yes,2,No,No,No,Residential,INVALID,29510105200
1167,38.65452,-90.28953,Ample,No,2,1,Yes,2,Yes,Yes,1,1,No,No,2,No,Yes,2,No,No,No,Commercial,low,29510105300
1168,38.65563,-90.28955,Ample,No,2,0,Yes,2,Yes,Yes,1,1,No,No,1,No,Yes,2,No,No,No,Residential,medium,29510105300
1169,38.65685,-90.28975,Ample,No,2,0,Yes,2,Yes,Yes,1,1,No,No,1,No,Yes,2,No,No,No,Residential,medium,29510105300
116,38.59811,-90.31163,Ample,No,2,0,Yes,2,Yes,Yes,1,0,No,No,1,No,Yes,2,No,No,No,Residential,high,29510103800
1170,38.65872,-90.28991,Ample,No,2,0,Yes,2,Yes,Yes,1,0,No,No,1,No,Yes,2,No,No,No,Residential,high,29510105300
1171,38.66,-90.28969,Ample,No,2,0,Yes,2,Yes,Yes,1,1,No,No,2,No,Yes,2,No,No,No,Residential,medium,29510105300
1172,38.66132,-90.28948,Ample,No,2,0,Yes,2,Yes,Yes,1,1,No,Yes,1,Yes,Yes,2,No,Yes,Yes,Residential,medium,29510105400
1173,38.66269,-90.28928,Ample,No,2,0,Yes,2,Yes,Yes,1,0,No,No,1,Yes,Yes,2,No,Yes,No,Residential,high,29510105400
1174,38.66398,-90.28908,Ample,No,0,0,Yes,2,Yes,Yes,1,0,No,No,1,No,Yes,2,No,No,No,Residential,high,29510105400
1176,38.66651,-90.28973,Ample,No,2,0,Yes,2,No,Yes,1,1,No,No,1,No,Yes,2,No,No,No,Residential,high,29510105400
1177,38.66822,-90.28934,Some,No,2,0,Yes,2,Yes,Yes,1,1,No,No,1,Yes,Yes,2,No,No,No,Residential,high,29510105400
1178,38.66937,-90.28949,Some,Yes,2,0,Yes,2,Yes,Yes,1,1,No,No,1,No,Yes,2,No,Yes,No,Residential,medium,29510105400
1179,38.67083,-90.28958,Ample,No,0,0,Yes,2,Yes,Yes,1,1,No,No,1,Yes,Yes,2,No,No,No,Residential,high,29510106100
117,38.59961,-90.31108,Ample,No,2,0,Yes,2,Yes,Yes,1,1,Yes,No,1,No,Yes,2,No,No,No,Residential,medium,29510103800
1180,38.55646,-90.28798,Ample,No,2,0,Yes,2,Yes,Yes,1,1,No,No,1,No,Yes,2,No,No,No,Residential,medium,29510102300
1181,38.55773,-90.28849,Ample,No,2,0,Yes,2,Yes,Yes,1,1,No,No,1,No,Yes,2,No,No,No,Residential,high,29510102300
1182,38.55882,-90.2883,Ample,No,2,0,Yes,2,Yes,Yes,1,1,No,No,1,No,Yes,2,No,No,No,Residential,high,29510102300
1183,38.56026,-90.28814,Ample,No,0,0,Yes,2,Yes,Yes,1,0,No,No,1,Yes,Yes,2,No,No,No,Residential,high,29510102300
1184,38.56167,-90.28821,Ample,No,0,0,Yes,2,Yes,Yes,1,0,Yes,No,1,No,Yes,2,No,No,No,Residential,high,29510102300
1185,38.56302,-90.28802,Ample,No,2,0,Yes,2,No,Yes,1,1,No,No,1,No,Yes,2,No,No,No,Residential,medium,29510102300
1188,38.5672,-90.28792,No,No,0,0,Yes,2,No,Yes,1,1,No,No,1,No,Yes,2,No,No,No,Residential,medium,29510102300
1189,38.56846,-90.28822,Ample,No,2,0,Yes,2,Yes,Yes,1,1,No,No,1,Yes,Yes,2,No,No,No,Residential,high,29510102100
118,38.60071,-90.31109,Ample,No,2,0,Yes,2,Yes,Yes,1,1,Yes,No,1,No,Yes,2,No,No,No,Residential,high,29510103800
1190,38.56975,-90.28814,Ample,No,2,0,Yes,2,Yes,Yes,1,1,No,Yes,1,No,Yes,2,No,No,Yes,Residential,high,29510102100
1191,38.5712,-90.28805,Some,No,2,0,Yes,2,Yes,Yes,1,1,No,No,1,No,Yes,2,No,No,No,Residential,medium,29510102100
1192,38.57241,-90.28819,Ample,Yes,2,0,Yes,2,Yes,Yes,1,1,No,No,1,No,Yes,2,No,No,Yes,Residential,INVALID,29510102200
1193,38.57371,-90.28817,Ample,No,2,0,Yes,2,Yes,Yes,1,0,No,No,1,No,Yes,2,No,No,No,Residential,medium,29510102200
1194,38.57502,-90.28817,Ample,No,2,0,Yes,2,Yes,Yes,0,0,No,No,1,No,Yes,2,No,No,No,Residential,INVALID,29510102200
1195,38.5765,-90.2882,Ample,No,2,0,Yes,2,Yes,Yes,1,1,No,No,1,No,Yes,2,No,No,No,Residential,medium,29510102200
1196,38.57792,-90.28818,Ample,No,2,0,Yes,2,Yes,Yes,1,1,No,No,1,No,Yes,2,No,No,No,Residential,medium,29510102200
1197,38.5793,-90.28811,Ample,No,2,0,Yes,2,Yes,Yes,1,0,No,No,1,No,Yes,2,No,No,Yes,Residential,high,29510102200
1198,38.58062,-90.2882,No,No,2,0,Yes,2,Yes,Yes,1,1,No,No,1,No,Yes,2,No,No,No,Residential,INVALID,29510102200
1199,38.58193,-90.28821,Ample,No,2,0,Yes,2,Yes,Yes,1,0,No,No,1,No,Yes,2,No,No,No,Residential,high,29510114300
119,38.60206,-90.3109,Ample,No,2,0,Yes,2,Yes,Yes,1,1,No,No,1,No,Yes,2,No,No,No,Residential,medium,29510103800
11,38.59624,-90.31794,Ample,No,2,0,Yes,2,Yes,Yes,1,1,No,No,1,No,Yes,2,No,No,No,Residential,medium,29510103800
1200,38.58327,-90.28817,Some,No,2,0,Yes,2,Yes,Yes,1,1,No,No,1,No,Yes,2,No,No,No,Residential,INVALID,29510114300
1201,38.58463,-90.28817,Ample,No,2,0,Yes,2,Yes,Yes,1,1,No,No,1,No,Yes,2,No,No,No,Residential,medium,29510114300
1202,38.58574,-90.28801,Ample,No,2,0,Yes,2,Yes,Yes,1,1,Yes,No,1,No,Yes,2,No,No,No,Residential,medium,29510114300
1203,38.58733,-90.28818,Ample,No,2,0,Yes,2,Yes,Yes,1,1,Yes,No,1,No,Yes,2,No,No,No,Residential,high,29510114300
1204,38.58853,-90.28807,Ample,No,2,0,Yes,2,Yes,Yes,1,0,No,No,1,No,Yes,2,No,No,No,Residential,medium,29510114300
1205,38.59003,-90.28812,Ample,No,2,0,Yes,2,Yes,Yes,1,0,No,No,1,No,Yes,2,No,No,No,Residential,medium,29510114300
1206,38.59138,-90.28818,No,No,0,0,Yes,2,Yes,Yes,0,0,No,No,2,No,Yes,2,No,No,No,Residential,high,29510114101
1207,38.59278,-90.2881,Ample,No,2,0,Yes,2,Yes,Yes,1,0,No,No,1,No,Yes,2,No,No,No,Residential,high,29510114101
1208,38.5941,-90.28814,No,No,2,0,Yes,2,No,Yes,1,1,No,No,1,No,Yes,2,No,No,No,Residential,high,29510114101
1209,38.59536,-90.28811,Ample,No,2,0,Yes,2,Yes,Yes,1,1,No,No,1,No,Yes,2,No,No,No,Residential,medium,29510114101
120,38.60324,-90.31089,Ample,No,0,0,No,2,Yes,Yes,1,0,No,No,2,No,Yes,2,No,No,No,Commercial,low,29510126800
1210,38.59668,-90.28812,Some,No,2,0,Yes,2,Yes,Yes,1,0,No,No,1,No,Yes,2,No,No,No,Residential,high,29510114200
1211,38.59801,-90.2882,Ample,No,2,0,Yes,2,Yes,Yes,1,0,No,No,1,No,Yes,2,No,No,No,Residential,high,29510114200
1212,38.59957,-90.28769,Ample,No,0,0,Yes,2,Yes,Yes,0,0,No,No,2,Yes,Yes,2,No,No,No,Residential,medium,29510114200
1213,38.60158,-90.28816,Ample,No,0,0,Yes,2,Yes,Yes,1,1,No,No,1,Yes,Yes,2,No,No,No,Residential,medium,29510127200
1214,38.60159,-90.28827,Ample,No,0,0,Yes,2,Yes,Yes,1,0,No,No,1,Yes,Yes,2,No,No,No,Residential,high,29510127200
1215,38.60328,-90.28786,Ample,No,2,0,Yes,2,No,Yes,1,1,No,No,1,No,Yes,2,No,No,No,Residential,medium,29510127200
1216,38.60475,-90.28826,Ample,No,2,0,Yes,2,No,Yes,1,1,No,No,1,No,Yes,2,No,No,Yes,Residential,high,29510127200
1217,38.60602,-90.28814,Ample,No,2,0,Yes,2,Yes,Yes,1,0,No,No,1,No,Yes,2,No,No,No,Residential,high,29510127200
1218,38.60737,-90.28821,Some,No,2,0,Yes,2,Yes,Yes,0,0,No,No,1,No,Yes,2,No,No,No,Residential,INVALID,29510103700
1219,38.60871,-90.28824,Ample,No,2,0,Yes,2,Yes,Yes,1,1,Yes,No,1,No,Yes,2,No,No,No,Commercial,high,29510103700
1220,38.61019,-90.28815,Ample,No,2,0,Yes,2,Yes,Yes,1,1,No,Yes,1,No,Yes,2,No,No,No,Residential,high,29510103700
1221,38.61141,-90.28823,Ample,No,2,0,Yes,2,No,Yes,1,1,No,No,1,No,Yes,2,No,No,No,Commercial,high,29510103700
1222,38.61271,-90.28825,Some,No,2,0,No,2,No,Yes,0,0,No,No,1,No,Yes,2,No,No,No,Residential,low,29510103600
1223,38.6142,-90.2883,Some,No,2,0,Yes,2,No,Yes,1,1,No,No,1,No,Yes,2,No,No,No,Residential,high,29510103600
1224,38.61558,-90.28843,Ample,No,2,0,Yes,2,Yes,Yes,1,1,No,No,1,No,Yes,2,No,No,No,Residential,low,29510103600
1225,38.61686,-90.28818,Ample,No,2,0,Yes,2,Yes,Yes,1,1,No,No,1,No,Yes,2,No,No,No,Residential,low,29510103600
1226,38.61824,-90.28808,Ample,No,2,0,Yes,2,Yes,Yes,1,1,No,No,1,No,Yes,2,No,No,No,Commercial,low,29510103600
1227,38.61966,-90.28811,Ample,No,2,0,Yes,2,Yes,Yes,1,1,No,No,1,No,Yes,2,No,No,No,Commercial,medium,29510103600
1228,38.62094,-90.28835,Ample,No,2,0,No,2,Yes,Yes,1,1,No,No,1,No,Yes,2,No,No,No,Commercial,high,29510103600
1229,38.62226,-90.28809,Ample,No,2,0,No,2,Yes,Yes,1,1,No,No,2,No,Yes,2,No,No,No,Commercial,INVALID,29510104500
1230,38.62363,-90.28824,Ample,No,2,0,Yes,2,Yes,Yes,1,1,No,No,1,No,Yes,2,No,No,No,Commercial,high,29510104500
1231,38.62487,-90.2882,Ample,No,2,0,Yes,2,No,Yes,1,0,No,No,1,No,Yes,2,No,No,Yes,Commercial,low,29510104500
1232,38.62629,-90.28823,Some,No,2,0,Yes,2,Yes,Yes,1,1,No,No,1,No,Yes,2,No,No,No,Residential,high,29510104500
1233,38.62759,-90.28813,Ample,No,2,0,Yes,2,Yes,Yes,1,1,No,No,1,No,Yes,2,No,No,No,Residential,high,29510104500
1234,38.62852,-90.28824,Ample,No,2,0,Yes,2,Yes,Yes,1,1,No,No,1,No,Yes,2,No,No,No,Residential,medium,29510104500
1235,38.62982,-90.28786,Ample,No,0,0,Yes,2,Yes,Yes,1,1,No,No,1,No,Yes,2,No,No,No,Residential,high,29510104500
1236,38.63159,-90.28812,Ample,No,0,0,Yes,2,Yes,Yes,1,1,No,No,1,Yes,Yes,2,No,No,No,Commercial,INVALID,29510112100
1237,38.63293,-90.28823,Ample,No,0,0,Yes,2,Yes,Yes,0,0,No,No,1,Yes,Yes,2,No,No,No,Residential,high,29510112100
1238,38.63448,-90.2881,Ample,No,2,0,Yes,2,Yes,Yes,1,1,No,No,1,Yes,Yes,2,No,Yes,No,Residential,high,29510112100
1239,38.63579,-90.28815,Ample,No,2,1,Yes,2,Yes,Yes,1,1,No,No,1,Yes,Yes,2,No,Yes,No,Commercial,high,29510112100
123,38.60725,-90.31146,Ample,No,0,0,Yes,2,No,Yes,1,1,No,No,1,No,Yes,2,No,No,No,Residential,medium,29510126800
1240,38.63696,-90.28863,Ample,No,0,0,Yes,2,Yes,Yes,1,1,No,No,1,Yes,Yes,2,No,No,Yes,Residential,high,29510112100
1241,38.63804,-90.28796,Ample,No,0,0,Yes,2,Yes,Yes,1,0,No,No,1,Yes,Yes,2,No,No,No,Residential,medium,29510112100
1243,38.64117,-90.28836,Some,No,2,0,Yes,2,No,Yes,0,0,No,No,2,Yes,Yes,2,No,No,Yes,Residential,medium,29510112100
1244,38.64216,-90.2881,Ample,No,0,0,Yes,2,Yes,Yes,1,0,No,No,2,Yes,Yes,2,No,Yes,Yes,Residential,high,29510112100
1247,38.64635,-90.28817,Some,No,0,0,Yes,2,Yes,Yes,1,1,No,No,1,Yes,Yes,2,No,No,No,Residential,high,29510105200
1248,38.64796,-90.28813,Some,No,0,0,Yes,2,Yes,Yes,0,0,No,No,2,No,Yes,2,No,No,No,Residential,high,29510105200
1249,38.64897,-90.2885,Ample,No,2,0,Yes,2,Yes,Yes,1,1,No,No,2,No,Yes,2,No,No,No,Residential,high,29510105200
124,38.60883,-90.31116,Ample,No,0,0,Yes,2,Yes,Yes,1,0,No,No,1,Yes,Yes,2,No,No,No,Residential,high,29510126800
1250,38.65071,-90.28818,No,No,2,0,Yes,2,Yes,Yes,1,1,No,No,1,No,Yes,2,No,No,No,Residential,high,29510105200
1251,38.65193,-90.28814,Ample,No,2,0,Yes,2,Yes,Yes,1,1,No,No,1,No,Yes,2,No,No,No,Residential,high,29510105200
1253,38.65439,-90.28824,Ample,Yes,2,0,Yes,2,Yes,Yes,1,1,No,No,2,No,Yes,2,No,No,No,Commercial,low,29510105300
1254,38.65551,-90.2883,Ample,No,2,0,Yes,2,Yes,Yes,1,0,No,No,1,No,Yes,2,No,No,No,Residential,medium,29510105300
1255,38.65788,-90.28806,Ample,No,2,0,Yes,2,Yes,Yes,1,0,No,No,1,No,Yes,2,No,No,No,Residential,medium,29510105300
1256,38.65907,-90.28806,Ample,No,2,0,Yes,2,Yes,Yes,1,0,No,No,1,No,Yes,2,No,No,No,Residential,medium,29510105300
1257,38.6599,-90.2882,Ample,No,2,0,Yes,2,Yes,Yes,1,1,No,No,1,No,Yes,2,No,No,No,Residential,medium,29510105300
1258,38.66115,-90.28821,Ample,No,2,0,Yes,2,Yes,Yes,1,0,No,No,1,Yes,Yes,2,No,No,No,Residential,high,29510105400
1259,38.6624,-90.28842,Ample,No,0,0,Yes,2,Yes,Yes,1,1,No,No,1,Yes,Yes,2,No,No,No,Residential,medium,29510105400
125,38.61016,-90.3112,Ample,No,2,0,Yes,2,Yes,Yes,1,1,No,No,1,Yes,Yes,2,No,No,Yes,Residential,medium,29510126800
1260,38.66426,-90.28811,Ample,No,2,0,Yes,2,Yes,Yes,1,1,No,No,1,No,Yes,2,No,No,No,Residential,INVALID,29510105400
1261,38.66544,-90.28828,Ample,No,2,0,Yes,2,Yes,Yes,1,0,No,No,1,Yes,Yes,2,No,No,No,Residential,high,29510105400
1262,38.6668,-90.28819,Ample,No,2,0,Yes,2,Yes,Yes,1,1,No,No,1,Yes,Yes,2,No,No,No,Residential,high,29510105400
1263,38.66776,-90.28849,Ample,No,2,0,Yes,2,Yes,Yes,1,1,No,No,1,No,Yes,2,No,No,No,Residential,high,29510105400
1264,38.66946,-90.28818,Ample,No,2,0,Yes,2,Yes,Yes,1,1,No,No,1,No,Yes,2,No,No,Yes,Residential,high,29510105400
1265,38.67091,-90.28836,Ample,No,2,0,Yes,2,Yes,Yes,1,1,No,No,1,No,Yes,2,No,No,No,Residential,high,29510106100
1266,38.67185,-90.28833,Ample,No,0,0,Yes,2,No,Yes,1,1,No,No,1,No,Yes,2,No,No,No,Residential,high,29510106100
1267,38.55607,-90.28644,Ample,No,2,0,Yes,2,Yes,Yes,1,0,No,No,1,No,Yes,2,No,No,No,Residential,high,29510102300
1268,38.55782,-90.28656,Ample,No,2,0,Yes,2,Yes,Yes,1,1,No,No,1,No,Yes,2,No,No,No,Residential,medium,29510102300
1269,38.55909,-90.28719,Ample,No,2,0,Yes,2,Yes,Yes,1,1,No,No,1,No,Yes,2,No,No,No,Residential,high,29510102300
126,38.61146,-90.31107,Some,No,2,0,Yes,2,Yes,Yes,1,0,No,No,1,No,Yes,2,No,No,No,Residential,medium,29510126800
1270,38.56028,-90.28686,Ample,No,2,0,Yes,2,Yes,Yes,1,1,No,No,2,Yes,Yes,2,No,No,No,Residential,high,29510102300
1271,38.5616,-90.28688,Ample,No,0,0,Yes,2,Yes,Yes,1,0,Yes,No,1,No,Yes,2,No,No,Yes,Residential,high,29510102300
1275,38.56701,-90.28704,No,No,2,0,Yes,2,No,Yes,1,1,No,No,1,No,Yes,2,No,No,No,Residential,high,29510102300
1276,38.56861,-90.28699,Ample,No,2,0,Yes,2,Yes,Yes,1,0,No,No,1,No,Yes,2,No,No,No,Residential,high,29510102100
1277,38.56957,-90.28695,Ample,Yes,2,0,Yes,2,No,Yes,1,1,No,No,1,No,Yes,2,No,No,No,Residential,high,29510102100
1278,38.57107,-90.28682,Ample,Yes,2,0,Yes,2,Yes,Yes,1,1,Yes,No,1,No,Yes,2,No,No,Yes,Residential,medium,29510102100
1279,38.5723,-90.28681,Ample,No,2,0,Yes,2,Yes,Yes,1,1,No,No,1,No,Yes,2,No,No,No,Residential,high,29510102200
127,38.61296,-90.31102,Ample,No,0,0,Yes,2,Yes,Yes,1,1,No,No,2,No,Yes,2,No,No,Yes,Residential,medium,29510126800
1280,38.57356,-90.28682,Ample,No,2,0,Yes,2,Yes,Yes,1,0,No,No,1,No,Yes,2,No,No,No,Residential,high,29510102200
1281,38.5751,-90.28701,Ample,No,2,0,Yes,2,Yes,Yes,1,0,No,No,2,No,Yes,2,No,No,No,Residential,medium,29510102200
1282,38.57647,-90.28675,Ample,No,2,0,Yes,2,Yes,Yes,1,1,Yes,No,1,No,Yes,2,No,No,No,Residential,medium,29510102200
1283,38.57778,-90.28684,Ample,No,2,0,Yes,2,Yes,Yes,1,1,No,No,1,No,Yes,2,No,No,No,Residential,medium,29510102200
1284,38.57916,-90.28678,Ample,No,2,0,Yes,2,Yes,Yes,1,0,No,No,1,No,Yes,2,No,No,Yes,Residential,medium,29510102200
1285,38.58048,-90.28684,No,No,2,0,Yes,2,Yes,Yes,1,1,No,No,1,No,Yes,2,No,No,No,Residential,INVALID,29510102200
1286,38.58179,-90.28686,Ample,No,2,0,Yes,2,Yes,Yes,1,1,No,No,1,No,Yes,2,No,No,Yes,Residential,medium,29510114300
1287,38.58313,-90.28682,Some,No,2,0,Yes,2,Yes,Yes,1,1,No,No,1,No,Yes,2,No,No,No,Residential,medium,29510114300
1288,38.58448,-90.28679,Ample,No,2,0,Yes,2,Yes,Yes,1,0,No,No,1,No,Yes,2,No,No,No,Residential,medium,29510114300
1289,38.58583,-90.28681,Ample,No,2,0,Yes,2,Yes,Yes,1,1,No,No,1,No,Yes,2,No,No,No,Residential,high,29510114300
128,38.614,-90.31109,Ample,No,2,0,Yes,2,Yes,Yes,1,1,No,No,1,No,Yes,2,No,No,No,Residential,high,29510126800
1290,38.58718,-90.28679,Ample,No,2,0,Yes,2,Yes,Yes,1,0,No,No,1,No,Yes,2,No,No,No,Residential,high,29510114300
1291,38.58853,-90.28684,Ample,No,2,0,Yes,2,Yes,Yes,1,0,No,No,2,No,Yes,2,No,No,No,Residential,medium,29510114300
1292,38.58988,-90.28677,Ample,No,2,0,Yes,2,Yes,Yes,1,0,No,No,1,No,Yes,2,No,No,No,Residential,medium,29510114300
1293,38.5917,-90.28678,Ample,No,2,0,Yes,2,Yes,Yes,1,1,Yes,No,1,No,Yes,2,No,No,Yes,Residential,high,29510114101
1294,38.59264,-90.2868,Ample,No,2,0,Yes,2,Yes,Yes,1,0,No,No,1,No,Yes,2,No,No,No,Residential,medium,29510114101
1295,38.59397,-90.28683,Ample,No,2,0,Yes,2,Yes,Yes,1,0,No,No,1,No,Yes,2,No,No,No,Residential,high,29510114101
1296,38.59523,-90.28684,Ample,No,2,0,Yes,2,Yes,Yes,1,1,No,No,1,No,Yes,2,No,No,Yes,Residential,high,29510114101
1297,38.59656,-90.28687,Some,No,2,0,Yes,2,Yes,Yes,0,0,No,No,2,No,Yes,2,No,No,No,Residential,high,29510114200
1298,38.59787,-90.28681,Ample,No,2,0,Yes,2,Yes,Yes,1,0,No,No,1,No,Yes,2,No,No,No,Residential,low,29510114200
1299,38.59948,-90.28682,Ample,No,2,0,Yes,2,Yes,Yes,1,1,No,No,1,No,Yes,2,No,No,No,Residential,high,29510114200
129,38.61574,-90.31123,Ample,No,2,0,Yes,2,Yes,Yes,1,1,No,No,1,No,Yes,2,No,No,No,Residential,medium,29510126800
1300,38.60093,-90.28665,Some,No,2,0,Yes,2,No,Yes,1,1,No,No,1,No,Yes,2,No,No,No,Residential,high,29510114200
1301,38.60231,-90.28714,Ample,No,2,1,Yes,2,No,Yes,1,1,No,No,1,Yes,Yes,2,No,Yes,No,Residential,high,29510127200
1302,38.60357,-90.28674,Ample,No,2,0,Yes,2,No,Yes,1,1,No,No,1,Yes,Yes,2,No,No,Yes,Residential,medium,29510127200
1304,38.60612,-90.287,Some,No,2,0,Yes,2,Yes,Yes,0,0,No,No,2,No,Yes,2,No,No,No,Residential,high,29510127200
1305,38.60755,-90.28677,Ample,No,2,0,Yes,2,Yes,Yes,1,1,No,No,1,No,Yes,2,No,No,No,Residential,high,29510103700
1306,38.6088,-90.28688,Ample,No,2,0,Yes,2,Yes,Yes,1,1,No,No,1,No,Yes,2,No,No,No,Residential,high,29510103700
1307,38.61027,-90.28677,Ample,No,2,0,Yes,2,No,Yes,1,1,No,No,1,No,Yes,2,No,No,No,Residential,high,29510103700
1308,38.61152,-90.28705,No,No,2,0,No,2,Yes,Yes,0,0,No,No,1,No,Yes,2,No,No,No,Residential,medium,29510103700
1309,38.6129,-90.28737,Ample,No,2,0,Yes,2,Yes,Yes,1,0,No,No,1,Yes,Yes,2,No,No,No,Residential,low,29510103600
130,38.61688,-90.3113,Ample,No,2,0,Yes,2,Yes,Yes,1,1,No,No,1,No,Yes,2,No,No,Yes,Residential,medium,29510126800
1310,38.61407,-90.28679,No,No,2,0,No,2,No,Yes,0,0,No,No,0,No,No,2,No,Yes,No,Commercial,low,29510103600
1311,38.61551,-90.28676,Ample,No,2,0,Yes,2,Yes,Yes,1,1,No,No,1,No,Yes,2,No,No,No,Commercial,high,29510103600
1312,38.61683,-90.28717,Ample,No,2,0,Yes,2,Yes,Yes,1,1,No,No,1,No,Yes,2,No,No,No,Commercial,high,29510103600
1313,38.61817,-90.28682,Ample,No,2,0,No,2,Yes,Yes,1,1,No,No,1,No,Yes,2,No,No,No,Commercial,high,29510103600
1314,38.61997,-90.28672,Ample,No,2,0,No,2,Yes,Yes,1,1,No,No,1,No,Yes,2,No,No,No,Commercial,low,29510103600
1316,38.62259,-90.28683,Ample,No,2,0,No,2,Yes,Yes,0,0,Yes,No,1,No,Yes,2,No,No,No,Commercial,high,29510104500
1317,38.6237,-90.28666,Ample,No,2,0,Yes,2,No,Yes,1,1,No,No,1,No,Yes,2,No,No,No,Residential,low,29510104500
1318,38.62493,-90.2867,Ample,No,2,0,Yes,2,No,Yes,1,1,No,No,1,No,Yes,2,No,No,No,Residential,high,29510104500
1319,38.62651,-90.28674,Ample,No,2,0,Yes,2,Yes,Yes,1,1,No,No,1,No,Yes,2,No,No,No,Residential,high,29510104500
1320,38.6279,-90.28675,Ample,No,2,0,Yes,2,Yes,Yes,1,0,No,No,1,No,Yes,2,No,No,Yes,Residential,high,29510104500
1321,38.62902,-90.28723,Ample,No,2,0,Yes,2,Yes,Yes,1,1,No,No,1,No,Yes,2,No,No,No,Commercial,low,29510104500
1322,38.63034,-90.28685,Ample,No,2,0,Yes,2,Yes,Yes,1,1,Yes,Yes,1,No,Yes,2,No,No,No,Commercial,low,29510104500
1323,38.63166,-90.28683,Ample,No,2,0,Yes,2,Yes,Yes,1,1,Yes,No,2,No,Yes,2,No,No,Yes,Commercial,low,29510112100
1324,38.63298,-90.28678,Ample,No,0,0,Yes,2,Yes,Yes,1,0,No,No,1,No,Yes,2,No,No,No,Residential,high,29510112100
1325,38.63441,-90.28678,No,No,2,0,Yes,2,Yes,Yes,1,1,No,No,2,Yes,Yes,2,No,No,No,Residential,medium,29510112100
1326,38.6356,-90.28685,Ample,No,0,0,Yes,2,Yes,Yes,1,1,No,No,1,Yes,Yes,2,No,No,No,Residential,high,29510112100
1327,38.63714,-90.28661,No,No,2,0,Yes,2,Yes,Yes,1,1,No,No,2,Yes,Yes,2,No,No,No,Residential,INVALID,29510112100
1328,38.63849,-90.28682,Ample,No,2,0,Yes,2,No,Yes,0,0,No,No,2,Yes,Yes,2,No,No,Yes,Residential,medium,29510112100
132,38.57644,-90.30977,Ample,No,2,0,Yes,2,Yes,Yes,1,1,No,No,1,No,Yes,2,No,No,No,Residential,medium,29510102200
1331,38.64254,-90.28695,Ample,No,0,0,Yes,2,Yes,Yes,1,0,No,No,1,Yes,Yes,2,No,No,No,Residential,high,29510112100
1333,38.64514,-90.2868,Ample,No,0,0,Yes,2,Yes,Yes,1,1,No,No,1,Yes,Yes,2,No,No,No,Residential,high,29510112100
1334,38.64623,-90.28693,Ample,No,0,0,Yes,2,Yes,Yes,1,1,No,No,1,Yes,Yes,2,No,Yes,No,Residential,medium,29510105200
1335,38.64792,-90.28678,Some,No,0,0,Yes,2,Yes,Yes,1,1,Yes,Yes,1,No,Yes,2,No,No,No,Residential,high,29510105200
1336,38.64898,-90.28695,Ample,No,2,0,Yes,2,Yes,Yes,1,1,No,No,1,No,Yes,2,No,No,No,Residential,medium,29510105200
1337,38.65058,-90.28683,Some,No,2,0,Yes,2,Yes,Yes,1,1,No,No,1,No,Yes,2,No,No,No,Residential,high,29510105200
1338,38.65195,-90.28679,Ample,No,2,0,Yes,2,Yes,Yes,1,1,No,No,1,Yes,Yes,2,No,No,No,Residential,high,29510105200
133,38.57774,-90.30987,Ample,No,0,0,Yes,2,Yes,Yes,1,0,Yes,No,1,Yes,Yes,2,No,No,No,Residential,high,29510102200
1340,38.65456,-90.28669,Ample,No,2,0,Yes,2,Yes,Yes,1,1,No,No,1,No,Yes,2,No,No,No,Commercial,high,29510105300
1341,38.65593,-90.28649,Ample,No,2,0,Yes,2,Yes,Yes,1,0,No,No,1,No,Yes,2,No,No,No,Residential,medium,29510105300
1342,38.65724,-90.28629,Ample,No,2,0,Yes,2,Yes,Yes,1,1,No,No,1,No,Yes,2,No,No,No,Residential,high,29510105300
1343,38.65896,-90.28682,Ample,No,2,0,Yes,2,Yes,Yes,1,0,No,No,1,Yes,Yes,2,No,No,No,Residential,medium,29510105300
1344,38.66,-90.28716,Ample,No,2,0,Yes,2,No,Yes,1,1,No,No,1,No,Yes,2,No,No,No,Residential,high,29510105300
1345,38.6614,-90.28701,Ample,No,2,0,Yes,2,Yes,Yes,1,0,No,No,1,No,Yes,2,No,No,No,Residential,high,29510105400
1346,38.6627,-90.28682,Ample,No,2,0,Yes,2,Yes,Yes,1,1,No,No,1,No,Yes,2,No,No,No,Residential,medium,29510105400
1347,38.66414,-90.28685,Ample,No,2,0,Yes,2,Yes,Yes,1,1,No,No,1,No,Yes,2,No,No,No,Residential,high,29510105400
1348,38.66508,-90.28709,Ample,No,2,0,Yes,2,Yes,Yes,1,0,No,No,1,No,Yes,2,No,No,No,Residential,medium,29510105400
1349,38.6668,-90.2867,Some,No,2,0,Yes,2,Yes,Yes,1,1,No,No,1,No,Yes,2,No,No,No,Residential,medium,29510105400
1350,38.66796,-90.28647,Ample,No,2,0,Yes,2,Yes,Yes,1,1,No,No,1,No,Yes,2,No,No,No,Residential,high,29510105400
1351,38.66965,-90.28655,Ample,No,2,0,Yes,2,Yes,Yes,1,0,No,No,1,No,Yes,2,No,No,No,Residential,medium,29510106100
1352,38.6707,-90.28691,Ample,No,2,0,Yes,2,Yes,Yes,1,0,No,No,1,No,Yes,2,No,No,No,Residential,high,29510106100
1353,38.67237,-90.28667,Ample,No,2,0,Yes,2,Yes,Yes,1,1,No,No,1,No,Yes,2,No,No,No,Residential,medium,29510106100
1354,38.67355,-90.28706,Some,No,2,0,Yes,2,No,Yes,1,1,No,Yes,2,No,Yes,2,No,No,No,Residential,high,29510106100
1355,38.55474,-90.28531,Ample,No,2,0,Yes,2,Yes,Yes,1,1,No,No,1,No,Yes,2,No,No,Yes,Residential,INVALID,29510101100
1356,38.55628,-90.28539,Ample,No,2,0,Yes,2,Yes,Yes,1,1,No,No,1,No,Yes,2,No,No,No,Residential,medium,29510101100
1357,38.55745,-90.28514,Ample,No,2,0,Yes,2,Yes,Yes,1,1,No,No,1,No,Yes,2,No,No,No,Residential,medium,29510102300
1358,38.55876,-90.28522,Ample,No,2,0,Yes,2,Yes,Yes,1,1,No,No,1,No,Yes,2,No,No,No,Residential,high,29510102300
1359,38.56008,-90.28551,Ample,No,2,0,Yes,2,Yes,Yes,1,1,No,No,1,Yes,Yes,2,No,No,No,Residential,high,29510102300
1360,38.5614,-90.28555,Ample,No,0,0,Yes,2,Yes,Yes,1,0,No,No,1,Yes,Yes,2,No,No,No,Residential,high,29510102300
1365,38.56833,-90.28551,Ample,Yes,0,0,Yes,2,No,Yes,1,1,No,No,2,No,Yes,2,No,No,No,Residential,high,29510102300
1366,38.56972,-90.28552,Ample,No,2,0,Yes,2,Yes,Yes,1,0,No,No,1,No,Yes,2,No,No,No,Commercial,medium,29510102100
1367,38.57094,-90.28563,Some,No,2,0,Yes,2,No,Yes,1,1,No,No,1,No,Yes,2,No,No,No,Residential,medium,29510102200
1368,38.57259,-90.2855,Ample,No,2,0,Yes,2,Yes,Yes,1,0,No,No,1,No,Yes,2,No,No,No,Residential,medium,29510102200
1369,38.57385,-90.28552,Ample,No,2,0,Yes,2,Yes,Yes,0,0,No,No,1,No,Yes,2,No,No,No,Residential,high,29510102200
1370,38.57523,-90.28545,Ample,No,2,0,Yes,2,Yes,Yes,1,0,No,No,1,No,Yes,2,No,No,No,Residential,medium,29510102200
1371,38.57624,-90.28551,Ample,No,2,0,Yes,2,Yes,Yes,1,0,No,No,1,No,Yes,2,No,No,No,Residential,high,29510102200
1372,38.57759,-90.28549,Ample,No,2,0,Yes,2,No,Yes,1,0,No,No,1,No,Yes,2,No,No,No,Residential,high,29510102200
1373,38.57913,-90.28559,Ample,No,2,0,Yes,2,Yes,Yes,1,1,No,No,1,No,Yes,2,No,No,No,Residential,medium,29510102200
1374,38.58047,-90.28536,Ample,No,2,0,Yes,2,Yes,Yes,1,0,No,No,1,No,Yes,2,No,No,No,Residential,medium,29510102200
1375,38.58165,-90.28551,Ample,No,2,0,Yes,2,Yes,Yes,1,1,No,No,1,No,Yes,2,No,No,No,Residential,medium,29510102200
1376,38.58298,-90.28548,Ample,No,2,0,Yes,2,Yes,Yes,0,0,No,No,1,No,Yes,2,No,No,No,Residential,INVALID,29510114300
1377,38.58434,-90.28547,Ample,No,2,0,Yes,2,Yes,Yes,1,0,No,No,1,No,Yes,2,No,No,No,Residential,high,29510114300
1378,38.58569,-90.28546,Some,No,2,0,Yes,2,Yes,Yes,1,1,No,No,1,No,Yes,2,No,No,No,Residential,high,29510114300
1379,38.58704,-90.28547,Ample,No,2,0,Yes,2,Yes,Yes,1,0,No,No,1,No,Yes,2,No,No,No,Residential,high,29510114300
137,38.58325,-90.30951,Ample,No,2,0,Yes,2,Yes,Yes,1,0,No,No,1,No,Yes,2,No,No,No,Residential,high,29510103100
1380,38.58839,-90.28549,Ample,No,2,0,Yes,2,No,Yes,0,0,No,No,1,No,Yes,2,No,No,No,Residential,high,29510114300
1381,38.58974,-90.28548,Ample,No,2,0,Yes,2,Yes,Yes,1,0,No,No,1,No,Yes,2,No,No,No,Residential,high,29510114300
1382,38.59156,-90.28543,Ample,No,2,0,Yes,2,Yes,Yes,1,1,No,No,1,No,Yes,2,No,No,No,Residential,high,29510114101
1383,38.59251,-90.28549,Ample,No,2,0,Yes,2,Yes,Yes,1,0,No,No,1,No,Yes,2,No,No,No,Residential,high,29510114101
1384,38.59401,-90.28561,Ample,No,2,0,Yes,2,Yes,Yes,1,1,No,No,1,No,Yes,2,No,No,No,Residential,high,29510114101
1385,38.59525,-90.28539,Ample,No,2,0,Yes,2,Yes,Yes,1,0,No,No,1,No,Yes,2,No,No,No,Residential,high,29510114101
1386,38.59685,-90.28539,Ample,No,2,0,Yes,2,Yes,Yes,1,1,No,No,1,No,Yes,2,No,No,No,Residential,medium,29510114200
1387,38.59815,-90.28544,Ample,No,2,0,Yes,2,Yes,Yes,1,0,No,No,1,No,Yes,2,No,No,No,Residential,high,29510114200
1388,38.59935,-90.28548,Ample,No,2,0,Yes,2,Yes,Yes,1,1,No,No,1,No,Yes,2,No,No,No,Residential,high,29510114200
1389,38.6008,-90.28547,Some,No,2,0,Yes,2,Yes,Yes,0,0,No,No,1,No,Yes,2,No,No,No,Residential,high,29510114200
138,38.58455,-90.30976,Ample,No,2,0,Yes,2,Yes,Yes,1,0,No,No,1,No,Yes,2,No,No,No,Residential,high,29510103100
1390,38.60203,-90.28544,Ample,No,2,0,Yes,2,Yes,Yes,1,1,No,No,1,No,Yes,2,No,No,No,Residential,high,29510127200
1391,38.60336,-90.28517,Ample,No,2,0,Yes,2,Yes,Yes,1,1,No,No,1,No,Yes,2,No,No,No,Residential,high,29510127200
1392,38.60477,-90.2854,Ample,No,2,0,Yes,2,Yes,Yes,1,1,No,No,1,No,Yes,2,No,No,No,Residential,high,29510127200
1393,38.60623,-90.2854,Ample,No,2,0,Yes,2,Yes,Yes,1,1,No,No,1,No,Yes,2,No,No,No,Residential,high,29510127200
1394,38.6074,-90.28549,Ample,No,2,0,Yes,2,Yes,Yes,1,0,Yes,No,1,No,Yes,2,No,No,No,Residential,high,29510103700
1395,38.60877,-90.28522,Ample,No,2,0,Yes,2,Yes,Yes,1,0,No,No,1,No,Yes,2,No,No,Yes,Residential,medium,29510103700
1396,38.61019,-90.28578,No,No,2,0,Yes,2,Yes,Yes,1,0,No,No,2,No,Yes,2,No,No,No,Residential,high,29510103700
1397,38.61151,-90.28552,No,No,2,0,Yes,2,No,Yes,0,0,No,No,1,No,Yes,2,No,No,No,Residential,high,29510103700
1398,38.61282,-90.28528,Ample,No,2,0,Yes,2,Yes,Yes,1,1,No,No,1,No,Yes,2,No,No,Yes,Commercial,high,29510103600
1399,38.61411,-90.285,Ample,No,2,0,Yes,2,Yes,Yes,1,1,Yes,No,1,No,Yes,2,No,No,Yes,Commercial,high,29510103600
139,38.58564,-90.30959,Ample,No,2,0,Yes,2,Yes,Yes,1,1,No,No,1,No,Yes,2,No,No,No,Residential,medium,29510103100
13,38.5991,-90.31762,Ample,No,0,0,No,2,Yes,Yes,1,0,No,No,1,No,Yes,2,No,No,No,Residential,high,29510126800
1400,38.61546,-90.285,Ample,No,2,0,Yes,2,Yes,Yes,1,1,No,No,1,No,Yes,2,No,No,No,Commercial,high,29510103600
1401,38.61704,-90.2856,Ample,No,2,0,Yes,2,Yes,Yes,1,1,No,No,1,No,Yes,2,No,No,Yes,Commercial,high,29510103600
1402,38.6182,-90.28555,Ample,No,2,0,Yes,2,Yes,Yes,1,1,No,No,1,No,Yes,2,No,No,No,Commercial,low,29510103600
1405,38.62274,-90.28551,Ample,No,2,0,No,2,Yes,Yes,0,0,No,No,1,No,Yes,2,No,No,No,Commercial,INVALID,29510104500
1407,38.62499,-90.28548,No,No,2,0,No,2,Yes,Yes,0,0,No,No,1,No,Yes,2,No,No,No,Residential,low,29510104500
1408,38.6262,-90.28551,Ample,No,2,0,Yes,2,Yes,Yes,1,0,No,No,1,No,Yes,2,No,No,No,Residential,medium,29510104500
1409,38.62778,-90.28547,Ample,No,2,0,Yes,2,Yes,Yes,1,0,No,No,1,No,Yes,2,No,No,No,Residential,high,29510104500
140,38.58751,-90.30994,Ample,No,2,0,Yes,2,Yes,Yes,1,1,No,No,1,No,Yes,2,No,No,Yes,Residential,medium,29510103100
1410,38.62898,-90.2853,Ample,No,2,0,Yes,2,Yes,Yes,1,1,No,No,1,No,Yes,2,No,No,No,Residential,medium,29510104500
1411,38.6303,-90.28507,Ample,No,2,0,Yes,2,Yes,Yes,1,1,No,No,1,No,Yes,2,No,No,No,Residential,high,29510104500
1412,38.63176,-90.2855,Ample,No,0,0,No,2,Yes,Yes,1,1,No,No,2,No,Yes,2,No,No,No,Commercial,high,29510112100
1413,38.63301,-90.2855,Ample,No,0,0,Yes,2,Yes,Yes,1,1,No,No,1,Yes,Yes,2,No,No,No,Residential,high,29510112100
1414,38.63438,-90.28523,Some,No,0,0,Yes,2,Yes,Yes,0,0,No,No,2,Yes,Yes,2,No,Yes,No,Residential,high,29510112100
1415,38.63564,-90.28467,Ample,No,0,0,Yes,2,Yes,Yes,1,1,Yes,No,1,Yes,Yes,2,No,No,No,Residential,high,29510112100
1416,38.63715,-90.28524,Ample,No,2,0,Yes,2,Yes,Yes,1,1,No,No,2,Yes,Yes,2,No,No,Yes,Residential,medium,29510112100
1417,38.63841,-90.28526,Ample,No,2,0,Yes,2,Yes,Yes,0,0,No,Yes,2,Yes,Yes,2,No,No,Yes,Residential,high,29510112100
1418,38.63991,-90.28509,Some,No,0,0,Yes,2,Yes,Yes,0,0,No,No,1,Yes,No,2,No,Yes,No,Commercial,medium,29510112100
1419,38.64089,-90.28545,Ample,No,2,0,Yes,2,No,Yes,0,0,No,No,2,Yes,Yes,2,No,No,Yes,Residential,medium,29510112100
141,38.58866,-90.3098,Ample,No,2,0,No,2,Yes,Yes,1,0,No,No,1,No,Yes,2,No,No,No,Residential,high,29510103100
1420,38.64313,-90.28554,Ample,No,2,0,Yes,2,Yes,Yes,1,1,Yes,No,1,Yes,Yes,2,No,Yes,No,Residential,medium,29510112100
1421,38.64382,-90.2855,Ample,No,0,0,Yes,2,No,Yes,1,1,No,No,1,Yes,Yes,2,No,No,No,Residential,medium,29510112100
1422,38.64508,-90.28577,Ample,No,2,0,Yes,2,Yes,Yes,1,0,No,No,1,Yes,Yes,2,No,No,No,Commercial,high,29510112100
1423,38.64649,-90.28549,Ample,No,0,1,Yes,2,Yes,Yes,1,1,Yes,Yes,2,Yes,Yes,2,No,No,No,Residential,high,29510105200
1424,38.64789,-90.2854,Ample,No,2,1,Yes,2,Yes,Yes,1,1,Yes,No,2,Yes,Yes,2,No,No,No,Residential,low,29510105200
1425,38.64921,-90.28544,Ample,No,2,0,Yes,2,Yes,Yes,1,1,No,No,1,No,Yes,2,No,No,No,Commercial,medium,29510105200
1426,38.65055,-90.28535,Ample,No,2,0,No,2,Yes,Yes,1,1,No,No,1,No,Yes,2,No,No,No,Residential,medium,29510105200
1427,38.65166,-90.28554,Ample,No,2,0,Yes,2,Yes,Yes,1,1,No,No,1,No,Yes,2,No,No,No,Residential,medium,29510105200
1429,38.65464,-90.28544,Ample,Yes,2,0,Yes,2,Yes,Yes,1,1,No,No,1,No,Yes,2,No,No,No,Residential,high,29510105300
142,38.58999,-90.30969,Ample,No,2,0,Yes,2,Yes,Yes,1,1,No,No,1,No,Yes,2,No,No,No,Residential,high,29510103100
1430,38.65584,-90.28555,Some,No,2,0,Yes,2,Yes,Yes,0,0,No,No,1,No,Yes,2,No,No,No,Residential,high,29510105300
1431,38.65762,-90.2854,Ample,No,2,0,Yes,2,Yes,Yes,1,1,No,No,1,No,Yes,2,No,No,No,Residential,high,29510105300
1432,38.65882,-90.28544,Ample,No,2,0,Yes,2,Yes,Yes,1,1,No,No,1,Yes,Yes,2,No,No,Yes,Residential,high,29510105500
1433,38.65999,-90.28548,Ample,No,2,0,Yes,2,Yes,Yes,1,1,No,No,1,No,Yes,2,No,No,No,Residential,low,29510105500
1434,38.66139,-90.28546,Ample,No,2,0,Yes,2,No,Yes,0,0,No,No,2,No,Yes,2,No,No,Yes,Residential,medium,29510105500
1435,38.66269,-90.28543,Ample,No,2,0,Yes,2,Yes,Yes,1,1,No,No,1,No,Yes,2,No,No,No,Residential,medium,29510105400
1436,38.66413,-90.28557,Ample,No,2,0,Yes,2,No,Yes,1,1,Yes,No,2,No,Yes,2,No,No,Yes,Residential,high,29510105400
1437,38.66593,-90.2851,Ample,No,2,0,Yes,2,Yes,Yes,1,1,No,No,1,No,Yes,2,No,No,No,Residential,medium,29510105400
1438,38.66634,-90.28585,Ample,No,2,0,Yes,2,Yes,Yes,1,1,No,No,1,No,Yes,2,No,No,No,Residential,high,29510105400
1439,38.66809,-90.28541,Ample,No,2,0,Yes,2,Yes,Yes,1,1,No,No,1,No,Yes,2,No,No,No,Residential,high,29510106100
143,38.59126,-90.30979,Ample,No,2,0,Yes,2,Yes,Yes,1,0,Yes,Yes,1,No,Yes,2,No,No,No,Residential,high,29510103100
1440,38.66938,-90.28545,Ample,No,0,0,Yes,2,Yes,Yes,1,1,No,No,1,No,Yes,2,No,No,No,Residential,high,29510106100
1441,38.67083,-90.28546,Ample,No,2,0,Yes,2,Yes,Yes,1,1,No,No,1,No,Yes,2,No,No,No,Residential,high,29510106100
1442,38.67187,-90.28573,Ample,No,2,0,Yes,2,Yes,Yes,1,1,No,No,1,No,Yes,2,No,No,No,Residential,high,29510106100
1443,38.67353,-90.28545,Ample,No,2,0,Yes,2,Yes,Yes,1,1,No,Yes,1,No,Yes,2,No,No,No,Residential,high,29510106100
1444,38.67478,-90.28553,Ample,No,0,0,Yes,2,Yes,Yes,1,1,No,No,1,No,Yes,2,No,No,No,Residential,high,29510106100
1445,38.67636,-90.2858,Ample,No,2,0,Yes,2,Yes,Yes,1,1,No,No,1,Yes,Yes,2,No,No,No,Residential,high,
1446,38.5549,-90.28425,Ample,No,2,0,Yes,2,Yes,Yes,1,0,No,No,1,No,Yes,2,No,No,No,Residential,high,29510101100
1447,38.55627,-90.28403,Ample,No,2,0,Yes,2,Yes,Yes,1,1,No,No,1,No,Yes,2,No,No,No,Residential,high,29510101100
1448,38.55737,-90.28376,Ample,No,2,0,Yes,2,Yes,Yes,1,1,No,No,1,No,Yes,2,No,No,No,Residential,medium,29510101100
1449,38.55906,-90.284,Ample,No,2,0,Yes,2,Yes,Yes,1,1,No,No,1,Yes,Yes,2,No,No,No,Residential,high,29510102300
144,38.59264,-90.30954,Ample,No,2,0,Yes,2,Yes,Yes,1,0,No,No,1,No,Yes,2,No,No,No,Residential,high,29510103100
1450,38.55949,-90.2832,Ample,No,2,0,No,2,Yes,Yes,1,1,No,No,2,Yes,Yes,2,No,No,Yes,Residential,high,29510101100
1451,38.56192,-90.28383,Ample,No,2,0,Yes,2,Yes,Yes,1,1,No,No,1,No,Yes,2,No,No,No,Residential,medium,29510102300
1452,38.56295,-90.28399,Ample,No,2,0,Yes,2,Yes,Yes,1,1,No,No,1,No,Yes,2,No,No,No,Residential,high,29510102300
1455,38.56728,-90.28432,Ample,No,0,0,Yes,2,No,Yes,1,1,No,No,2,Yes,Yes,2,No,No,No,Residential,high,29510102300
1456,38.56834,-90.28417,Some,Yes,2,0,Yes,2,Yes,Yes,1,1,No,No,1,No,Yes,2,No,No,No,Residential,high,29510102500
1457,38.56988,-90.28405,No,No,2,0,Yes,2,Yes,Yes,1,1,No,No,1,No,Yes,2,No,No,No,Residential,medium,29510102500
1458,38.57105,-90.28409,Ample,No,2,0,Yes,2,Yes,Yes,1,1,No,No,1,No,Yes,2,No,No,No,Commercial,high,29510102200
1459,38.57245,-90.28415,Ample,No,2,0,Yes,2,Yes,Yes,1,1,Yes,Yes,1,No,Yes,2,No,No,Yes,Residential,medium,29510102200
145,38.59397,-90.30988,Some,No,2,0,Yes,2,Yes,Yes,1,1,No,No,1,No,Yes,2,No,No,No,Residential,INVALID,29510103800
1460,38.57384,-90.28388,Ample,No,2,0,Yes,2,No,Yes,1,1,No,No,1,No,Yes,2,No,No,No,Residential,medium,29510102400
1461,38.57509,-90.28415,Ample,No,2,0,Yes,2,Yes,Yes,1,0,No,No,2,No,Yes,2,No,No,No,Residential,high,29510102200
1462,38.57656,-90.28411,Ample,No,2,0,Yes,2,Yes,Yes,1,1,No,No,1,No,Yes,2,No,No,No,Residential,INVALID,29510102200
1463,38.57802,-90.28407,Ample,No,2,0,Yes,2,Yes,Yes,1,1,Yes,No,1,No,Yes,2,No,No,Yes,Residential,medium,29510102200
1464,38.57932,-90.28409,Ample,No,2,0,Yes,2,No,Yes,1,0,No,No,1,No,Yes,2,No,No,No,Residential,high,29510102200
1465,38.58065,-90.28413,Ample,No,2,0,Yes,2,Yes,Yes,1,0,No,No,1,No,Yes,2,No,No,No,Residential,high,29510102200
1466,38.58193,-90.28406,Ample,No,2,0,Yes,2,Yes,Yes,1,1,No,No,1,No,Yes,2,No,No,No,Residential,high,29510114300
1467,38.58329,-90.28413,Ample,No,2,0,Yes,2,Yes,Yes,1,0,No,No,1,No,Yes,2,No,No,No,Residential,medium,29510114300
1468,38.58464,-90.28407,Some,No,2,0,Yes,2,Yes,Yes,1,1,No,No,1,No,Yes,2,No,No,No,Residential,high,29510114300
1469,38.58598,-90.28405,Ample,No,2,0,Yes,2,Yes,Yes,1,1,No,No,1,No,Yes,2,No,No,No,Residential,high,29510114300
146,38.59538,-90.30969,Ample,No,2,0,Yes,2,Yes,Yes,1,1,No,No,1,No,Yes,2,No,No,No,Residential,high,29510103800
1470,38.58721,-90.28421,Ample,No,2,0,Yes,2,Yes,Yes,1,1,No,No,1,No,Yes,2,No,Yes,No,Residential,high,29510114300
1471,38.5887,-90.28412,Ample,No,2,1,Yes,2,Yes,Yes,1,0,Yes,No,1,Yes,Yes,2,No,No,No,Residential,medium,29510114300
1472,38.58988,-90.28374,Ample,Yes,2,0,Yes,2,Yes,Yes,1,0,No,No,1,No,Yes,2,No,No,No,Residential,high,29510114300
1473,38.59141,-90.2841,Ample,No,2,0,Yes,2,Yes,Yes,1,0,No,No,1,No,Yes,2,No,No,No,Residential,high,29510114101
1474,38.59283,-90.28404,Some,No,2,0,Yes,2,No,Yes,1,0,No,No,1,No,Yes,2,No,No,No,Residential,low,29510114101
1475,38.59411,-90.28409,Ample,No,2,0,Yes,2,Yes,Yes,1,0,No,No,1,No,Yes,2,No,No,No,Residential,high,29510114101
1476,38.59537,-90.2841,No,No,2,0,Yes,2,No,Yes,1,1,No,No,1,No,Yes,2,No,No,No,Residential,high,29510114101
1477,38.59673,-90.28415,Ample,No,2,0,Yes,2,Yes,Yes,1,0,No,No,1,No,Yes,2,No,No,No,Residential,high,29510114200
1478,38.59802,-90.28417,Ample,No,2,0,Yes,2,Yes,Yes,1,1,No,No,1,No,Yes,2,No,No,No,Residential,high,29510114200
1479,38.59923,-90.28367,Ample,No,2,0,Yes,2,Yes,Yes,1,1,No,No,1,No,Yes,2,No,No,No,Residential,high,29510114200
147,38.59666,-90.30991,Ample,No,2,0,Yes,2,Yes,Yes,1,1,No,No,1,No,Yes,2,No,Yes,No,Residential,high,29510103800
1480,38.60073,-90.28446,Ample,Yes,2,0,Yes,2,No,Yes,1,1,No,No,1,No,Yes,2,No,No,No,Residential,medium,29510114200
1481,38.60203,-90.28421,Ample,No,2,0,Yes,2,Yes,Yes,1,0,No,No,1,No,Yes,2,No,No,No,Residential,high,29510127200
1482,38.60336,-90.28395,Ample,No,2,0,Yes,2,Yes,Yes,1,1,No,No,1,No,Yes,2,No,No,No,Residential,high,29510127200
1483,38.6048,-90.2841,Ample,No,2,0,Yes,2,Yes,Yes,1,1,No,No,1,No,Yes,2,No,No,No,Residential,high,29510127200
1484,38.60604,-90.28391,Ample,No,2,0,Yes,2,Yes,Yes,1,1,No,No,1,No,Yes,2,No,No,No,Residential,high,29510127200
1485,38.6074,-90.28414,Ample,No,2,0,Yes,2,Yes,Yes,1,1,Yes,No,1,Yes,Yes,2,No,No,Yes,Residential,low,29510127200
1486,38.60874,-90.28386,Ample,No,2,0,Yes,2,Yes,Yes,1,1,No,No,1,No,Yes,2,No,No,No,Residential,medium,29510127200
1487,38.61015,-90.28426,Some,No,2,0,Yes,2,No,Yes,0,0,No,No,1,No,Yes,2,No,No,No,Residential,high,29510127200
1488,38.61151,-90.28399,Ample,No,2,0,Yes,2,Yes,Yes,0,0,No,No,1,No,Yes,2,No,No,No,Residential,high,29510127200
1489,38.61278,-90.28369,Ample,No,2,0,Yes,2,Yes,Yes,1,1,No,No,1,No,Yes,2,No,No,No,Residential,high,29510113500
148,38.59798,-90.30967,Ample,No,2,0,Yes,2,Yes,Yes,1,1,No,No,1,No,Yes,2,No,No,No,Residential,high,29510103800
1491,38.61582,-90.28493,Ample,No,2,0,Yes,2,Yes,Yes,1,1,No,No,1,No,Yes,2,No,No,Yes,Commercial,medium,29510103600
1492,38.6173,-90.2841,Ample,No,2,0,Yes,2,Yes,Yes,1,1,No,No,1,No,Yes,2,No,No,No,Commercial,low,29510103600
1494,38.61914,-90.28409,Ample,No,2,0,No,2,Yes,Yes,1,0,No,No,1,No,Yes,2,No,No,No,Commercial,high,29510103600
1497,38.6236,-90.28403,Ample,No,2,0,Yes,2,Yes,Yes,1,0,No,No,1,No,Yes,2,No,No,No,Commercial,INVALID,29510104500
1498,38.62499,-90.2841,Ample,No,2,0,Yes,2,Yes,Yes,1,0,No,No,1,No,Yes,2,No,No,No,Residential,high,29510104500
1499,38.62633,-90.2839,Ample,No,2,0,Yes,2,Yes,Yes,1,1,No,No,1,No,Yes,2,No,No,No,Residential,high,29510104500
149,38.59948,-90.30974,Ample,No,2,0,Yes,2,Yes,Yes,1,0,No,No,1,No,Yes,2,No,No,No,Residential,medium,29510103800
14,38.60072,-90.31792,Some,No,0,0,Yes,2,Yes,Yes,0,0,No,No,1,Yes,Yes,2,No,No,No,Residential,high,
1500,38.62764,-90.28414,Ample,No,2,0,Yes,2,Yes,Yes,1,0,No,No,1,No,Yes,2,No,No,No,Residential,high,29510104500
1501,38.62911,-90.2841,Ample,No,2,0,Yes,2,Yes,Yes,1,1,No,No,1,No,Yes,2,No,No,No,Residential,medium,29510104500
1502,38.6306,-90.2841,Ample,No,0,1,Yes,2,Yes,Yes,1,1,No,Yes,1,No,Yes,2,No,No,No,Residential,high,29510104500
1503,38.63163,-90.28416,Ample,No,0,0,Yes,2,Yes,Yes,1,1,No,No,2,No,Yes,2,No,No,No,Commercial,high,29510112100
1504,38.63288,-90.28407,Ample,No,0,0,Yes,2,No,Yes,0,0,No,No,2,Yes,Yes,2,No,No,No,Residential,medium,29510112100
1506,38.63557,-90.28432,Some,No,0,0,Yes,2,No,Yes,1,1,No,Yes,2,Yes,Yes,2,No,No,No,Residential,medium,29510112100
1507,38.6371,-90.28396,Ample,No,0,0,Yes,2,Yes,Yes,1,0,No,No,1,Yes,Yes,2,No,No,No,Residential,high,29510112100
1508,38.6383,-90.28424,No,No,0,0,Yes,2,Yes,Yes,1,1,No,No,1,Yes,Yes,2,No,Yes,No,Residential,high,29510112100
1509,38.63967,-90.28401,Ample,No,0,0,Yes,2,Yes,Yes,1,1,No,No,1,Yes,Yes,2,No,No,No,Residential,medium,29510112100
150,38.60057,-90.30971,Ample,No,2,0,Yes,2,Yes,Yes,1,0,No,No,1,No,Yes,2,No,No,No,Residential,medium,29510103800
1510,38.64123,-90.28438,Ample,No,0,0,Yes,2,Yes,Yes,0,0,No,No,2,Yes,Yes,2,No,No,Yes,Residential,high,29510112100
1511,38.64249,-90.28398,Ample,No,2,0,Yes,2,Yes,Yes,0,0,No,No,2,Yes,Yes,2,No,No,Yes,Residential,high,29510112100
1512,38.64384,-90.28416,Ample,No,2,0,No,2,Yes,Yes,0,0,No,No,1,Yes,Yes,2,No,No,No,Residential,high,29510112100
1513,38.64513,-90.28424,Ample,No,0,0,Yes,2,Yes,Yes,1,0,No,No,1,Yes,Yes,2,No,Yes,No,Residential,high,29510112100
1514,38.64595,-90.28413,Ample,No,0,0,Yes,2,Yes,Yes,1,1,No,No,1,Yes,Yes,2,No,No,No,Residential,high,29510112100
1515,38.64759,-90.28414,Ample,No,0,0,Yes,2,Yes,Yes,1,0,No,No,2,No,Yes,2,No,No,No,Residential,low,29510112100
1516,38.64916,-90.28416,Some,No,2,0,Yes,2,No,Yes,1,1,No,No,1,No,Yes,2,No,No,No,Residential,high,29510105200
1517,38.65117,-90.28403,Ample,No,2,0,Yes,2,Yes,Yes,1,1,No,No,1,No,Yes,2,No,No,No,Residential,high,29510105200
1518,38.65183,-90.28357,Ample,No,2,0,Yes,2,Yes,Yes,0,0,No,No,1,No,Yes,2,No,No,No,Residential,low,29510105200
1519,38.65315,-90.28422,Ample,No,2,0,Yes,2,Yes,Yes,1,1,No,No,2,No,Yes,2,No,No,Yes,Commercial,medium,29510105200
151,38.60218,-90.30975,Ample,No,2,0,Yes,2,No,Yes,0,0,No,No,2,No,Yes,2,No,No,No,Residential,high,29510103800
1520,38.65506,-90.28365,Ample,No,0,0,Yes,2,Yes,Yes,1,1,Yes,No,1,Yes,Yes,2,No,No,Yes,Residential,medium,29510105300
1521,38.65571,-90.28419,Ample,No,2,0,Yes,2,Yes,Yes,1,0,No,No,1,Yes,Yes,2,No,No,No,Residential,high,29510105300
1522,38.65749,-90.28413,Ample,No,2,0,Yes,2,Yes,Yes,1,1,No,No,1,Yes,Yes,2,No,No,No,Residential,medium,29510105300
1523,38.65869,-90.28414,Ample,No,0,0,Yes,2,Yes,Yes,1,1,No,No,1,Yes,Yes,2,No,No,No,Residential,high,29510105500
1524,38.65986,-90.28413,Ample,No,2,0,Yes,2,Yes,Yes,1,1,No,No,1,No,Yes,2,No,No,No,Residential,medium,29510105500
1525,38.66126,-90.28411,Ample,No,0,0,No,2,No,Yes,0,0,No,No,1,No,Yes,2,No,No,No,Residential,high,29510105500
1526,38.66281,-90.28408,Ample,No,2,0,Yes,2,Yes,Yes,1,0,No,No,1,No,Yes,2,No,No,No,Residential,high,29510105500
1527,38.66388,-90.28421,Ample,No,2,0,Yes,2,Yes,Yes,1,1,No,No,1,No,Yes,2,No,No,No,Residential,high,29510105500
1528,38.66544,-90.28419,Ample,No,2,0,Yes,2,Yes,Yes,1,0,Yes,Yes,1,No,Yes,2,No,No,Yes,Residential,medium,29510105500
1529,38.66717,-90.2837,Ample,No,2,0,Yes,2,Yes,Yes,1,1,No,No,1,No,Yes,2,No,No,No,Residential,high,29510106100
152,38.60325,-90.30973,No,No,2,0,Yes,2,No,Yes,0,0,No,No,2,No,Yes,2,No,No,No,Residential,high,29510103800
1530,38.66796,-90.28394,Ample,No,2,0,Yes,2,Yes,Yes,1,0,No,No,1,No,Yes,2,No,No,No,Residential,medium,29510106100
1531,38.66929,-90.2843,Ample,No,2,0,Yes,2,Yes,Yes,1,1,No,No,1,Yes,Yes,2,No,No,No,Residential,medium,29510106100
1532,38.6709,-90.2843,Ample,No,2,0,Yes,2,Yes,Yes,1,1,No,Yes,1,No,Yes,2,No,No,No,Residential,high,29510106100
1533,38.67193,-90.28435,Some,No,0,0,Yes,2,No,Yes,1,1,No,No,2,No,Yes,2,No,Yes,No,Residential,high,29510106100
1534,38.6728,-90.28408,Ample,No,0,0,Yes,2,Yes,Yes,1,1,No,No,1,No,Yes,2,No,No,No,Residential,high,29510106100
1535,38.67468,-90.28424,Ample,No,2,0,Yes,2,Yes,Yes,1,1,No,No,1,Yes,Yes,2,No,No,No,Residential,high,29510106200
1536,38.67626,-90.28446,Ample,No,2,0,Yes,2,Yes,Yes,1,0,No,No,1,No,Yes,2,No,No,No,Residential,high,29510106200
1537,38.67759,-90.28414,Ample,No,0,0,Yes,2,No,Yes,1,1,No,No,1,No,Yes,2,No,No,No,Residential,high,29510106200
1538,38.55342,-90.28283,Ample,No,2,0,Yes,2,Yes,Yes,1,1,No,No,1,No,Yes,2,No,No,No,Residential,medium,29510101100
1539,38.55456,-90.28302,Ample,No,2,0,Yes,2,Yes,Yes,1,1,No,No,1,No,Yes,2,No,Yes,No,Residential,medium,29510101100
153,38.60451,-90.30948,Ample,No,0,0,No,2,Yes,Yes,1,0,No,No,1,No,Yes,2,No,No,No,Commercial,low,29510126800
1540,38.55634,-90.28268,Ample,No,2,0,Yes,2,Yes,Yes,1,1,No,No,1,No,Yes,2,No,No,No,Residential,high,29510101100
1541,38.55755,-90.28281,Ample,No,2,0,Yes,2,Yes,Yes,1,1,No,No,1,No,Yes,2,No,No,No,Residential,high,29510101100
1542,38.55884,-90.28296,Ample,No,2,0,Yes,2,Yes,Yes,1,0,No,No,1,No,Yes,2,No,No,No,Residential,high,29510101100
1543,38.56026,-90.28279,Ample,No,2,0,Yes,2,Yes,Yes,1,1,Yes,No,1,No,Yes,2,No,No,No,Residential,high,29510102300
1544,38.56143,-90.283,Ample,No,2,0,Yes,2,No,Yes,1,1,No,No,1,No,Yes,2,No,No,No,Residential,high,29510102300
1545,38.56317,-90.28256,Ample,No,2,0,Yes,2,Yes,Yes,1,1,No,No,1,No,Yes,2,No,No,No,Residential,medium,29510102300
1546,38.56403,-90.28241,Ample,No,2,0,Yes,2,Yes,Yes,1,1,No,No,1,No,Yes,2,No,No,No,Residential,medium,29510102300
1549,38.56856,-90.28265,Ample,No,2,0,Yes,2,Yes,Yes,1,0,No,No,1,No,Yes,2,No,No,No,Residential,medium,29510102500
1550,38.56968,-90.28277,Ample,No,2,0,Yes,2,Yes,Yes,1,1,No,No,1,No,Yes,2,No,No,No,Residential,high,29510102500
1551,38.57123,-90.28256,Ample,No,2,0,Yes,2,Yes,Yes,1,1,No,No,1,Yes,Yes,2,No,No,No,Residential,high,29510102500
1552,38.57248,-90.28275,Ample,No,2,0,Yes,2,Yes,Yes,1,1,No,No,1,Yes,Yes,2,No,No,No,Residential,medium,29510102400
1553,38.5736,-90.28301,Ample,No,2,0,Yes,2,Yes,Yes,1,1,No,No,1,No,Yes,2,No,No,No,Residential,medium,29510102400
1554,38.57516,-90.28267,Ample,No,2,0,Yes,2,Yes,Yes,1,1,No,No,1,No,Yes,2,No,No,No,Residential,high,29510102400
1555,38.57644,-90.28285,Ample,No,2,0,Yes,2,Yes,Yes,1,1,No,No,1,No,Yes,2,No,No,No,Residential,high,29510102400
1556,38.57788,-90.28282,Ample,No,2,0,Yes,2,Yes,Yes,1,1,Yes,Yes,1,No,Yes,2,No,No,No,Residential,medium,29510102200
1557,38.57918,-90.28274,No,No,2,0,No,2,No,Yes,0,0,No,No,1,No,Yes,2,No,No,No,Residential,high,29510102200
1558,38.5805,-90.2828,Ample,No,2,0,Yes,2,Yes,Yes,1,0,Yes,Yes,1,No,Yes,2,No,No,Yes,Residential,high,29510102200
1559,38.5818,-90.28282,Ample,No,0,0,Yes,2,No,Yes,0,0,No,No,1,No,Yes,2,No,No,No,Residential,high,29510114300
1560,38.58314,-90.28277,Ample,No,2,0,Yes,2,Yes,Yes,1,0,No,No,1,No,Yes,2,No,No,No,Residential,medium,29510114300
1561,38.5845,-90.28282,Some,No,2,0,Yes,2,Yes,Yes,1,1,No,No,1,No,Yes,2,No,No,No,Residential,high,29510114300
1562,38.58585,-90.2828,Ample,No,2,0,Yes,2,Yes,Yes,1,0,No,No,1,No,Yes,2,No,No,No,Residential,high,29510114300
1563,38.58719,-90.28276,Ample,No,2,0,Yes,2,No,Yes,1,0,No,No,1,No,Yes,2,No,No,No,Residential,low,29510114300
1564,38.58856,-90.28279,Ample,No,2,0,Yes,2,Yes,Yes,1,0,No,No,1,No,Yes,2,No,No,No,Residential,high,29510114300
1565,38.5899,-90.28274,Some,No,2,0,Yes,2,No,Yes,1,1,No,No,1,No,Yes,2,No,No,No,Residential,INVALID,29510114300
1566,38.59125,-90.2828,Ample,No,2,0,Yes,2,Yes,Yes,1,0,No,No,1,No,Yes,2,No,No,No,Residential,high,29510114101
1567,38.59269,-90.2828,Ample,No,2,0,Yes,2,Yes,Yes,0,0,No,No,1,No,Yes,2,No,No,No,Residential,medium,29510114101
1568,38.59397,-90.28274,Ample,No,2,0,Yes,2,Yes,Yes,1,1,No,No,1,No,Yes,2,No,No,No,Residential,high,29510114101
1569,38.59524,-90.28282,Some,No,2,0,Yes,2,Yes,Yes,1,1,No,No,1,No,Yes,2,No,No,No,Residential,high,29510114101
156,38.60892,-90.31111,Ample,No,0,0,Yes,2,Yes,Yes,1,1,No,No,1,Yes,Yes,2,No,No,No,Residential,high,29510126800
1570,38.5967,-90.28293,Ample,No,2,0,Yes,2,Yes,Yes,1,1,No,No,1,No,Yes,2,No,No,No,Residential,high,29510114200
1571,38.59802,-90.28267,Ample,No,2,0,Yes,2,Yes,Yes,1,1,No,No,1,No,Yes,2,No,No,No,Residential,high,29510114200
1572,38.59929,-90.28243,Some,No,2,0,Yes,2,Yes,Yes,0,0,No,No,1,No,Yes,2,No,No,No,Residential,low,29510114200
1573,38.60077,-90.28309,No,No,2,0,No,2,Yes,Yes,0,0,No,No,1,No,Yes,2,No,Yes,No,Commercial,high,29510114200
1574,38.60223,-90.28278,Ample,No,2,0,Yes,2,Yes,Yes,1,1,No,No,1,No,Yes,2,No,No,Yes,Residential,high,29510127200
1575,38.60375,-90.28272,Ample,No,2,0,Yes,2,Yes,Yes,1,1,No,No,1,No,Yes,2,No,No,No,Residential,low,29510127200
1576,38.60445,-90.28154,Ample,No,2,0,Yes,2,Yes,Yes,1,0,No,No,1,No,Yes,2,No,No,No,Residential,high,29510127200
1577,38.60614,-90.28307,Ample,No,2,0,Yes,2,Yes,Yes,1,1,No,No,1,No,Yes,2,No,No,No,Residential,medium,29510127200
1578,38.60635,-90.28263,Ample,No,2,0,Yes,2,Yes,Yes,1,0,No,No,1,Yes,Yes,2,No,No,No,Residential,medium,29510127200
1579,38.60906,-90.28276,Ample,No,2,0,Yes,2,Yes,Yes,1,0,No,No,1,No,Yes,2,No,No,No,Residential,high,29510127200
157,38.61023,-90.30959,Ample,No,0,0,Yes,2,Yes,Yes,1,1,No,No,1,Yes,Yes,2,No,No,No,Residential,medium,29510126800
1580,38.60997,-90.28286,Ample,No,2,0,Yes,2,Yes,Yes,1,1,No,No,1,No,Yes,2,No,No,No,Residential,medium,29510127200
1581,38.6113,-90.28286,No,No,2,0,Yes,2,Yes,Yes,1,0,No,No,1,No,Yes,2,No,No,No,Residential,low,29510127200
1582,38.61266,-90.28281,Ample,No,2,0,Yes,2,Yes,Yes,1,1,No,No,1,No,Yes,2,No,No,No,Residential,high,29510113500
1583,38.61426,-90.28279,Ample,No,2,0,Yes,2,Yes,Yes,1,1,No,No,1,No,Yes,2,No,No,No,Residential,high,29510113500
1584,38.61556,-90.28255,Some,No,2,0,Yes,2,Yes,Yes,1,1,No,No,1,No,Yes,2,No,No,No,Residential,high,29510113500
1585,38.61685,-90.28292,Ample,No,2,0,Yes,2,Yes,Yes,1,1,No,No,1,No,Yes,2,No,No,No,Residential,high,29510113500
1586,38.61719,-90.283,Ample,No,2,0,Yes,2,Yes,Yes,1,1,Yes,No,1,No,Yes,2,No,No,Yes,Commercial,high,29510103600
1587,38.61922,-90.28277,Ample,No,2,0,No,2,Yes,Yes,1,0,No,No,1,No,Yes,2,No,No,No,Commercial,high,29510103600
1589,38.62168,-90.2829,Ample,No,0,0,No,2,No,Yes,1,1,No,No,2,No,Yes,2,No,No,No,Commercial,low,29510103600
158,38.61154,-90.30976,Ample,No,0,0,Yes,2,Yes,Yes,1,0,No,No,1,No,Yes,2,No,No,No,Residential,high,29510126800
1591,38.62494,-90.28277,Ample,No,2,0,Yes,2,No,Yes,1,1,No,No,2,No,Yes,2,No,No,No,Residential,low,29510104500
1592,38.62589,-90.28284,Ample,No,2,0,Yes,2,Yes,Yes,1,1,No,No,1,No,Yes,2,No,No,No,Residential,INVALID,29510104500
1593,38.62748,-90.28284,Ample,No,2,0,Yes,2,Yes,Yes,1,1,No,No,1,No,Yes,2,No,No,Yes,Residential,high,29510104500
1594,38.62883,-90.28279,Ample,No,2,0,Yes,2,Yes,Yes,1,1,Yes,Yes,2,No,Yes,2,No,No,Yes,Residential,high,29510104500
1595,38.63038,-90.28281,Ample,No,2,0,Yes,2,Yes,Yes,1,1,Yes,No,1,No,Yes,2,No,No,No,Residential,high,29510104500
1596,38.63146,-90.28291,Ample,No,0,0,Yes,2,Yes,Yes,1,1,No,No,2,No,Yes,2,No,No,No,Commercial,INVALID,29510112100
1597,38.63321,-90.28277,Ample,No,0,0,Yes,2,Yes,Yes,0,0,No,No,2,Yes,Yes,2,No,No,No,Residential,medium,29510112100
1598,38.63451,-90.283,Ample,No,0,0,No,2,Yes,Yes,1,0,No,No,1,Yes,Yes,2,No,No,No,Residential,high,29510112100
1599,38.63575,-90.28249,Ample,No,0,0,No,2,Yes,Yes,1,1,No,No,1,Yes,Yes,2,No,No,No,Residential,high,29510112100
159,38.61299,-90.30969,Ample,No,2,0,Yes,2,Yes,Yes,1,1,No,No,1,No,Yes,2,No,No,Yes,Residential,low,29510126800
15,38.58586,-90.31646,Ample,No,2,0,No,2,Yes,Yes,1,1,Yes,No,1,No,Yes,2,No,No,Yes,Commercial,medium,29510103100
1600,38.63679,-90.28297,No,No,0,0,Yes,2,No,Yes,1,1,No,No,2,Yes,Yes,2,No,Yes,No,Residential,high,29510112100
1601,38.63853,-90.28258,Ample,No,0,0,Yes,2,Yes,Yes,1,0,No,No,1,Yes,Yes,2,No,No,No,Residential,high,29510112100
1602,38.63981,-90.28269,Ample,No,2,0,Yes,2,No,Yes,0,0,No,No,2,Yes,Yes,2,No,No,No,Residential,high,29510112100
1603,38.64115,-90.28277,Ample,No,0,0,Yes,2,Yes,Yes,1,1,No,No,1,Yes,Yes,2,No,No,No,Residential,high,29510112100
1604,38.64248,-90.28269,Ample,No,2,0,Yes,2,Yes,Yes,1,1,No,Yes,1,Yes,Yes,2,No,No,No,Residential,medium,29510112100
1605,38.64373,-90.28272,Ample,No,0,0,Yes,2,Yes,Yes,1,1,No,No,1,Yes,Yes,2,No,No,No,Residential,medium,29510112100
1606,38.64545,-90.28283,Ample,No,0,0,Yes,2,Yes,Yes,0,0,No,No,1,Yes,Yes,2,No,No,Yes,Residential,medium,29510112100
1607,38.64584,-90.28301,Ample,No,0,0,Yes,2,Yes,Yes,1,0,Yes,No,1,Yes,Yes,2,No,No,No,Residential,medium,29510112100
1608,38.64746,-90.28279,Ample,No,0,0,Yes,2,Yes,Yes,1,1,No,No,2,No,Yes,2,No,No,No,Residential,high,29510112100
1609,38.64925,-90.28283,Ample,No,2,0,Yes,2,Yes,Yes,1,1,No,No,1,Yes,Yes,2,No,No,No,Residential,high,29510105200
160,38.61457,-90.30921,Ample,No,2,0,Yes,2,Yes,Yes,1,1,No,No,2,No,Yes,2,No,No,Yes,Residential,high,29510126800
1610,38.65058,-90.28261,Some,No,2,0,Yes,2,Yes,Yes,1,1,No,No,1,No,Yes,2,No,No,No,Residential,high,29510112100
1611,38.65184,-90.2824,Ample,No,2,0,Yes,2,Yes,Yes,1,1,No,No,1,No,Yes,2,No,No,Yes,Residential,medium,29510105200
1612,38.65314,-90.28219,Ample,No,2,0,Yes,2,Yes,Yes,1,1,No,No,1,No,Yes,2,No,No,Yes,Residential,medium,29510105200
1613,38.65497,-90.2827,Ample,No,2,0,Yes,2,Yes,Yes,1,1,No,No,1,No,Yes,2,No,No,No,Residential,medium,29510105300
1614,38.65617,-90.28272,Ample,No,2,0,Yes,2,Yes,Yes,1,0,No,No,1,No,Yes,2,No,No,No,Residential,high,29510105300
1615,38.65736,-90.2828,Ample,No,2,0,Yes,2,Yes,Yes,1,0,No,No,1,Yes,Yes,2,No,No,No,Residential,high,29510105300
1616,38.65856,-90.28276,Ample,No,2,0,Yes,2,Yes,Yes,1,0,No,No,1,Yes,Yes,2,No,No,No,Residential,high,29510105500
1617,38.66015,-90.28272,Some,No,2,0,Yes,2,No,Yes,0,0,No,No,2,No,Yes,2,No,No,No,Residential,high,29510105500
1618,38.66113,-90.28282,Ample,No,2,0,No,2,Yes,Yes,0,0,No,No,1,No,Yes,2,No,No,No,Residential,high,29510105500
1619,38.66269,-90.28278,Ample,No,2,0,Yes,2,Yes,Yes,1,0,No,No,1,No,Yes,2,No,No,No,Residential,high,29510105500
161,38.6155,-90.30972,Ample,No,2,0,No,2,No,Yes,1,1,No,No,1,No,Yes,2,No,No,No,Commercial,high,29510126800
1620,38.66405,-90.28277,Ample,No,2,0,Yes,2,Yes,Yes,1,1,No,No,1,No,Yes,2,No,No,No,Residential,medium,29510105500
1621,38.66546,-90.28294,Ample,No,2,0,Yes,2,Yes,Yes,1,0,No,No,1,No,Yes,2,No,No,No,Residential,high,29510105500
1622,38.66668,-90.28281,Ample,No,2,0,Yes,2,Yes,Yes,1,1,No,No,1,No,Yes,2,No,No,No,Residential,medium,29510105500
1623,38.66833,-90.28251,Ample,Yes,0,0,Yes,2,Yes,Yes,1,0,Yes,Yes,1,No,Yes,2,No,No,No,Residential,high,29510106100
1624,38.6694,-90.2828,Ample,No,2,0,Yes,2,Yes,Yes,1,1,No,No,1,No,Yes,2,No,No,No,Residential,high,29510106100
1625,38.67088,-90.28296,Ample,Yes,2,0,Yes,2,Yes,Yes,1,1,No,No,1,No,Yes,2,No,No,No,Residential,medium,29510106100
1626,38.67207,-90.28276,Some,No,2,0,Yes,2,No,Yes,1,1,No,No,1,No,Yes,2,No,No,No,Residential,high,29510106100
1627,38.6734,-90.28252,Ample,No,2,0,Yes,2,Yes,Yes,1,1,No,No,1,No,Yes,2,No,No,No,Residential,INVALID,29510106100
1628,38.67491,-90.28276,Ample,No,0,0,Yes,2,No,Yes,1,1,No,No,1,No,Yes,2,No,No,No,Residential,high,29510106200
1629,38.67598,-90.28294,Ample,No,2,0,Yes,2,Yes,Yes,1,0,No,No,1,No,Yes,2,No,No,No,Residential,high,29510106200
162,38.61697,-90.31018,Ample,No,2,0,Yes,2,Yes,Yes,1,1,No,No,1,No,Yes,2,No,No,No,Residential,medium,29510126800
1630,38.67772,-90.28259,Ample,No,2,0,Yes,2,No,Yes,1,1,No,No,1,No,Yes,2,No,No,No,Residential,high,29510106200
1631,38.67885,-90.28266,Ample,No,2,0,Yes,2,Yes,Yes,1,1,Yes,No,1,No,Yes,2,No,No,No,Residential,high,29510106200
1632,38.55281,-90.28171,Ample,No,2,0,Yes,2,Yes,Yes,1,1,No,No,1,No,Yes,2,No,No,No,Residential,medium,29510101100
1633,38.55514,-90.28102,Ample,No,2,0,Yes,2,Yes,Yes,1,1,No,No,1,No,Yes,2,No,No,No,Residential,high,29510101100
1634,38.55633,-90.2813,Ample,No,2,0,Yes,2,Yes,Yes,1,1,No,No,1,No,Yes,2,No,No,No,Residential,high,29510101100
1635,38.55766,-90.28142,Ample,No,2,0,Yes,2,Yes,Yes,1,0,No,No,1,Yes,Yes,2,No,No,No,Residential,high,29510101100
1636,38.55892,-90.28139,Ample,No,0,0,Yes,2,No,Yes,1,0,No,No,2,No,Yes,2,No,No,No,Residential,high,29510101200
1637,38.5604,-90.28114,Ample,No,2,0,Yes,2,Yes,Yes,1,0,No,No,1,No,Yes,2,No,No,No,Residential,medium,29510101200
1638,38.56158,-90.28153,Ample,No,2,0,Yes,2,Yes,Yes,1,1,No,No,1,No,Yes,2,No,No,Yes,Residential,high,29510102300
1639,38.5627,-90.28173,Ample,No,2,0,Yes,2,Yes,Yes,1,1,No,No,1,No,Yes,2,No,No,No,Residential,high,29510102300
163,38.61819,-90.30982,Ample,No,2,0,Yes,2,Yes,Yes,1,1,No,No,1,No,Yes,2,No,No,No,Residential,medium,29510126800
1640,38.56445,-90.28141,Ample,No,2,0,Yes,2,Yes,Yes,1,1,No,No,1,No,Yes,2,No,No,No,Residential,medium,29510102300
1642,38.56753,-90.28079,Ample,No,2,0,Yes,2,Yes,Yes,1,0,No,No,1,Yes,Yes,2,No,No,No,Residential,high,29510102500
1643,38.56805,-90.28172,Ample,No,2,0,Yes,2,Yes,Yes,1,1,No,No,2,Yes,Yes,2,No,No,No,Residential,high,29510102500
1644,38.56987,-90.28177,Ample,No,2,0,Yes,2,No,Yes,1,1,No,No,1,No,Yes,2,No,No,No,Residential,high,29510102500
1647,38.57381,-90.28143,Ample,No,2,0,Yes,2,Yes,Yes,1,1,No,No,1,No,Yes,2,No,No,No,Residential,medium,29510102400
1648,38.57505,-90.28155,Ample,No,2,0,Yes,2,Yes,Yes,1,1,No,No,1,No,Yes,2,No,No,No,Residential,high,29510102400
1649,38.57642,-90.28148,Ample,No,2,0,Yes,2,Yes,Yes,1,0,No,No,1,No,Yes,2,No,No,Yes,Residential,high,29510102400
164,38.62004,-90.30973,Ample,No,2,0,Yes,2,Yes,Yes,1,1,No,No,1,No,Yes,2,No,No,No,Residential,high,29510126800
1650,38.57774,-90.28148,Ample,No,2,0,Yes,2,Yes,Yes,1,0,No,No,1,No,Yes,2,No,No,No,Residential,medium,29510102400
1651,38.57909,-90.28143,Ample,No,2,0,Yes,2,Yes,Yes,1,0,No,No,1,No,Yes,2,No,No,No,Residential,medium,29510102200
1652,38.58037,-90.2815,Ample,No,2,0,Yes,2,Yes,Yes,1,0,No,No,1,No,Yes,2,No,No,No,Residential,high,29510102200
1653,38.58166,-90.28148,Ample,No,2,0,Yes,2,Yes,Yes,1,0,No,No,1,No,Yes,2,No,No,No,Residential,medium,29510114300
1654,38.58321,-90.28146,Ample,No,2,0,Yes,2,Yes,Yes,1,1,No,No,1,No,Yes,2,No,No,No,Residential,medium,29510114300
1655,38.58454,-90.28122,Ample,No,2,0,Yes,2,Yes,Yes,1,1,No,No,1,No,Yes,2,No,No,No,Residential,medium,29510114300
1656,38.58571,-90.28149,Ample,No,2,0,Yes,2,Yes,Yes,1,0,No,No,1,No,Yes,2,No,No,No,Residential,medium,29510114300
1657,38.58706,-90.28151,No,No,2,0,Yes,2,Yes,Yes,1,1,No,No,2,No,Yes,2,No,No,No,Residential,high,29510114300
1658,38.58841,-90.28144,Ample,No,2,0,Yes,2,Yes,Yes,1,0,No,No,1,No,Yes,2,No,No,No,Residential,medium,29510114300
1659,38.58977,-90.28149,No,No,2,0,Yes,2,Yes,Yes,0,0,No,No,1,No,Yes,2,No,No,No,Residential,high,29510114300
165,38.62101,-90.31013,Some,No,2,0,Yes,2,Yes,Yes,1,1,No,No,1,No,Yes,2,No,No,No,Residential,medium,29510126800
1660,38.59109,-90.28145,Ample,No,2,0,Yes,2,Yes,Yes,1,0,No,No,1,No,Yes,2,No,No,No,Residential,medium,29510114101
1661,38.59254,-90.28146,No,No,2,0,Yes,2,Yes,Yes,1,0,No,No,1,No,Yes,2,No,No,No,Residential,INVALID,29510114101
1662,38.59383,-90.2815,Ample,No,2,0,Yes,2,Yes,Yes,1,1,Yes,Yes,1,No,Yes,2,No,No,No,Residential,high,29510114101
1663,38.59552,-90.28141,Ample,No,2,0,Yes,2,Yes,Yes,1,0,No,Yes,1,No,Yes,2,No,No,No,Residential,medium,29510114200
1664,38.59662,-90.28126,Ample,No,2,0,Yes,2,Yes,Yes,1,0,No,No,2,No,Yes,2,No,No,No,Residential,INVALID,29510114200
1665,38.59801,-90.28156,Ample,No,2,0,Yes,2,Yes,Yes,1,0,No,No,2,No,Yes,2,No,No,No,Residential,low,29510114200
1666,38.59933,-90.2813,Some,No,0,0,Yes,2,Yes,Yes,0,0,No,No,1,No,Yes,2,No,No,No,Residential,high,29510114200
1667,38.60071,-90.28158,Ample,No,2,0,Yes,2,Yes,Yes,1,1,No,No,1,No,Yes,2,No,No,No,Residential,high,29510114200
1668,38.6021,-90.2814,Ample,No,2,0,Yes,2,Yes,Yes,1,1,No,No,1,No,Yes,2,No,No,No,Residential,high,29510127200
1669,38.60345,-90.28139,Ample,No,2,0,Yes,2,Yes,Yes,1,0,No,No,1,Yes,Yes,2,No,No,No,Residential,high,29510127200
166,38.62212,-90.30977,Ample,No,2,0,Yes,2,Yes,Yes,1,1,No,No,1,No,Yes,2,No,No,No,Residential,medium,29510126800
1670,38.60472,-90.28152,Ample,No,2,0,Yes,2,Yes,Yes,1,1,No,No,1,No,Yes,2,No,Yes,No,Commercial,high,29510127200
1671,38.60606,-90.28144,Ample,No,2,1,Yes,2,Yes,Yes,1,1,Yes,No,1,Yes,Yes,2,No,No,No,Residential,high,29510127200
1672,38.60743,-90.28118,Ample,No,0,0,Yes,2,Yes,Yes,1,1,No,No,1,Yes,Yes,2,No,No,No,Residential,medium,29510127200
1673,38.60884,-90.28144,Ample,No,0,0,Yes,2,Yes,Yes,1,1,No,No,1,Yes,Yes,2,No,No,No,Residential,high,29510127200
1674,38.61023,-90.28145,Ample,No,2,0,Yes,2,Yes,Yes,1,1,No,No,1,No,Yes,2,No,No,No,Residential,high,29510127200
1675,38.6116,-90.28141,Ample,No,2,0,Yes,2,Yes,Yes,1,1,No,No,1,No,Yes,2,No,No,No,Residential,medium,29510113500
1676,38.61295,-90.28141,Some,No,2,0,Yes,2,No,Yes,0,0,No,No,1,No,Yes,2,No,No,No,Residential,high,29510113500
1677,38.61413,-90.28144,Ample,No,2,0,Yes,2,Yes,Yes,0,0,No,Yes,1,No,Yes,2,No,No,No,Residential,medium,29510113500
1678,38.61563,-90.28143,Ample,No,2,0,Yes,2,No,Yes,1,1,No,No,1,No,Yes,2,No,No,No,Residential,INVALID,29510113500
1679,38.61686,-90.28138,Ample,No,2,0,Yes,2,Yes,Yes,1,1,No,No,1,No,Yes,2,No,No,No,Residential,medium,29510113500
167,38.62308,-90.30972,Ample,No,2,0,Yes,2,No,Yes,1,1,No,No,1,No,Yes,2,No,No,No,Residential,high,29510126800
1680,38.61823,-90.28172,Ample,No,2,0,Yes,2,Yes,Yes,1,1,No,No,1,No,Yes,2,No,No,No,Residential,medium,29510103600
1681,38.61929,-90.28144,Ample,No,2,0,No,2,Yes,Yes,1,0,No,No,1,No,Yes,2,No,No,No,Commercial,medium,29510103600
1682,38.62053,-90.2807,Ample,No,2,0,Yes,2,No,Yes,1,1,No,No,1,No,Yes,2,No,No,Yes,Commercial,INVALID,29510103600
1683,38.62217,-90.28038,Ample,Yes,0,0,Yes,2,No,Yes,1,1,Yes,No,1,No,Yes,2,No,No,Yes,Commercial,INVALID,29510103600
1684,38.62323,-90.28134,Ample,No,2,0,No,2,Yes,Yes,0,0,No,No,1,No,Yes,2,No,No,No,Commercial,INVALID,29510104500
1685,38.62496,-90.28147,Ample,No,0,0,Yes,2,Yes,Yes,1,1,No,No,1,No,Yes,2,No,No,Yes,Residential,high,29510104500
1686,38.62576,-90.28154,Ample,No,2,0,Yes,2,Yes,Yes,1,1,No,No,1,Yes,Yes,2,No,Yes,Yes,Commercial,high,29510104500
1687,38.6275,-90.28151,Ample,No,2,0,No,2,Yes,Yes,1,1,No,No,1,No,Yes,2,No,No,No,Commercial,high,29510104500
1688,38.629,-90.28172,Ample,No,2,0,Yes,2,Yes,Yes,1,1,Yes,No,1,No,Yes,2,No,No,Yes,Commercial,high,29510104500
1689,38.63034,-90.28144,Ample,No,2,0,Yes,2,Yes,Yes,1,1,No,No,1,No,Yes,2,No,No,Yes,Commercial,high,29510104500
168,38.62496,-90.30986,Ample,No,2,0,No,2,Yes,Yes,1,1,No,No,1,No,Yes,2,No,No,No,Residential,high,
1691,38.6334,-90.28154,Ample,No,0,0,Yes,2,Yes,Yes,1,1,No,No,1,Yes,Yes,2,No,No,No,Residential,high,29510112100
1692,38.63449,-90.28114,Ample,No,0,0,Yes,2,Yes,Yes,1,1,No,No,1,Yes,Yes,2,No,No,No,Residential,high,29510112100
1693,38.63593,-90.28164,No,No,0,0,No,1,No,Yes,0,0,No,No,2,No,Yes,2,No,No,No,Residential,high,29510112100
1694,38.63714,-90.28136,Ample,No,0,0,Yes,2,Yes,Yes,1,0,No,No,1,Yes,Yes,2,No,No,No,Residential,high,29510112100
1695,38.63841,-90.28176,Ample,No,0,0,Yes,2,Yes,Yes,1,0,No,No,1,Yes,Yes,2,No,No,No,Residential,high,29510112100
1697,38.64136,-90.28117,Ample,No,2,0,Yes,2,Yes,Yes,1,0,No,No,2,Yes,Yes,2,No,No,No,Residential,high,29510112100
1698,38.64244,-90.28154,Ample,No,0,0,Yes,2,Yes,Yes,1,1,Yes,No,2,Yes,Yes,2,No,No,Yes,Residential,high,29510112100
1699,38.64405,-90.28142,Ample,No,0,0,Yes,2,Yes,Yes,1,1,No,No,1,Yes,Yes,2,No,No,No,Residential,high,29510112100
169,38.57393,-90.308,Ample,No,0,0,Yes,2,Yes,Yes,1,1,No,No,1,Yes,Yes,2,No,No,No,Residential,high,29510102100
16,38.5873,-90.31647,Ample,No,2,0,Yes,2,Yes,Yes,1,1,No,No,1,Yes,Yes,2,No,No,No,Residential,medium,29510103100
1700,38.64528,-90.28133,Ample,No,0,0,Yes,2,Yes,Yes,0,0,No,No,1,Yes,Yes,2,No,No,Yes,Residential,high,29510112100
1701,38.64568,-90.28142,Ample,No,0,0,Yes,2,Yes,Yes,1,0,No,No,1,Yes,Yes,2,No,No,No,Residential,medium,29510112100
1702,38.64829,-90.28142,Ample,No,2,0,Yes,2,Yes,Yes,1,0,No,No,1,No,Yes,2,No,No,No,Residential,high,29510112100
1703,38.64951,-90.28143,Ample,No,2,0,Yes,2,Yes,Yes,1,1,No,No,1,No,Yes,2,No,No,No,Residential,medium,29510112100
1704,38.65019,-90.28151,Some,No,2,0,Yes,2,Yes,Yes,1,1,No,No,2,No,Yes,2,No,No,No,Residential,high,29510112100
1706,38.65327,-90.28125,No,No,0,0,No,1,No,Yes,0,0,No,No,1,No,No,2,No,No,No,Residential,high,29510112100
1707,38.65485,-90.28142,Ample,Yes,2,0,Yes,2,Yes,Yes,1,1,No,No,1,Yes,Yes,2,No,No,No,Residential,high,29510105300
1708,38.65604,-90.28144,Ample,No,2,0,Yes,2,Yes,Yes,1,0,No,Yes,1,Yes,Yes,2,No,No,No,Residential,high,29510105300
1709,38.65723,-90.28145,Ample,No,2,0,Yes,2,Yes,Yes,1,0,No,No,1,No,Yes,2,No,No,Yes,Residential,high,29510105300
170,38.57508,-90.30856,Ample,No,0,0,Yes,2,Yes,Yes,1,1,No,No,1,Yes,Yes,2,No,No,No,Residential,medium,29510102100
1710,38.65842,-90.28146,Ample,No,2,0,Yes,2,Yes,Yes,1,0,No,No,1,Yes,Yes,2,No,No,No,Residential,medium,29510105500
1711,38.66001,-90.28138,Some,No,2,0,Yes,2,Yes,Yes,1,0,No,No,2,Yes,Yes,2,No,No,No,Residential,medium,29510105500
1712,38.6615,-90.28145,Ample,No,2,0,Yes,2,Yes,Yes,1,1,No,No,1,No,Yes,2,No,No,No,Residential,high,29510105500
1713,38.66256,-90.2814,Ample,No,2,0,Yes,2,Yes,Yes,1,1,No,No,1,No,Yes,2,No,No,No,Residential,medium,29510105500
1714,38.66395,-90.28145,Ample,No,2,0,Yes,2,Yes,Yes,1,1,No,No,1,Yes,Yes,2,No,No,No,Residential,high,29510105500
1715,38.6655,-90.28172,Ample,No,2,0,Yes,2,Yes,Yes,1,1,No,No,1,No,Yes,2,No,No,No,Residential,medium,29510105500
1716,38.66694,-90.28188,Ample,No,2,0,Yes,2,No,Yes,1,1,No,No,1,No,Yes,2,No,No,No,Residential,high,29510106100
1717,38.66812,-90.28162,Ample,No,2,0,Yes,2,No,Yes,0,0,No,No,1,No,Yes,2,No,Yes,No,Residential,high,29510106100
1718,38.66938,-90.28133,Ample,No,2,0,Yes,2,Yes,Yes,1,1,Yes,No,1,No,Yes,2,No,No,No,Residential,high,29510106100
1719,38.67084,-90.28166,Ample,No,2,0,Yes,2,Yes,Yes,1,1,No,No,1,No,Yes,2,No,No,No,Residential,medium,29510106100
1720,38.67215,-90.28137,Ample,No,2,0,Yes,2,No,Yes,1,1,No,No,1,No,Yes,2,No,No,No,Residential,high,29510106100
1721,38.67328,-90.28162,Ample,Yes,2,1,Yes,2,Yes,Yes,1,1,No,No,1,No,Yes,2,No,No,No,Commercial,high,29510106100
1722,38.67491,-90.28171,Ample,No,2,0,Yes,2,Yes,Yes,1,1,No,No,1,No,Yes,2,No,No,No,Residential,high,29510106200
1723,38.67616,-90.28148,Ample,No,2,0,Yes,2,Yes,Yes,1,1,No,No,1,No,Yes,2,No,No,Yes,Residential,high,29510106200
1724,38.67723,-90.28169,Ample,No,2,0,Yes,2,Yes,Yes,1,1,No,No,1,No,Yes,2,No,No,No,Residential,medium,29510106200
1725,38.67902,-90.28131,Ample,No,1,0,Yes,2,Yes,Yes,1,0,No,No,1,No,Yes,2,No,No,No,Residential,high,29510106200
1727,38.55204,-90.28,Ample,No,0,0,No,2,Yes,Yes,1,1,No,No,1,No,Yes,2,No,No,No,Residential,INVALID,29510101100
1728,38.55353,-90.28004,Ample,No,2,0,Yes,2,Yes,Yes,1,1,No,No,1,No,Yes,2,No,No,No,Residential,high,29510101100
1729,38.5546,-90.27995,Ample,No,2,0,Yes,2,Yes,Yes,1,1,No,No,1,No,Yes,2,No,No,No,Residential,high,29510101100
172,38.57806,-90.30769,Ample,No,2,0,Yes,2,Yes,Yes,1,1,No,No,1,No,Yes,2,No,No,No,Residential,medium,29510102200
1730,38.55604,-90.28007,Ample,No,2,0,Yes,2,Yes,Yes,0,0,No,No,1,No,Yes,2,No,No,No,Residential,high,29510101100
1731,38.55786,-90.2798,Ample,No,2,0,Yes,2,Yes,Yes,1,0,No,No,2,Yes,Yes,2,No,No,No,Residential,INVALID,29510101200
1732,38.55926,-90.27979,Ample,No,2,0,Yes,2,Yes,Yes,1,1,No,No,1,No,Yes,2,No,No,No,Residential,medium,29510101200
1733,38.56037,-90.28023,Ample,No,2,0,Yes,2,Yes,Yes,1,0,No,No,1,No,Yes,2,No,No,No,Residential,medium,29510101200
1734,38.56157,-90.2801,Ample,No,2,0,Yes,2,Yes,Yes,1,1,No,No,1,No,Yes,2,No,No,No,Residential,high,29510101200
1735,38.5629,-90.28003,Ample,No,2,0,Yes,2,Yes,Yes,1,0,No,No,1,No,Yes,2,No,No,No,Residential,medium,29510102300
1736,38.56454,-90.27995,Ample,No,2,0,Yes,2,Yes,Yes,1,1,No,No,1,No,Yes,2,No,No,No,Residential,medium,29510102300
1737,38.56558,-90.27988,Ample,No,2,0,Yes,2,Yes,Yes,1,1,No,No,1,No,Yes,2,No,No,No,Residential,medium,29510102300
1738,38.56719,-90.28004,Ample,No,2,0,Yes,2,Yes,Yes,1,1,Yes,No,1,Yes,Yes,2,No,No,No,Residential,high,29510102500
173,38.57916,-90.30821,Ample,No,2,0,Yes,2,Yes,Yes,1,1,No,No,1,Yes,Yes,2,No,No,No,Residential,medium,29510102200
1742,38.57258,-90.28023,Ample,No,2,0,Yes,2,Yes,Yes,1,1,No,No,1,No,Yes,2,No,No,Yes,Residential,high,29510102500
1743,38.57364,-90.28031,Ample,No,2,0,Yes,2,Yes,Yes,1,1,Yes,No,1,No,Yes,2,No,No,No,Commercial,medium,29510102500
1744,38.57504,-90.28022,Ample,No,2,0,Yes,2,Yes,Yes,1,1,Yes,No,1,No,Yes,2,No,No,Yes,Residential,medium,29510102400
1745,38.57637,-90.28021,Ample,No,2,0,Yes,2,Yes,Yes,1,0,No,No,1,No,Yes,2,No,No,No,Residential,medium,29510102400
1746,38.57776,-90.28027,Ample,No,2,0,Yes,2,Yes,Yes,1,1,No,No,1,No,Yes,2,No,No,No,Residential,high,29510102400
1747,38.57911,-90.28006,Some,No,2,0,Yes,2,Yes,Yes,1,1,No,No,1,No,Yes,2,No,No,No,Residential,high,29510102400
1748,38.58045,-90.28,Ample,No,2,0,Yes,2,No,Yes,1,1,No,No,2,No,Yes,2,No,No,No,Residential,high,29510102200
1749,38.58194,-90.28011,Ample,No,2,0,Yes,2,Yes,Yes,1,1,No,No,1,No,Yes,2,No,No,No,Residential,high,29510114300
174,38.58053,-90.30859,Ample,No,2,0,Yes,2,Yes,Yes,1,1,No,No,2,No,Yes,2,No,No,No,Residential,high,29510102200
1750,38.58324,-90.28003,Some,No,2,0,Yes,2,Yes,Yes,0,0,No,No,1,No,Yes,2,No,No,No,Residential,medium,29510114300
1751,38.58456,-90.28009,Ample,No,2,0,Yes,2,Yes,Yes,1,1,No,No,1,No,Yes,2,No,No,No,Residential,medium,29510114300
1752,38.58601,-90.2801,Ample,No,2,0,Yes,2,Yes,Yes,0,0,No,No,1,No,Yes,2,No,No,No,Residential,INVALID,29510114300
1753,38.58722,-90.2801,Ample,No,2,0,Yes,2,Yes,Yes,1,1,No,No,1,No,Yes,2,No,No,No,Residential,medium,29510114300
1754,38.58858,-90.27988,Ample,No,2,0,Yes,2,Yes,Yes,1,0,No,No,1,No,Yes,2,No,No,No,Residential,medium,29510114300
1755,38.59007,-90.28007,Ample,No,2,0,Yes,2,Yes,Yes,1,1,No,No,1,No,Yes,2,No,No,No,Residential,high,29510114101
1756,38.59145,-90.28006,Some,No,2,0,Yes,2,Yes,Yes,1,0,No,No,1,No,Yes,2,No,No,No,Residential,high,29510114101
1757,38.59284,-90.28009,Ample,No,2,0,Yes,2,Yes,Yes,1,0,No,No,1,No,Yes,2,No,No,No,Residential,high,29510114101
1758,38.59409,-90.28008,Ample,No,2,0,Yes,2,Yes,Yes,1,1,No,No,1,No,Yes,2,No,No,No,Residential,high,29510114101
1759,38.59539,-90.2801,Ample,No,2,0,Yes,2,Yes,Yes,1,0,No,No,1,No,Yes,2,No,No,No,Residential,medium,29510114200
175,38.58199,-90.30836,Ample,No,2,0,Yes,2,No,Yes,0,0,No,No,1,Yes,Yes,2,No,No,No,Residential,high,29510102200
1760,38.59658,-90.28006,Ample,No,2,0,No,2,No,Yes,0,0,No,No,1,No,Yes,2,No,No,No,Residential,high,29510114200
1761,38.59804,-90.28013,Ample,No,2,0,Yes,2,Yes,Yes,1,1,No,No,1,No,Yes,2,No,No,No,Residential,high,29510114200
1762,38.59934,-90.2801,Some,No,2,0,Yes,2,Yes,Yes,0,0,No,No,1,No,Yes,2,No,No,No,Residential,low,29510114200
1763,38.60075,-90.28012,Ample,No,2,0,Yes,2,Yes,Yes,1,1,Yes,No,1,No,Yes,2,No,No,Yes,Residential,high,29510127200
1764,38.60174,-90.28068,Ample,No,2,0,Yes,2,Yes,Yes,1,1,No,No,1,No,Yes,2,No,No,No,Residential,medium,29510127200
1767,38.6061,-90.2801,Ample,No,2,0,Yes,2,Yes,Yes,1,0,No,No,1,No,Yes,2,No,No,No,Residential,medium,29510127200
1768,38.60735,-90.28009,Ample,No,2,0,Yes,2,Yes,Yes,1,0,No,No,1,No,Yes,2,No,No,No,Residential,high,29510127200
1769,38.60879,-90.28008,Ample,No,2,0,Yes,2,Yes,Yes,0,0,No,No,1,No,Yes,2,No,No,No,Residential,high,29510127200
176,38.58299,-90.30846,Ample,No,2,0,Yes,2,Yes,Yes,1,0,No,No,1,No,Yes,2,No,No,No,Residential,high,29510103100
1770,38.61007,-90.28006,Ample,No,2,0,Yes,2,Yes,Yes,1,1,No,No,1,No,Yes,2,No,No,No,Residential,medium,29510127200
1771,38.61148,-90.28014,Ample,No,2,0,Yes,2,Yes,Yes,1,1,No,No,1,No,Yes,2,No,No,No,Residential,high,29510113500
1772,38.61286,-90.27991,No,No,2,0,Yes,2,Yes,Yes,0,0,No,No,1,No,Yes,2,No,No,No,Residential,high,29510113500
1773,38.61405,-90.28013,Ample,No,2,0,Yes,2,Yes,Yes,1,1,No,No,1,No,Yes,2,No,No,No,Residential,medium,29510113500
1774,38.61538,-90.28016,Ample,No,2,0,Yes,2,Yes,Yes,1,1,No,No,1,No,Yes,2,No,No,No,Residential,high,29510113500
1775,38.61696,-90.28002,Ample,No,2,0,Yes,2,Yes,Yes,0,0,No,No,2,No,Yes,2,No,No,No,Residential,high,29510113500
1776,38.61817,-90.28012,Ample,No,2,0,Yes,2,Yes,Yes,1,1,No,No,1,No,Yes,2,No,No,No,Residential,high,29510113500
1777,38.61976,-90.28026,Ample,No,0,0,No,2,Yes,Yes,1,1,No,No,1,No,Yes,2,No,No,No,Commercial,INVALID,29510113500
1778,38.62094,-90.28008,Ample,No,2,0,No,2,Yes,Yes,1,1,No,No,1,No,Yes,2,No,No,Yes,Commercial,INVALID,29510113500
1779,38.62225,-90.28037,Some,Yes,2,0,Yes,2,No,Yes,1,1,No,No,1,No,Yes,2,No,No,No,Commercial,low,29510103600
177,38.58442,-90.3084,Ample,No,2,0,Yes,2,Yes,Yes,1,1,No,No,1,No,Yes,2,No,No,No,Residential,high,29510103100
1780,38.62339,-90.28005,Ample,No,2,0,Yes,2,Yes,Yes,0,0,Yes,Yes,1,No,Yes,2,No,No,No,Commercial,high,29510104500
1781,38.62502,-90.28062,Ample,No,2,0,Yes,2,Yes,Yes,1,0,No,No,1,No,Yes,2,No,No,No,Commercial,INVALID,29510104500
1783,38.62747,-90.28017,Ample,No,0,0,No,2,Yes,Yes,1,1,No,No,1,No,Yes,2,No,No,No,Commercial,medium,29510104500
1784,38.62898,-90.28011,Ample,No,2,0,No,2,Yes,Yes,1,1,No,No,1,No,Yes,2,No,No,No,Commercial,high,29510104500
1785,38.63026,-90.28013,Ample,No,2,0,Yes,2,Yes,Yes,1,1,No,No,1,No,Yes,2,No,No,No,Commercial,low,29510104500
1786,38.63183,-90.27982,Ample,No,2,0,Yes,2,Yes,Yes,1,1,No,No,1,Yes,Yes,2,No,No,Yes,Commercial,high,29510112100
1787,38.63304,-90.28002,Ample,No,2,0,Yes,2,Yes,Yes,1,0,No,No,1,Yes,Yes,2,No,No,No,Residential,high,29510112100
1788,38.63418,-90.27983,Ample,No,2,0,Yes,2,Yes,Yes,1,0,No,No,1,Yes,Yes,2,No,No,No,Residential,medium,29510112100
178,38.58589,-90.30837,Ample,No,2,0,Yes,2,Yes,Yes,1,1,No,No,1,No,Yes,2,No,No,No,Residential,medium,29510103100
1790,38.63684,-90.28032,Ample,No,0,0,Yes,2,Yes,Yes,0,0,No,Yes,1,Yes,Yes,2,No,No,Yes,Residential,high,29510112100
1791,38.63844,-90.28009,Ample,No,2,0,No,2,Yes,Yes,1,1,No,No,1,No,Yes,2,No,No,No,Residential,high,29510112100
1792,38.63989,-90.27993,Ample,No,2,0,Yes,2,Yes,Yes,0,0,No,No,1,Yes,No,2,No,Yes,No,Commercial,high,29510112100
1793,38.64131,-90.2803,Ample,No,0,1,Yes,2,Yes,Yes,1,1,No,No,1,Yes,Yes,2,No,Yes,No,Residential,medium,29510112100
1794,38.64244,-90.28017,Ample,No,0,0,Yes,2,No,Yes,1,1,No,No,2,Yes,Yes,2,No,No,Yes,Residential,medium,29510112100
1795,38.64392,-90.28011,Ample,No,0,0,Yes,2,Yes,Yes,1,1,No,No,2,Yes,Yes,2,No,No,No,Residential,high,29510112100
1796,38.64506,-90.28007,Ample,No,2,0,Yes,2,Yes,Yes,0,0,No,Yes,1,Yes,Yes,2,No,No,Yes,Residential,medium,29510112100
1797,38.64556,-90.28022,Ample,No,0,0,Yes,2,Yes,Yes,1,1,No,No,1,Yes,Yes,2,No,No,No,Residential,high,29510112100
1798,38.64816,-90.28007,Ample,No,2,0,Yes,2,Yes,Yes,1,1,No,No,1,Yes,Yes,2,No,No,No,Residential,high,29510112100
1799,38.64938,-90.28008,No,No,2,0,Yes,2,Yes,Yes,1,1,No,No,1,No,Yes,2,No,No,No,Residential,medium,29510112100
179,38.58726,-90.30838,Ample,No,2,0,Yes,2,Yes,Yes,1,1,No,No,1,No,Yes,2,No,No,No,Residential,high,29510103100
17,38.58871,-90.31632,Ample,No,0,0,Yes,2,Yes,Yes,1,1,No,No,1,Yes,Yes,2,No,No,Yes,Residential,high,29510103100
1802,38.65346,-90.28001,Ample,No,2,0,Yes,2,Yes,Yes,1,1,No,No,1,No,Yes,2,No,No,No,Residential,INVALID,29510112200
1803,38.65472,-90.28012,Ample,Yes,0,0,Yes,2,Yes,Yes,1,1,Yes,No,1,No,Yes,2,No,No,No,Residential,high,29510105300
1804,38.6561,-90.28005,Ample,No,2,0,Yes,2,Yes,Yes,1,0,No,No,1,Yes,Yes,2,No,No,No,Residential,medium,29510105300
1805,38.65709,-90.28009,Ample,No,0,0,Yes,2,Yes,Yes,1,0,No,No,1,No,Yes,2,No,No,Yes,Residential,medium,29510105300
1806,38.65832,-90.28037,Ample,No,2,0,Yes,2,Yes,Yes,1,0,No,No,1,Yes,Yes,2,No,No,No,Residential,high,29510105500
1807,38.65999,-90.27972,Ample,No,2,0,Yes,2,Yes,Yes,1,1,No,No,1,No,Yes,2,No,No,No,Residential,high,29510105500
1808,38.66137,-90.2801,Ample,No,0,0,Yes,2,Yes,Yes,1,1,No,No,1,No,Yes,2,No,No,No,Residential,medium,29510105500
1809,38.66243,-90.28008,Ample,No,2,0,Yes,2,Yes,Yes,1,0,No,No,2,Yes,Yes,2,No,No,No,Residential,high,29510105500
180,38.58876,-90.30847,Ample,No,2,0,Yes,2,No,Yes,1,1,No,No,1,No,Yes,2,No,No,No,Commercial,high,29510103100
1810,38.66416,-90.28025,Ample,No,2,0,Yes,2,Yes,Yes,1,1,No,No,1,No,Yes,2,No,No,No,Residential,high,29510105500
1811,38.66538,-90.28004,Ample,No,2,0,Yes,2,No,Yes,0,0,No,No,1,No,Yes,2,No,No,No,Residential,high,29510106100
1812,38.66693,-90.27987,Ample,No,0,0,Yes,2,Yes,Yes,1,0,No,No,1,No,Yes,2,No,No,No,Residential,high,29510106100
1813,38.66801,-90.27989,Ample,No,2,0,Yes,2,Yes,Yes,1,1,No,No,1,No,Yes,2,No,No,No,Residential,high,29510106100
1814,38.66941,-90.28006,Ample,No,2,0,Yes,2,Yes,Yes,1,1,No,No,1,No,Yes,2,No,No,No,Residential,high,29510106100
1815,38.67068,-90.28016,Ample,No,2,0,Yes,2,Yes,Yes,1,1,Yes,Yes,1,No,Yes,2,No,No,No,Residential,high,29510106100
1816,38.67196,-90.28024,Some,No,0,0,Yes,2,No,Yes,1,1,No,No,2,No,Yes,2,No,No,No,Residential,high,29510106100
1817,38.67353,-90.28011,Ample,No,0,0,Yes,2,Yes,Yes,1,0,No,No,1,No,Yes,2,No,No,No,Residential,high,29510106200
1818,38.6746,-90.28026,Ample,No,0,0,Yes,2,Yes,Yes,1,0,No,No,1,No,Yes,2,No,No,No,Residential,high,29510106200
1819,38.67634,-90.27992,Ample,No,2,0,Yes,2,Yes,Yes,1,0,No,No,1,No,Yes,2,No,No,No,Residential,high,29510106200
181,38.58989,-90.30836,Some,No,2,0,Yes,2,Yes,Yes,1,1,No,No,1,No,Yes,2,No,No,Yes,Residential,INVALID,29510103100
1820,38.67747,-90.28014,Ample,No,2,0,Yes,2,Yes,Yes,1,1,No,No,1,No,Yes,2,No,No,No,Residential,high,29510106200
1821,38.67857,-90.28032,Ample,No,0,0,Yes,2,Yes,Yes,1,0,No,No,1,Yes,Yes,2,No,No,No,Residential,low,29510106200
1825,38.55223,-90.27872,Ample,No,0,0,No,2,Yes,Yes,1,1,No,No,2,No,Yes,2,No,No,No,Residential,high,29510101100
1826,38.55333,-90.27894,Ample,No,2,0,Yes,2,Yes,Yes,1,1,No,No,1,No,Yes,2,No,No,No,Residential,medium,29510101100
1827,38.55479,-90.2787,Ample,No,2,0,Yes,2,Yes,Yes,1,0,No,No,1,No,Yes,2,No,No,No,Residential,high,29510101100
1828,38.55598,-90.27893,Ample,No,2,0,Yes,2,Yes,Yes,1,0,No,No,1,Yes,Yes,2,No,No,No,Residential,high,29510101100
1829,38.55743,-90.27898,Ample,No,2,0,Yes,2,Yes,Yes,1,0,No,No,2,No,Yes,2,No,No,No,Residential,high,29510101200
182,38.59122,-90.30841,Ample,No,2,0,Yes,2,Yes,Yes,1,1,No,No,1,No,Yes,2,No,No,No,Residential,high,29510103100
1830,38.55872,-90.27902,Ample,No,2,0,Yes,2,Yes,Yes,1,1,No,No,1,No,Yes,2,No,No,No,Residential,high,29510101200
1831,38.55997,-90.27833,Ample,No,2,0,Yes,2,Yes,Yes,1,1,No,No,1,No,Yes,2,No,No,No,Residential,medium,29510101200
1832,38.56165,-90.27873,Ample,No,2,0,Yes,2,Yes,Yes,1,0,No,No,1,No,Yes,2,No,Yes,No,Residential,high,29510101200
1833,38.56292,-90.27858,Ample,No,2,0,Yes,2,Yes,Yes,1,1,No,No,1,No,Yes,2,No,No,No,Residential,high,29510101200
1834,38.56432,-90.27876,Ample,No,2,0,Yes,2,Yes,Yes,1,0,No,No,1,No,Yes,2,No,No,No,Residential,high,29510102300
1835,38.5656,-90.27876,Ample,No,2,0,Yes,2,Yes,Yes,1,1,No,No,1,No,Yes,2,No,No,No,Residential,high,29510102300
1836,38.56686,-90.27851,Ample,No,2,0,Yes,2,Yes,Yes,1,1,No,No,1,No,Yes,2,No,No,No,Residential,medium,29510102500
1837,38.56829,-90.27854,Ample,No,2,0,Yes,2,Yes,Yes,1,1,No,No,1,No,Yes,2,No,No,No,Residential,medium,29510102500
1838,38.5697,-90.2786,Ample,No,2,0,Yes,2,No,Yes,1,1,No,No,1,Yes,Yes,2,No,No,No,Residential,medium,29510102500
1839,38.57118,-90.27909,Ample,No,2,0,Yes,2,No,Yes,1,1,No,No,1,No,Yes,2,No,No,No,Residential,medium,29510102500
183,38.59257,-90.30838,Ample,No,2,0,Yes,2,No,Yes,0,0,No,No,1,No,Yes,2,No,No,No,Residential,high,29510103100
1840,38.57231,-90.27879,Ample,No,2,0,Yes,2,Yes,Yes,1,1,No,No,1,No,Yes,2,No,No,No,Residential,high,29510102500
1841,38.57386,-90.27877,Ample,No,2,0,Yes,2,Yes,Yes,1,1,No,No,1,No,Yes,2,No,No,No,Residential,high,29510102500
1842,38.57517,-90.27856,Ample,No,2,0,Yes,2,Yes,Yes,1,1,No,No,1,Yes,Yes,2,No,No,No,Commercial,high,29510102400
1843,38.57652,-90.27853,Ample,No,2,0,Yes,2,Yes,Yes,1,1,No,No,1,No,Yes,2,No,No,No,Residential,medium,29510102400
1844,38.57789,-90.27878,Ample,No,2,0,Yes,2,Yes,Yes,1,1,No,No,1,No,Yes,2,No,No,No,Residential,medium,29510102400
1845,38.5792,-90.27867,Ample,No,2,0,Yes,2,Yes,Yes,1,1,No,No,1,No,Yes,2,No,No,No,Residential,medium,29510102400
1846,38.58065,-90.27903,Ample,No,2,0,Yes,2,Yes,Yes,1,1,No,Yes,1,No,Yes,2,No,No,No,Residential,medium,29510102200
1847,38.58174,-90.27883,Ample,No,2,0,Yes,2,Yes,Yes,1,1,No,No,1,No,Yes,2,No,No,No,Residential,medium,29510114300
1848,38.5831,-90.27868,Some,No,2,0,Yes,2,Yes,Yes,1,1,No,No,1,No,Yes,2,No,No,No,Residential,high,29510114300
1849,38.58444,-90.27873,Ample,No,2,0,Yes,2,Yes,Yes,1,1,No,No,1,No,Yes,2,No,No,Yes,Residential,medium,29510114300
184,38.594,-90.30859,Some,No,2,0,Yes,2,Yes,Yes,0,0,No,No,1,No,Yes,2,No,No,No,Residential,high,29510103800
1850,38.58586,-90.27874,Ample,No,2,0,Yes,2,Yes,Yes,1,1,No,No,1,No,Yes,2,No,No,No,Residential,high,29510114300
1851,38.58723,-90.27876,Ample,No,2,0,Yes,2,Yes,Yes,1,0,No,No,1,No,Yes,2,No,No,No,Residential,high,29510114300
1852,38.58857,-90.27873,Ample,No,2,0,Yes,2,No,Yes,1,1,No,No,1,No,Yes,2,No,No,No,Residential,high,29510114300
1853,38.58992,-90.27869,Ample,No,2,0,Yes,2,Yes,Yes,1,1,No,No,1,No,Yes,2,No,No,Yes,Residential,medium,29510114101
1854,38.59106,-90.27946,Ample,No,2,0,Yes,2,Yes,Yes,1,1,No,No,1,No,Yes,2,No,No,No,Residential,medium,29510114101
1855,38.59268,-90.27868,Ample,No,2,0,Yes,2,Yes,Yes,1,0,No,No,1,No,Yes,2,No,No,No,Residential,high,29510114101
1856,38.59395,-90.27877,No,Yes,2,0,Yes,2,No,Yes,1,1,No,No,1,No,Yes,2,No,No,No,Residential,high,29510114101
1857,38.59528,-90.27871,Ample,No,2,0,Yes,2,Yes,Yes,1,1,Yes,No,1,No,Yes,2,No,No,No,Residential,medium,29510114200
1858,38.59685,-90.27869,Ample,No,2,0,Yes,2,Yes,Yes,1,0,Yes,No,1,No,Yes,2,No,No,No,Residential,medium,29510114200
1859,38.5979,-90.27877,Ample,No,2,0,Yes,2,Yes,Yes,1,1,No,No,1,No,Yes,2,No,No,No,Residential,high,29510114200
185,38.5953,-90.3084,Ample,No,2,0,Yes,2,Yes,Yes,1,1,No,No,1,Yes,Yes,2,No,Yes,No,Residential,medium,29510103800
1860,38.5992,-90.27876,No,No,2,0,Yes,2,Yes,Yes,0,0,No,No,1,No,Yes,2,No,No,No,Residential,low,29510114200
1861,38.60061,-90.27877,Ample,No,2,0,Yes,2,Yes,Yes,1,1,No,No,1,No,Yes,2,No,No,No,Residential,high,29510127200
1864,38.60473,-90.27826,Ample,No,2,0,No,2,Yes,Yes,1,1,No,No,1,Yes,Yes,2,No,No,No,Commercial,INVALID,29510127200
1865,38.60597,-90.27879,Ample,No,2,0,Yes,2,Yes,Yes,1,1,No,No,1,Yes,Yes,2,No,No,No,Commercial,medium,29510127200
1866,38.60752,-90.27903,Ample,No,2,0,Yes,2,Yes,Yes,1,0,No,No,1,No,Yes,2,No,No,No,Residential,high,29510127200
1867,38.60881,-90.27878,Ample,No,2,0,Yes,2,Yes,Yes,1,1,No,No,1,No,Yes,2,No,No,No,Residential,high,29510127200
1868,38.61027,-90.27883,Ample,No,2,0,Yes,2,Yes,Yes,1,1,No,No,1,No,Yes,2,No,No,No,Commercial,high,29510127200
1869,38.61149,-90.2788,Ample,No,2,0,Yes,2,Yes,Yes,1,0,No,No,1,No,Yes,2,No,No,No,Residential,INVALID,29510113500
186,38.59668,-90.30881,Ample,No,2,0,Yes,2,Yes,Yes,1,0,No,Yes,1,Yes,Yes,2,No,Yes,No,Residential,high,29510103800
1870,38.61282,-90.27854,Some,No,2,0,Yes,2,Yes,Yes,1,1,No,No,1,No,Yes,2,No,No,No,Residential,low,29510113500
1871,38.61434,-90.27875,Some,No,2,0,Yes,2,Yes,Yes,1,1,No,No,1,No,Yes,2,No,No,No,Residential,high,29510113500
1872,38.61523,-90.27874,Ample,No,2,0,Yes,2,Yes,Yes,1,1,No,No,1,No,Yes,2,No,No,No,Residential,high,29510113500
1873,38.61742,-90.27869,Ample,No,2,0,Yes,2,Yes,Yes,1,0,No,No,1,Yes,Yes,2,No,Yes,No,Residential,high,29510113500
1874,38.61823,-90.27914,Some,No,0,0,Yes,2,Yes,Yes,1,0,No,No,1,Yes,Yes,2,No,No,No,Residential,high,29510113500
1875,38.61932,-90.27876,Ample,No,2,0,No,2,Yes,Yes,1,1,No,No,1,No,Yes,2,No,No,No,Commercial,low,29510113500
1877,38.62357,-90.27847,Ample,No,2,0,No,2,Yes,Yes,0,0,No,No,1,No,Yes,2,No,No,No,Commercial,INVALID,29510104500
1878,38.62355,-90.27869,Ample,No,2,0,No,2,Yes,Yes,0,0,No,No,1,No,Yes,2,No,No,No,Commercial,INVALID,29510104500
1879,38.62513,-90.27836,Ample,No,2,0,Yes,2,No,Yes,1,1,No,No,1,No,Yes,2,No,No,No,Commercial,INVALID,29510104500
187,38.59803,-90.30857,Ample,No,2,0,Yes,2,Yes,Yes,1,1,Yes,No,1,Yes,Yes,2,No,Yes,No,Residential,high,29510103800
1881,38.6277,-90.27889,Ample,No,2,0,No,2,Yes,Yes,1,1,No,No,1,No,Yes,2,No,No,No,Commercial,medium,29510104500
1882,38.62903,-90.27858,Ample,No,2,0,Yes,2,Yes,Yes,1,1,No,No,1,Yes,Yes,2,No,Yes,Yes,Commercial,medium,29510104500
1883,38.63036,-90.27877,Ample,No,2,0,No,2,Yes,Yes,1,1,No,No,1,Yes,Yes,2,No,No,No,Commercial,high,29510112100
1884,38.63199,-90.27866,Ample,No,2,0,Yes,2,No,Yes,0,0,No,No,2,Yes,Yes,2,No,Yes,No,Residential,high,29510112100
1885,38.63326,-90.27874,Ample,No,2,0,Yes,2,Yes,Yes,0,0,No,No,2,Yes,Yes,2,No,No,Yes,Residential,medium,29510112100
1886,38.63467,-90.279,Ample,No,2,0,Yes,2,Yes,Yes,1,1,No,No,2,Yes,Yes,2,No,No,No,Residential,high,29510112100
1887,38.63588,-90.27853,Ample,No,2,0,No,2,No,Yes,0,0,No,Yes,2,Yes,Yes,2,No,No,No,Residential,high,29510112100
1888,38.63701,-90.27865,Ample,No,2,0,Yes,2,Yes,Yes,1,0,No,No,1,Yes,Yes,2,No,No,No,Residential,medium,29510112100
1889,38.63817,-90.27918,Ample,No,2,1,Yes,2,Yes,Yes,1,1,No,No,1,Yes,Yes,2,No,No,Yes,Commercial,high,29510112100
188,38.59935,-90.3084,Ample,No,2,0,Yes,2,Yes,Yes,1,0,No,No,1,No,Yes,2,No,No,No,Residential,medium,29510103800
1890,38.63963,-90.27864,Ample,No,0,0,Yes,2,Yes,Yes,1,1,No,No,1,Yes,Yes,2,No,No,Yes,Residential,high,29510112100
1893,38.64386,-90.27875,Ample,No,0,0,Yes,2,Yes,Yes,1,1,Yes,No,1,Yes,Yes,2,No,No,Yes,Residential,medium,29510112100
1894,38.64525,-90.27875,Ample,No,0,0,Yes,2,Yes,Yes,0,0,No,No,1,Yes,Yes,2,No,No,No,Residential,high,29510112100
1896,38.64804,-90.27875,Ample,No,2,0,Yes,2,No,Yes,1,1,No,No,1,No,Yes,2,No,Yes,No,Residential,medium,29510112100
1897,38.64924,-90.27874,Ample,No,2,0,Yes,2,Yes,Yes,1,1,No,No,1,No,Yes,2,No,No,No,Residential,medium,29510112100
189,38.60072,-90.30818,Ample,No,2,0,Yes,2,Yes,Yes,1,0,No,No,1,No,Yes,2,No,No,No,Residential,medium,29510103800
18,38.58988,-90.31668,Ample,No,0,0,No,2,Yes,Yes,0,0,No,No,1,Yes,Yes,2,No,No,No,Residential,high,29510103100
1900,38.65334,-90.27876,Ample,No,2,0,Yes,2,Yes,Yes,1,1,No,Yes,1,No,Yes,2,No,No,No,Residential,INVALID,29510112100
1901,38.65465,-90.27893,Ample,No,2,0,Yes,2,Yes,Yes,1,1,No,Yes,1,Yes,Yes,2,No,No,Yes,Residential,high,29510105300
1902,38.65597,-90.27872,Ample,No,2,0,Yes,2,Yes,Yes,1,0,No,No,1,Yes,Yes,2,No,No,No,Residential,medium,29510105300
1903,38.65727,-90.27849,Ample,No,2,0,Yes,2,Yes,Yes,1,0,No,No,1,Yes,Yes,2,No,Yes,No,Residential,high,29510105300
1904,38.6586,-90.27826,Ample,No,2,0,Yes,2,Yes,Yes,1,0,No,No,1,No,Yes,2,No,No,No,Residential,high,29510105500
1905,38.66022,-90.27872,Ample,No,2,0,Yes,2,Yes,Yes,1,1,No,No,1,No,Yes,2,No,No,No,Residential,high,29510105500
1906,38.66125,-90.27881,Ample,No,2,0,Yes,2,Yes,Yes,1,1,No,Yes,1,No,Yes,2,No,No,No,Residential,high,29510105500
1907,38.66231,-90.27882,Ample,No,2,0,Yes,2,Yes,Yes,1,0,No,No,1,No,Yes,2,No,No,No,Residential,medium,29510105500
1908,38.6642,-90.279,Ample,No,2,0,Yes,2,Yes,Yes,1,1,No,No,2,No,Yes,2,No,No,No,Residential,high,29510105500
1909,38.66518,-90.27832,Ample,No,2,0,Yes,2,Yes,Yes,1,0,No,Yes,1,No,Yes,2,No,No,Yes,Residential,high,29510106100
190,38.60203,-90.30834,Ample,No,2,0,Yes,2,No,Yes,1,1,No,No,1,No,Yes,2,No,No,No,Residential,high,29510103800
1910,38.66663,-90.27843,Ample,Yes,2,0,Yes,2,Yes,Yes,1,1,No,No,1,No,Yes,2,No,No,Yes,Residential,high,29510106100
1911,38.6681,-90.27874,Ample,No,2,0,Yes,2,Yes,Yes,1,1,No,No,1,No,Yes,2,No,No,No,Residential,high,29510106100
1912,38.66947,-90.27883,Ample,No,2,0,Yes,2,Yes,Yes,1,0,No,No,1,No,Yes,2,No,No,No,Residential,high,29510106100
1913,38.67084,-90.27882,Ample,No,2,0,Yes,2,Yes,Yes,1,1,No,No,1,No,Yes,2,No,No,Yes,Residential,high,29510106100
1914,38.67188,-90.27903,Ample,No,2,1,Yes,2,Yes,Yes,1,1,Yes,No,1,Yes,Yes,2,No,Yes,No,Residential,high,29510106300
1915,38.6734,-90.27849,Ample,No,0,0,Yes,2,Yes,Yes,1,1,Yes,No,1,No,Yes,2,No,No,No,Residential,high,29510106200
1916,38.67487,-90.27876,Ample,No,0,0,Yes,2,Yes,Yes,1,1,No,No,1,No,Yes,2,No,No,No,Residential,high,29510106200
1917,38.67591,-90.27892,Ample,No,2,0,Yes,2,Yes,Yes,1,1,No,No,1,No,Yes,2,No,No,No,Residential,high,29510106200
1918,38.67737,-90.27879,Some,No,0,0,Yes,2,No,Yes,1,1,No,No,1,No,Yes,2,No,No,No,Residential,high,29510106200
1919,38.67885,-90.2787,Some,No,2,0,Yes,2,Yes,Yes,1,1,No,No,1,No,Yes,2,No,No,No,Residential,high,29510106200
191,38.60363,-90.30837,Ample,No,2,0,Yes,2,Yes,Yes,1,1,No,No,1,No,Yes,2,No,No,No,Residential,high,29510126800
1921,38.68194,-90.27817,Ample,No,2,0,No,2,No,Yes,1,1,No,No,1,No,Yes,2,No,No,No,Commercial,high,29510106200
1924,38.55056,-90.27795,Ample,No,2,0,Yes,2,Yes,Yes,1,0,No,No,1,Yes,Yes,2,No,No,No,Residential,medium,
1925,38.5523,-90.27737,Ample,No,0,0,No,2,Yes,Yes,1,1,No,No,2,No,Yes,2,No,No,No,Residential,high,29510101100
1926,38.55362,-90.27682,Ample,No,2,0,Yes,2,Yes,Yes,1,0,No,No,1,No,Yes,2,No,No,No,Residential,high,29510101100
1927,38.55523,-90.27711,Ample,No,2,0,Yes,2,Yes,Yes,1,1,No,No,1,No,Yes,2,No,No,No,Residential,high,29510101100
1928,38.55657,-90.27733,Ample,No,0,0,Yes,2,Yes,Yes,0,0,No,No,2,Yes,Yes,2,No,No,No,Residential,INVALID,29510101200
1929,38.55773,-90.27725,Ample,No,2,0,Yes,2,Yes,Yes,1,1,No,No,1,No,Yes,2,No,No,No,Residential,medium,29510101200
192,38.60463,-90.30826,Ample,No,0,0,No,2,Yes,Yes,1,0,No,No,1,No,Yes,2,No,No,No,Residential,high,29510126800
1930,38.55903,-90.27758,Ample,No,2,0,Yes,2,Yes,Yes,1,1,No,No,1,No,Yes,2,No,No,No,Residential,medium,29510101200
1931,38.56029,-90.27735,Ample,No,2,0,Yes,2,Yes,Yes,1,1,No,No,1,No,Yes,2,No,No,No,Residential,high,29510101200
1932,38.56197,-90.27715,Ample,No,2,0,Yes,2,Yes,Yes,1,1,No,No,1,No,Yes,2,No,No,No,Residential,high,29510101200
1933,38.56302,-90.27748,Ample,No,2,0,Yes,2,Yes,Yes,1,1,No,No,1,No,Yes,2,No,No,No,Residential,medium,29510101200
1934,38.56418,-90.27747,Ample,No,2,0,Yes,2,Yes,Yes,1,1,No,No,1,No,Yes,2,No,No,No,Residential,medium,29510101200
1935,38.56571,-90.27751,Ample,No,2,0,Yes,2,Yes,Yes,1,1,No,No,1,No,Yes,2,No,No,No,Commercial,high,29510102300
1936,38.56718,-90.27731,Ample,No,2,0,Yes,2,Yes,Yes,1,1,No,No,1,No,Yes,2,No,No,No,Residential,high,29510102500
1937,38.5683,-90.27742,Ample,No,2,0,Yes,2,Yes,Yes,1,1,No,No,1,No,Yes,2,No,No,No,Residential,medium,29510102500
1938,38.56965,-90.27731,Ample,No,2,0,Yes,2,Yes,Yes,1,1,No,No,1,No,Yes,2,No,No,No,Residential,medium,29510102500
1939,38.57109,-90.27735,Ample,No,2,0,Yes,2,Yes,Yes,1,0,No,No,1,Yes,Yes,2,No,No,No,Residential,medium,29510102500
193,38.60584,-90.30799,Ample,No,2,0,Yes,2,Yes,Yes,1,1,No,No,2,No,Yes,2,No,No,No,Commercial,high,29510126800
1940,38.57238,-90.27739,Ample,No,0,0,Yes,2,Yes,Yes,1,1,No,No,1,Yes,Yes,2,No,No,No,Residential,high,29510102500
1941,38.57378,-90.27703,Ample,No,0,0,Yes,2,Yes,Yes,1,0,No,No,1,Yes,Yes,2,No,No,No,Residential,high,29510102500
1942,38.5751,-90.27741,Ample,No,0,0,Yes,2,Yes,Yes,1,1,No,No,1,Yes,Yes,2,No,No,No,Residential,high,29510102500
1943,38.57642,-90.27738,Ample,No,2,0,Yes,2,Yes,Yes,1,0,No,No,1,No,Yes,2,No,No,No,Residential,medium,29510102400
1944,38.57795,-90.277,Ample,No,2,0,Yes,2,Yes,Yes,1,0,No,No,1,No,Yes,2,No,No,Yes,Residential,high,29510102400
1945,38.57921,-90.27745,Ample,No,2,0,Yes,2,Yes,Yes,1,1,Yes,No,1,No,Yes,2,No,No,No,Residential,medium,29510102400
1946,38.58032,-90.27745,Some,No,2,0,Yes,2,No,Yes,0,0,No,No,1,No,Yes,2,No,No,No,Residential,high,29510102400
1947,38.58189,-90.27755,Ample,No,2,0,Yes,2,No,Yes,1,1,No,No,2,No,Yes,2,No,No,No,Residential,medium,29510115100
1948,38.58328,-90.2776,Ample,No,2,0,Yes,2,Yes,Yes,1,1,No,No,1,Yes,Yes,2,No,Yes,No,Residential,medium,29510114300
1949,38.58432,-90.27746,Ample,No,2,0,Yes,2,Yes,Yes,1,1,No,No,1,No,Yes,2,No,No,No,Residential,medium,29510114300
1950,38.58572,-90.27738,Ample,No,2,0,Yes,2,Yes,Yes,0,0,No,No,1,No,Yes,2,No,No,No,Residential,high,29510114300
1951,38.58709,-90.27747,Ample,No,2,0,Yes,2,Yes,Yes,1,1,No,No,1,No,Yes,2,No,No,No,Residential,medium,29510114300
1952,38.58844,-90.27738,Ample,No,2,0,Yes,2,Yes,Yes,1,1,No,No,1,No,Yes,2,No,No,No,Residential,high,29510114300
1953,38.58979,-90.27746,Ample,No,2,0,Yes,2,Yes,Yes,1,0,No,No,1,No,Yes,2,No,No,No,Residential,high,29510114101
1954,38.59164,-90.27736,Ample,No,2,0,Yes,2,Yes,Yes,1,0,No,No,1,No,Yes,2,No,No,No,Residential,medium,29510114101
1955,38.59254,-90.27743,Ample,No,2,0,Yes,2,Yes,Yes,1,0,No,No,1,No,Yes,2,No,No,No,Residential,high,29510114101
1956,38.5938,-90.27739,Ample,Yes,2,0,Yes,2,Yes,Yes,1,1,No,No,1,No,Yes,2,No,No,Yes,Residential,medium,29510114101
1957,38.59548,-90.27734,Some,No,2,0,Yes,2,Yes,Yes,0,0,No,No,1,No,Yes,2,No,No,No,Residential,high,29510114200
1958,38.59672,-90.27742,Ample,No,2,0,Yes,2,Yes,Yes,1,0,No,No,1,No,Yes,2,No,No,No,Residential,medium,29510114200
1959,38.59776,-90.27742,Ample,No,2,0,Yes,2,Yes,Yes,1,1,No,No,1,Yes,Yes,2,No,No,No,Residential,high,29510114200
1960,38.59939,-90.27742,Ample,No,2,0,Yes,2,Yes,Yes,1,1,No,No,1,No,Yes,2,No,No,Yes,Residential,high,29510114200
1961,38.60064,-90.27716,Ample,No,2,0,Yes,2,Yes,Yes,1,1,No,No,1,No,Yes,2,No,No,No,Residential,high,29510127200
1963,38.60343,-90.27743,Ample,No,2,0,Yes,2,Yes,Yes,1,0,No,No,1,No,Yes,2,No,No,No,Residential,INVALID,29510127200
1964,38.60493,-90.27802,Ample,No,2,0,Yes,2,Yes,Yes,1,1,No,No,1,No,Yes,2,No,No,No,Commercial,INVALID,29510127200
1965,38.60583,-90.27744,Ample,No,2,0,Yes,2,Yes,Yes,1,1,No,No,1,No,Yes,2,No,No,No,Residential,high,29510127200
1966,38.60769,-90.27738,Some,No,2,0,Yes,2,Yes,Yes,1,1,No,No,1,No,Yes,2,No,No,No,Residential,high,29510127200
1967,38.60851,-90.27743,Ample,No,2,0,Yes,2,Yes,Yes,0,0,No,No,1,No,Yes,2,No,No,No,Residential,high,29510127200
1968,38.61028,-90.27737,Ample,No,2,0,Yes,2,Yes,Yes,0,0,No,No,1,No,Yes,2,No,No,No,Residential,low,29510127200
1969,38.61122,-90.2774,Ample,No,2,0,Yes,2,Yes,Yes,1,1,No,No,1,No,Yes,2,No,No,No,Residential,high,29510113500
196,38.60978,-90.30868,Ample,No,0,0,Yes,2,Yes,Yes,1,1,No,No,2,Yes,Yes,2,No,No,Yes,Residential,high,29510126800
1970,38.61246,-90.27741,Ample,No,2,0,Yes,2,Yes,Yes,1,1,No,No,1,No,Yes,2,No,No,No,Residential,low,29510113500
1971,38.6142,-90.27768,Ample,No,2,0,Yes,2,Yes,Yes,1,0,No,No,1,No,Yes,2,No,No,Yes,Residential,high,29510113500
1972,38.61555,-90.27741,Ample,No,2,0,Yes,2,Yes,Yes,1,1,Yes,Yes,1,No,Yes,2,No,No,No,Residential,medium,29510113500
1973,38.61683,-90.27715,Ample,No,2,0,Yes,2,Yes,Yes,1,1,No,No,1,No,Yes,2,No,No,No,Residential,INVALID,29510113500
1974,38.61845,-90.27739,Ample,No,2,0,Yes,2,Yes,Yes,1,1,No,No,1,Yes,Yes,2,No,No,No,Residential,low,29510113500
1975,38.6197,-90.27744,Ample,No,0,0,No,2,Yes,Yes,1,1,No,No,1,No,Yes,2,No,No,No,Commercial,medium,29510113500
1976,38.62115,-90.2774,Ample,No,2,0,Yes,2,Yes,Yes,1,1,No,No,1,No,Yes,2,No,No,No,Commercial,high,29510113500
1978,38.62369,-90.27744,Ample,No,2,0,Yes,2,Yes,Yes,1,1,Yes,No,1,No,Yes,2,No,No,No,Commercial,low,29510104500
197,38.6115,-90.30864,Ample,No,2,0,Yes,2,No,Yes,0,0,No,No,1,No,Yes,2,No,No,No,Residential,high,29510126800
1980,38.62627,-90.27765,Ample,No,2,0,Yes,2,Yes,Yes,1,1,No,No,2,No,Yes,2,No,No,No,Commercial,INVALID,29510104500
1981,38.62788,-90.27732,Ample,No,2,0,Yes,2,Yes,Yes,1,1,No,No,1,No,Yes,2,No,No,No,Commercial,high,29510104500
1982,38.62869,-90.27744,Ample,No,2,0,No,2,Yes,Yes,1,1,No,No,1,Yes,Yes,2,No,No,No,Residential,high,29510104500
1983,38.63041,-90.27743,Ample,No,0,1,No,2,Yes,Yes,1,1,No,No,1,Yes,Yes,2,No,No,No,Commercial,high,29510112100
1984,38.63187,-90.27737,Ample,No,2,0,Yes,2,Yes,Yes,1,0,No,No,2,Yes,Yes,2,No,Yes,Yes,Residential,high,29510112100
1985,38.63312,-90.27737,Ample,No,2,0,Yes,2,Yes,Yes,0,0,No,No,2,Yes,Yes,2,No,No,No,Residential,medium,29510112100
1987,38.63569,-90.27734,Ample,No,2,0,Yes,2,Yes,Yes,1,1,No,No,2,Yes,Yes,2,No,No,No,Residential,high,29510112100
1989,38.63842,-90.27744,Ample,No,2,0,Yes,2,Yes,Yes,0,0,No,No,1,Yes,Yes,2,No,No,No,Residential,high,29510112100
198,38.61306,-90.30839,Ample,No,2,0,Yes,2,Yes,Yes,1,0,No,Yes,1,No,Yes,2,No,No,Yes,Residential,medium,29510126800
1990,38.63966,-90.27698,Ample,No,2,0,Yes,2,Yes,Yes,1,0,No,No,1,Yes,Yes,2,No,No,No,Residential,high,29510112100
1991,38.64123,-90.27737,Ample,No,0,0,Yes,2,Yes,Yes,1,1,No,No,2,Yes,Yes,2,No,No,Yes,Residential,high,29510112100
1992,38.64233,-90.27781,Ample,No,0,0,Yes,2,No,Yes,0,0,No,No,2,Yes,Yes,2,No,Yes,Yes,Residential,high,29510112100
1993,38.64397,-90.27737,Ample,No,0,0,Yes,2,Yes,Yes,1,1,No,No,1,Yes,Yes,2,No,No,No,Residential,high,29510112100
1994,38.6451,-90.27744,Ample,No,2,0,Yes,2,Yes,Yes,0,0,No,Yes,1,Yes,Yes,2,No,No,Yes,Residential,high,29510112100
1995,38.64672,-90.27727,Ample,No,0,0,Yes,2,Yes,Yes,1,1,No,No,1,No,Yes,2,No,No,No,Residential,high,29510112100
1996,38.64791,-90.27744,Ample,No,2,0,Yes,2,Yes,Yes,1,0,No,No,1,No,Yes,2,No,No,Yes,Residential,medium,29510112100
199,38.61397,-90.30831,Ample,No,2,0,Yes,2,Yes,Yes,1,0,No,No,1,No,Yes,2,No,No,No,Residential,high,29510126800
19,38.59135,-90.31627,Ample,No,0,0,Yes,2,Yes,Yes,1,1,No,No,1,Yes,Yes,2,No,No,No,Residential,medium,29510103100
1,38.59265,-90.31915,Ample,No,2,1,Yes,2,Yes,Yes,1,1,No,No,1,Yes,Yes,2,No,Yes,Yes,Commercial,high,29510103800
2000,38.65325,-90.27737,Ample,No,2,0,Yes,2,Yes,Yes,1,0,No,No,1,No,Yes,2,No,No,No,Residential,medium,29510112200
2001,38.65465,-90.27739,Ample,No,2,0,Yes,2,Yes,Yes,1,0,No,No,1,No,Yes,2,No,No,No,Residential,high,29510105500
2003,38.65612,-90.27865,Ample,No,2,0,Yes,2,Yes,Yes,1,1,No,No,2,Yes,Yes,2,No,No,No,Residential,high,29510105500
2004,38.6587,-90.27734,Some,No,2,0,Yes,2,Yes,Yes,0,0,No,No,1,No,Yes,2,No,No,No,Residential,INVALID,29510105500
2005,38.66007,-90.27727,Ample,No,2,0,Yes,2,Yes,Yes,1,1,No,No,1,No,Yes,2,No,No,No,Residential,medium,29510105500
2006,38.66113,-90.27686,Ample,No,2,0,Yes,2,Yes,Yes,1,1,No,No,1,No,Yes,2,No,No,No,Residential,medium,29510105500
2007,38.66323,-90.27753,Ample,No,2,0,Yes,2,Yes,Yes,1,0,No,No,1,Yes,Yes,2,No,No,No,Residential,medium,29510105500
2008,38.66386,-90.27757,Ample,No,2,0,Yes,2,Yes,Yes,1,0,No,No,1,Yes,Yes,2,No,No,Yes,Residential,medium,29510106100
2009,38.66551,-90.27725,Ample,No,0,0,Yes,2,Yes,Yes,1,1,No,No,1,No,Yes,2,No,No,No,Residential,medium,29510106100
200,38.61569,-90.30853,Ample,No,2,0,Yes,2,Yes,Yes,1,1,No,No,1,No,Yes,2,No,No,Yes,Commercial,high,29510126800
2010,38.66665,-90.27724,Ample,No,2,0,Yes,2,Yes,Yes,1,0,No,No,1,Yes,Yes,2,No,No,No,Residential,high,29510106100
2011,38.66808,-90.27739,Ample,No,2,0,Yes,2,Yes,Yes,1,1,No,No,1,No,Yes,2,No,No,No,Residential,medium,29510106100
2012,38.66927,-90.27755,Ample,No,2,0,Yes,2,Yes,Yes,1,1,No,No,1,Yes,Yes,2,No,No,No,Residential,medium,29510106100
2013,38.67096,-90.2773,Ample,No,2,0,Yes,2,Yes,Yes,1,1,No,No,1,Yes,Yes,2,No,No,No,Residential,high,29510106100
2014,38.67212,-90.27745,Ample,No,2,0,Yes,2,Yes,Yes,1,1,No,No,1,No,Yes,2,No,No,No,Residential,high,29510106300
2015,38.67315,-90.27762,Ample,No,0,0,Yes,2,Yes,Yes,1,1,No,Yes,1,No,Yes,2,No,No,No,Residential,INVALID,29510106300
2016,38.67483,-90.2775,Ample,No,0,0,Yes,2,Yes,Yes,1,1,No,No,1,No,Yes,2,No,No,No,Residential,high,29510106300
2017,38.67625,-90.27738,Ample,No,2,0,Yes,2,Yes,Yes,1,0,No,No,1,No,Yes,2,No,No,No,Residential,medium,29510106200
2018,38.67756,-90.27739,Some,No,2,0,Yes,2,No,Yes,1,1,No,No,2,Yes,Yes,2,No,No,No,Residential,high,29510106200
2019,38.67917,-90.27719,Some,No,0,0,Yes,2,Yes,Yes,1,1,No,No,1,No,Yes,2,No,No,No,Residential,high,29510106200
201,38.61677,-90.30834,Ample,No,2,1,Yes,2,Yes,Yes,1,1,No,No,1,No,Yes,2,No,No,No,Commercial,medium,29510126800
2020,38.68022,-90.27734,Ample,No,2,0,Yes,2,No,Yes,1,1,No,No,1,No,Yes,2,No,No,Yes,Residential,high,29510106200
2021,38.68159,-90.27737,Ample,No,0,0,No,2,No,Yes,1,1,No,No,1,No,Yes,2,No,No,No,Commercial,high,29510106200
2025,38.55103,-90.27583,Ample,No,2,0,Yes,2,Yes,Yes,1,1,No,No,1,No,Yes,2,No,No,Yes,Residential,medium,29510101100
2026,38.55259,-90.27603,Ample,No,0,0,No,2,Yes,Yes,1,0,No,No,1,No,Yes,2,No,No,No,Residential,medium,29510101100
2027,38.55345,-90.27603,Ample,No,2,0,Yes,2,Yes,Yes,1,1,No,No,1,No,Yes,2,No,No,No,Residential,high,29510101100
2028,38.55469,-90.27619,Ample,No,2,0,Yes,2,Yes,Yes,1,1,No,No,1,No,Yes,2,No,Yes,No,Residential,high,29510101100
2029,38.55658,-90.27605,Ample,No,0,0,Yes,2,Yes,Yes,0,0,No,No,2,Yes,Yes,2,No,No,No,Residential,INVALID,29510101200
202,38.61807,-90.30844,Ample,No,2,0,Yes,2,Yes,Yes,1,1,No,No,1,No,Yes,2,No,No,No,Residential,medium,29510126800
2030,38.55762,-90.276,Ample,No,2,0,Yes,2,Yes,Yes,1,0,No,No,1,No,Yes,2,No,No,No,Residential,high,29510101200
2031,38.559,-90.2762,Ample,No,2,0,Yes,2,Yes,Yes,1,1,No,No,1,No,Yes,2,No,No,No,Residential,medium,29510101200
2032,38.56032,-90.27612,Ample,No,2,0,Yes,2,Yes,Yes,1,1,No,No,1,No,Yes,2,No,No,No,Residential,medium,29510101200
2033,38.56148,-90.2762,Ample,No,2,0,Yes,2,Yes,Yes,1,0,No,No,1,No,Yes,2,No,No,No,Residential,high,29510101200
2034,38.56332,-90.27581,Ample,No,2,0,Yes,2,Yes,Yes,1,0,No,No,1,No,Yes,2,No,No,No,Residential,high,29510101200
2035,38.56441,-90.27597,Ample,No,2,0,Yes,2,Yes,Yes,1,1,No,No,1,No,Yes,2,No,No,No,Residential,high,29510101200
2036,38.56554,-90.27615,Ample,No,2,0,Yes,2,Yes,Yes,1,0,No,No,1,No,Yes,2,No,No,No,Residential,medium,29510101200
2037,38.5671,-90.2762,Ample,No,2,0,Yes,2,Yes,Yes,1,0,No,No,1,No,Yes,2,No,No,No,Residential,INVALID,29510102500
2038,38.56855,-90.27595,Ample,No,2,0,Yes,2,Yes,Yes,1,1,No,No,1,No,Yes,2,No,No,No,Residential,high,29510102500
2039,38.56964,-90.27603,Ample,No,2,0,Yes,2,Yes,Yes,1,0,No,No,1,No,Yes,2,No,No,No,Residential,high,29510102500
203,38.61956,-90.3086,Ample,No,2,0,Yes,2,Yes,Yes,1,1,No,No,1,No,Yes,2,No,No,No,Residential,high,29510126800
2040,38.57113,-90.27602,Ample,No,2,0,Yes,2,Yes,Yes,1,0,No,No,1,Yes,Yes,2,No,No,No,Residential,medium,29510102500
2041,38.57244,-90.27602,Ample,No,2,0,Yes,2,Yes,Yes,1,1,No,No,1,No,Yes,2,No,No,No,Residential,high,29510102500
2042,38.57358,-90.27572,Ample,No,2,0,Yes,2,Yes,Yes,1,0,No,No,1,Yes,Yes,2,No,No,No,Residential,medium,29510102500
2043,38.57503,-90.27601,Ample,No,2,0,Yes,2,Yes,Yes,1,1,No,No,1,Yes,Yes,2,No,No,No,Residential,medium,29510102500
2044,38.5765,-90.27616,Ample,No,2,0,Yes,2,Yes,Yes,1,1,Yes,No,1,Yes,Yes,2,No,Yes,No,Residential,medium,29510102400
2045,38.57776,-90.27578,Ample,No,2,0,No,2,Yes,Yes,1,1,No,No,1,Yes,Yes,2,No,No,No,Residential,medium,29510102400
2046,38.57913,-90.27576,Ample,No,2,0,Yes,2,Yes,Yes,1,1,No,No,1,Yes,Yes,2,No,No,No,Residential,medium,29510102400
2047,38.5805,-90.27589,Ample,No,0,0,Yes,2,Yes,Yes,1,0,No,No,1,Yes,Yes,2,No,Yes,No,Residential,high,29510115100
2048,38.58191,-90.27578,Ample,No,0,0,Yes,2,Yes,Yes,0,0,No,No,2,Yes,Yes,2,No,No,No,Residential,medium,29510115100
2049,38.5832,-90.276,Some,No,2,0,Yes,2,No,Yes,1,1,No,No,2,No,Yes,2,No,No,No,Residential,INVALID,29510115100
204,38.62089,-90.30834,Ample,No,2,0,Yes,2,Yes,Yes,1,1,No,No,1,No,Yes,2,No,No,No,Residential,medium,29510126800
2050,38.58451,-90.27602,Ample,No,2,0,No,2,No,Yes,1,1,No,No,1,No,Yes,2,No,No,No,Commercial,medium,29510115100
2051,38.58592,-90.27606,Ample,No,2,0,Yes,2,Yes,Yes,1,1,No,No,1,No,Yes,2,No,No,No,Commercial,high,29510115100
2052,38.58731,-90.27618,Ample,No,2,0,Yes,2,Yes,Yes,1,1,No,No,1,No,Yes,2,No,No,No,Commercial,high,29510114300
2053,38.58872,-90.27603,Ample,No,2,0,Yes,2,Yes,Yes,1,1,No,No,1,No,Yes,2,No,No,No,Residential,high,29510114300
2054,38.59005,-90.27607,Some,No,2,0,Yes,2,Yes,Yes,1,1,No,No,1,No,Yes,2,No,No,No,Residential,low,29510114101
2055,38.59149,-90.27605,Ample,No,2,0,Yes,2,Yes,Yes,1,0,No,No,1,No,Yes,2,No,No,No,Residential,medium,29510114101
2056,38.59282,-90.27607,Ample,No,2,0,Yes,2,Yes,Yes,1,1,No,No,1,No,Yes,2,No,No,No,Residential,high,29510114101
2057,38.59401,-90.27612,Ample,No,2,0,Yes,2,Yes,Yes,1,1,No,No,1,No,Yes,2,No,No,No,Residential,medium,29510114101
2058,38.59535,-90.27608,Ample,No,2,0,Yes,2,Yes,Yes,0,0,No,No,1,No,Yes,2,No,No,No,Residential,low,29510114200
2059,38.59659,-90.27607,Ample,No,2,0,Yes,2,Yes,Yes,1,0,No,No,1,No,Yes,2,No,No,Yes,Residential,high,29510114200
205,38.6222,-90.30808,Ample,No,2,0,Yes,2,Yes,Yes,1,1,No,No,1,No,Yes,2,No,No,No,Residential,medium,29510126800
2060,38.59763,-90.27618,Ample,No,2,0,Yes,2,Yes,Yes,1,1,No,No,1,Yes,Yes,2,No,No,Yes,Residential,medium,29510114200
2061,38.59938,-90.276,Ample,No,2,0,Yes,2,Yes,Yes,1,1,No,No,1,No,Yes,2,No,No,No,Residential,medium,29510114200
2062,38.60074,-90.27607,Ample,No,2,0,No,2,Yes,Yes,1,1,No,No,1,No,Yes,2,No,No,Yes,Commercial,medium,29510127200
2063,38.60186,-90.27599,Some,No,0,0,Yes,2,Yes,Yes,1,0,No,No,1,No,Yes,2,No,No,No,Residential,high,29510127200
2064,38.6034,-90.27629,Ample,No,0,0,Yes,2,Yes,Yes,1,1,No,No,1,No,Yes,2,No,No,No,Residential,low,29510127200
2065,38.60473,-90.27606,Ample,No,0,0,Yes,2,Yes,Yes,1,0,No,No,1,No,Yes,2,No,No,No,Residential,high,29510127200
2066,38.60606,-90.27583,Ample,No,2,0,Yes,2,Yes,Yes,1,1,No,No,1,No,Yes,2,No,No,No,Residential,medium,29510127200
2067,38.60756,-90.27608,Some,No,2,0,Yes,2,Yes,Yes,0,0,No,No,1,No,Yes,2,No,No,No,Residential,INVALID,29510127200
2068,38.60901,-90.27602,No,No,2,0,Yes,2,Yes,Yes,1,1,No,No,1,No,Yes,2,No,No,No,Residential,low,29510127200
2069,38.61033,-90.27603,No,No,2,0,No,2,No,Yes,1,1,No,No,1,No,Yes,2,No,No,No,Residential,high,29510127200
206,38.62373,-90.30798,Ample,No,2,0,No,2,No,Yes,0,0,No,No,1,No,No,2,No,Yes,No,Commercial,high,29510126800
2070,38.61145,-90.27596,Ample,No,2,0,Yes,2,Yes,Yes,1,1,No,No,1,Yes,Yes,2,No,No,No,Residential,high,29510113500
2071,38.61278,-90.2757,Ample,No,2,0,Yes,2,No,Yes,1,1,No,No,1,No,Yes,2,No,No,No,Residential,INVALID,29510113500
2073,38.6155,-90.27606,Some,No,2,0,Yes,2,Yes,Yes,1,1,No,No,1,No,Yes,2,No,No,No,Residential,medium,29510113500
2074,38.61714,-90.27596,Ample,No,2,0,Yes,2,Yes,Yes,1,1,No,No,1,No,Yes,2,No,No,No,Residential,medium,29510113500
2075,38.61831,-90.27602,Ample,No,2,0,Yes,2,Yes,Yes,1,1,No,No,1,No,Yes,2,No,No,No,Residential,high,29510113500
2076,38.61942,-90.27606,Ample,No,0,0,Yes,2,Yes,Yes,0,0,No,No,1,No,Yes,2,No,No,No,Residential,high,29510113500
2077,38.62092,-90.27631,Ample,No,2,0,Yes,2,Yes,Yes,1,1,No,No,1,No,Yes,2,No,No,No,Commercial,low,29510113500
2078,38.62228,-90.27605,Ample,Yes,0,0,Yes,2,Yes,Yes,0,0,No,No,2,No,Yes,2,No,No,No,Commercial,high,29510113500
2079,38.62376,-90.27586,Ample,No,2,0,Yes,2,No,Yes,1,1,Yes,No,1,No,Yes,2,No,No,Yes,Commercial,INVALID,29510104500
207,38.6254,-90.30835,Ample,No,2,0,Yes,2,No,Yes,1,1,No,No,1,No,Yes,2,No,No,No,Residential,high,29510126800
2080,38.62487,-90.27551,Ample,No,2,0,Yes,2,Yes,Yes,1,1,Yes,No,1,No,Yes,2,No,No,No,Residential,INVALID,29510104500
2081,38.62637,-90.27606,No,No,2,0,No,2,No,Yes,0,0,No,No,1,No,No,2,No,No,No,Commercial,high,29510104500
2082,38.62776,-90.27607,Ample,No,2,0,Yes,2,Yes,Yes,1,1,No,No,1,No,Yes,2,No,No,Yes,Commercial,high,29510104500
2083,38.62857,-90.27615,Ample,No,2,0,Yes,2,Yes,Yes,0,0,No,No,1,No,Yes,2,No,No,No,Commercial,high,29510104500
2084,38.63027,-90.27604,Ample,No,0,0,No,2,Yes,Yes,1,1,No,No,1,Yes,Yes,2,No,No,No,Commercial,high,29510112100
2085,38.63174,-90.27603,Ample,No,0,0,Yes,2,No,Yes,0,0,No,No,2,Yes,Yes,2,No,No,No,Residential,high,29510112100
2086,38.63309,-90.27602,Ample,No,2,0,Yes,2,Yes,Yes,0,0,No,No,2,Yes,Yes,2,No,No,No,Residential,medium,29510112100
2088,38.63615,-90.27609,Ample,No,2,0,Yes,2,Yes,Yes,1,0,No,No,1,Yes,Yes,2,No,No,No,Residential,INVALID,29510112100
2089,38.63617,-90.27562,Ample,No,2,0,Yes,2,Yes,Yes,1,0,No,No,2,Yes,Yes,2,No,No,No,Residential,high,29510112100
208,38.62687,-90.30841,Ample,No,2,0,Yes,2,Yes,Yes,1,1,No,No,1,No,Yes,2,No,No,No,Residential,medium,29510126800
2091,38.64011,-90.27639,Ample,No,2,0,Yes,2,Yes,Yes,1,0,No,No,2,Yes,Yes,2,No,No,No,Residential,medium,29510112100
2092,38.64104,-90.27603,Ample,No,0,0,Yes,2,Yes,Yes,1,1,No,No,1,Yes,Yes,2,No,No,No,Residential,low,29510112100
2093,38.64235,-90.276,No,No,0,0,No,1,No,Yes,0,0,No,No,1,Yes,Yes,2,No,No,No,Residential,medium,29510112100
2094,38.64383,-90.27604,Ample,No,2,0,Yes,2,No,Yes,1,1,No,No,2,Yes,Yes,2,No,No,Yes,Residential,high,29510112100
2095,38.64515,-90.27605,Ample,No,2,0,Yes,2,Yes,Yes,1,0,Yes,No,1,Yes,Yes,2,No,No,No,Residential,medium,29510112100
2096,38.64628,-90.27628,Ample,No,0,0,Yes,2,Yes,Yes,1,1,No,No,1,No,Yes,2,No,No,No,Residential,high,29510112100
2097,38.64777,-90.27608,Ample,No,2,0,Yes,2,Yes,Yes,1,0,No,No,1,No,Yes,2,No,No,No,Residential,high,29510112100
209,38.6279,-90.30831,Ample,No,2,0,Yes,2,Yes,Yes,1,1,No,No,1,No,Yes,2,No,No,No,Residential,medium,29510104200
20,38.59259,-90.31637,Ample,No,2,0,Yes,2,Yes,Yes,1,0,No,No,1,No,Yes,2,No,No,No,Residential,high,29510103800
2101,38.65315,-90.27597,Ample,No,2,0,Yes,2,Yes,Yes,1,0,No,No,1,No,Yes,2,No,No,No,Residential,medium,29510112200
2102,38.65452,-90.27608,Ample,No,2,0,Yes,2,Yes,Yes,1,1,No,No,2,No,Yes,2,No,No,No,Residential,INVALID,29510105500
2104,38.65784,-90.27546,Ample,No,2,0,Yes,2,Yes,Yes,1,1,No,Yes,1,No,Yes,2,No,No,No,Residential,high,29510105500
2105,38.65857,-90.27603,No,No,0,0,Yes,2,Yes,Yes,1,1,No,No,1,No,Yes,2,No,No,No,Residential,high,29510105500
2106,38.65994,-90.276,Ample,No,2,0,Yes,2,Yes,Yes,1,1,No,No,1,No,Yes,2,No,No,No,Residential,high,29510105500
2107,38.66139,-90.27606,Some,No,2,0,Yes,2,Yes,Yes,1,1,No,No,1,Yes,Yes,2,No,No,No,Residential,medium,29510105500
2108,38.66284,-90.27635,Ample,No,2,0,Yes,2,No,Yes,1,1,Yes,No,1,No,Yes,2,No,No,No,Residential,medium,29510105500
2109,38.66384,-90.27563,Ample,No,2,0,Yes,2,Yes,Yes,1,1,No,No,2,No,Yes,2,No,No,No,Residential,high,29510106100
210,38.62899,-90.30842,Ample,No,0,0,Yes,2,Yes,Yes,1,1,No,No,2,No,Yes,2,No,No,No,Commercial,low,29510104200
2110,38.66531,-90.27577,Ample,No,2,0,Yes,2,Yes,Yes,1,0,No,No,1,No,Yes,2,No,No,No,Residential,medium,29510106100
2111,38.66674,-90.27596,Ample,No,2,0,Yes,2,Yes,Yes,1,0,No,No,1,No,Yes,2,No,No,No,Residential,high,29510106100
2112,38.6681,-90.27619,Ample,No,2,0,Yes,2,Yes,Yes,1,1,No,No,1,No,Yes,2,No,No,No,Residential,medium,29510106100
2113,38.66953,-90.27635,Ample,No,2,0,Yes,2,Yes,Yes,1,1,Yes,No,1,Yes,Yes,2,No,No,Yes,Residential,INVALID,29510106100
2114,38.67044,-90.27635,Ample,No,2,0,Yes,2,Yes,Yes,1,1,Yes,No,1,No,Yes,2,No,No,No,Residential,medium,29510106300
2115,38.67197,-90.27621,Some,No,0,0,Yes,2,No,Yes,0,0,No,No,1,No,Yes,2,No,No,No,Residential,medium,29510106300
2116,38.67366,-90.27589,Ample,No,0,0,Yes,2,Yes,Yes,1,1,No,No,1,Yes,Yes,2,No,No,No,Residential,high,29510106300
2117,38.67496,-90.27595,Ample,No,2,0,Yes,2,Yes,Yes,1,1,No,No,1,No,Yes,2,No,No,No,Residential,high,29510106300
2118,38.676,-90.27615,Ample,No,0,0,Yes,2,Yes,Yes,1,1,No,No,1,No,Yes,2,No,No,No,Residential,high,29510106300
2119,38.67766,-90.276,Ample,No,2,0,Yes,2,Yes,Yes,1,1,No,No,1,No,Yes,2,No,No,No,Residential,high,29510106200
211,38.63035,-90.30836,Ample,No,0,0,Yes,2,Yes,Yes,0,0,No,No,1,No,Yes,2,No,No,No,Residential,high,29510104200
2120,38.67875,-90.27617,Ample,No,0,0,Yes,2,Yes,Yes,1,1,No,No,1,No,Yes,2,No,No,No,Residential,high,29510106200
2121,38.68018,-90.27602,Some,No,2,0,Yes,2,No,Yes,1,1,No,No,2,No,Yes,2,No,No,Yes,Residential,high,29510106200
2122,38.68126,-90.27682,Ample,No,0,0,Yes,2,No,Yes,1,1,No,No,2,No,Yes,2,No,No,No,Residential,high,29510106200
2127,38.55094,-90.27484,Ample,No,2,0,Yes,2,Yes,Yes,1,1,No,No,1,No,Yes,2,No,No,No,Residential,medium,29510101100
2128,38.55235,-90.27425,Ample,No,0,0,Yes,2,Yes,Yes,0,0,No,No,1,No,Yes,2,No,No,Yes,Residential,high,29510101100
2129,38.55371,-90.27452,Ample,No,2,0,Yes,2,Yes,Yes,1,0,No,No,1,No,Yes,2,No,No,No,Residential,high,29510101100
212,38.57253,-90.30679,Ample,No,0,0,Yes,2,Yes,Yes,1,0,No,No,1,Yes,Yes,2,No,No,No,Residential,medium,29510102100
2130,38.55485,-90.27474,Ample,No,2,0,Yes,2,Yes,Yes,1,1,No,No,1,No,Yes,2,No,No,No,Residential,medium,29510101100
2131,38.55658,-90.27464,Ample,No,0,0,Yes,2,Yes,Yes,0,0,No,No,2,Yes,Yes,2,No,No,No,Residential,high,29510101200
2132,38.5576,-90.27467,Ample,No,2,0,Yes,2,Yes,Yes,1,1,No,No,1,No,Yes,2,No,No,No,Residential,high,29510101200
2133,38.55907,-90.27496,Ample,No,2,0,Yes,2,Yes,Yes,1,1,No,No,1,No,Yes,2,No,No,No,Residential,high,29510101200
2134,38.56026,-90.27476,Ample,No,2,0,Yes,2,Yes,Yes,1,1,No,No,1,No,Yes,2,No,No,No,Residential,high,29510101200
2135,38.56154,-90.27455,Ample,No,2,0,Yes,2,Yes,Yes,1,0,No,No,1,No,Yes,2,No,No,No,Residential,high,29510101200
2136,38.56282,-90.27486,Ample,No,2,0,Yes,2,Yes,Yes,1,1,No,No,1,No,Yes,2,No,No,No,Residential,medium,29510101200
2137,38.56426,-90.27474,Ample,No,2,0,Yes,2,Yes,Yes,1,1,No,No,2,No,Yes,2,No,No,No,Residential,medium,29510101200
2138,38.56577,-90.27457,Ample,No,2,0,Yes,2,Yes,Yes,1,0,No,No,1,No,Yes,2,No,No,No,Residential,medium,29510101200
2139,38.56691,-90.27486,Ample,No,2,0,Yes,2,Yes,Yes,1,1,Yes,No,2,No,Yes,2,No,No,No,Residential,medium,29510101200
2140,38.5685,-90.27493,Ample,No,2,0,Yes,2,Yes,Yes,1,0,No,No,1,No,Yes,2,No,No,No,Residential,high,29510102500
2141,38.57009,-90.2744,Ample,No,2,0,Yes,2,Yes,Yes,1,0,No,No,1,Yes,Yes,2,No,No,Yes,Residential,high,29510102500
2142,38.57129,-90.27509,Ample,No,2,0,Yes,2,Yes,Yes,1,1,No,No,1,No,Yes,2,No,No,No,Residential,medium,29510102500
2144,38.57359,-90.27445,Ample,No,2,0,Yes,2,Yes,Yes,1,1,No,No,1,No,Yes,2,No,No,No,Residential,medium,29510102500
2145,38.57498,-90.27442,Ample,No,2,0,Yes,2,Yes,Yes,1,0,No,No,1,No,Yes,2,No,No,No,Residential,medium,29510102500
2146,38.57619,-90.27442,Ample,No,2,0,Yes,2,Yes,Yes,1,1,No,No,1,No,Yes,2,No,No,No,Residential,high,29510102500
2147,38.57771,-90.27469,Some,No,2,0,Yes,2,No,Yes,0,0,No,No,1,No,Yes,2,No,No,No,Residential,INVALID,29510102400
2148,38.57913,-90.27447,Ample,No,2,0,Yes,2,Yes,Yes,1,0,Yes,No,1,No,Yes,2,No,No,No,Residential,medium,29510102400
2149,38.58052,-90.27458,Ample,No,2,0,Yes,2,Yes,Yes,1,1,No,No,1,No,Yes,2,No,No,No,Residential,high,29510115100
2150,38.58183,-90.27474,Ample,No,2,0,Yes,2,Yes,Yes,1,1,No,No,1,No,Yes,2,No,No,No,Residential,high,29510115100
2151,38.58332,-90.2746,Ample,No,2,0,Yes,2,Yes,Yes,1,0,No,No,1,No,Yes,2,No,No,No,Residential,medium,29510115100
2152,38.58469,-90.275,Ample,No,2,0,Yes,2,Yes,Yes,1,1,No,No,1,No,Yes,2,No,Yes,Yes,Commercial,high,29510115100
2153,38.58584,-90.27461,Ample,No,2,0,Yes,2,No,Yes,1,1,No,No,2,No,Yes,2,No,No,No,Commercial,high,29510115100
2154,38.58715,-90.27425,Ample,No,2,0,Yes,2,Yes,Yes,1,1,No,No,1,No,Yes,2,No,No,No,Commercial,low,29510115100
2155,38.58842,-90.27477,Ample,Yes,0,0,Yes,2,Yes,Yes,1,1,No,No,2,No,Yes,2,No,No,No,Commercial,high,29510115100
2156,38.58984,-90.27444,Ample,Yes,2,0,Yes,2,Yes,Yes,1,1,No,No,1,No,Yes,2,No,No,No,Commercial,medium,29510114101
2157,38.59137,-90.27485,Ample,No,2,0,Yes,2,Yes,Yes,1,1,No,No,1,No,Yes,2,No,No,No,Residential,high,29510114101
2158,38.59265,-90.27468,Some,Yes,2,0,Yes,2,Yes,Yes,1,1,No,No,1,No,Yes,2,No,No,No,Residential,INVALID,29510114101
2159,38.59394,-90.27466,Ample,No,2,0,Yes,2,Yes,Yes,1,1,Yes,No,1,No,Yes,2,No,No,No,Residential,high,29510114101
2160,38.59521,-90.27472,Ample,No,2,0,Yes,2,Yes,Yes,1,1,No,No,1,No,Yes,2,No,No,No,Residential,low,29510114200
2161,38.59661,-90.27471,Ample,No,2,0,Yes,2,Yes,Yes,1,1,No,No,1,No,Yes,2,No,No,No,Residential,high,29510114200
2162,38.59791,-90.2747,No,Yes,2,0,Yes,2,Yes,Yes,0,0,No,No,1,No,Yes,2,No,No,No,Residential,high,29510114200
2163,38.59925,-90.27467,Ample,No,2,0,Yes,2,Yes,Yes,1,0,No,Yes,1,No,Yes,2,No,No,Yes,Residential,medium,29510114200
2164,38.60073,-90.27499,Ample,No,2,0,Yes,2,Yes,Yes,1,1,No,No,1,No,Yes,2,No,No,No,Commercial,INVALID,29510127200
2165,38.60167,-90.27497,Some,No,2,0,Yes,2,No,Yes,1,1,No,No,1,No,Yes,2,No,No,No,Commercial,INVALID,29510127200
2168,38.60613,-90.2747,Ample,No,0,0,No,2,Yes,Yes,1,1,No,No,1,No,Yes,2,No,No,Yes,Commercial,medium,29510127200
216,38.5776,-90.30719,Ample,No,2,0,Yes,2,Yes,Yes,1,1,No,No,1,No,Yes,2,No,No,No,Residential,medium,29510102200
2170,38.60896,-90.27538,Ample,No,2,0,Yes,2,Yes,Yes,1,1,No,No,1,No,Yes,2,No,No,No,Residential,low,29510127200
2171,38.61017,-90.27518,Ample,No,2,0,Yes,2,Yes,Yes,1,0,No,No,1,No,Yes,2,No,No,No,Residential,high,29510127200
2172,38.6118,-90.27466,Some,No,2,0,Yes,2,No,Yes,1,1,No,No,1,No,Yes,2,No,No,No,Residential,low,29510113500
2173,38.61278,-90.2747,No,No,2,0,Yes,2,Yes,Yes,1,1,No,No,1,No,Yes,2,No,No,No,Residential,low,29510113500
2174,38.61412,-90.27469,Some,No,2,0,Yes,2,No,Yes,1,1,No,No,1,No,Yes,2,No,No,No,Residential,INVALID,29510113500
2175,38.61535,-90.27474,Some,No,2,0,Yes,2,No,Yes,1,1,No,No,1,No,Yes,2,No,No,No,Residential,low,29510113500
2176,38.6169,-90.27488,Ample,No,2,0,Yes,2,Yes,Yes,1,1,No,No,1,No,Yes,2,No,No,No,Residential,high,29510113500
2177,38.61822,-90.27476,Ample,No,2,0,Yes,2,Yes,Yes,1,1,No,No,1,No,Yes,2,No,No,No,Residential,medium,29510113500
2178,38.61985,-90.2746,No,No,2,0,Yes,2,No,Yes,1,1,No,No,1,No,Yes,2,No,No,No,Residential,low,29510113500
217,38.57926,-90.30679,Ample,No,2,0,Yes,2,No,Yes,1,1,No,No,1,No,Yes,2,No,No,Yes,Residential,high,29510102200
2181,38.62401,-90.27476,Ample,No,0,0,Yes,2,Yes,Yes,1,0,No,No,1,No,Yes,2,No,No,No,Commercial,INVALID,29510104500
2183,38.62636,-90.27521,Ample,No,2,0,Yes,2,Yes,Yes,1,1,No,Yes,1,No,Yes,2,No,No,No,Commercial,high,29510104500
2184,38.6277,-90.27493,Ample,No,2,0,Yes,2,Yes,Yes,1,1,No,No,1,No,Yes,2,No,No,No,Residential,high,29510104500
2185,38.62897,-90.27469,Ample,No,2,0,Yes,2,Yes,Yes,1,1,No,No,1,No,Yes,2,No,No,No,Residential,low,29510104500
2186,38.63048,-90.27469,Ample,No,0,0,Yes,2,Yes,Yes,0,0,No,No,1,Yes,Yes,2,No,No,No,Residential,medium,29510112100
2187,38.63163,-90.27473,Ample,No,2,0,Yes,2,No,Yes,0,0,No,No,2,Yes,Yes,2,No,Yes,Yes,Residential,low,29510112100
2188,38.63303,-90.27476,Ample,No,2,0,Yes,2,Yes,Yes,1,1,No,No,2,Yes,Yes,2,No,No,Yes,Residential,medium,29510112100
218,38.58051,-90.30713,Ample,No,2,0,Yes,2,Yes,Yes,1,1,No,No,1,No,Yes,2,No,No,No,Residential,medium,29510102200
2191,38.63631,-90.27724,Ample,No,2,0,Yes,2,Yes,Yes,1,0,No,Yes,1,Yes,Yes,2,No,No,No,Residential,high,29510112100
2194,38.64103,-90.27463,Ample,No,2,0,Yes,2,Yes,Yes,1,0,No,No,1,Yes,Yes,2,No,No,No,Residential,high,29510112100
2195,38.64242,-90.27492,Ample,No,2,0,Yes,2,No,Yes,0,0,Yes,No,2,Yes,Yes,2,No,No,No,Residential,medium,29510112100
2196,38.64393,-90.27485,Ample,No,0,0,Yes,2,Yes,Yes,1,1,Yes,No,1,Yes,Yes,2,No,No,Yes,Residential,medium,29510112100
2197,38.64519,-90.27464,Ample,No,2,0,Yes,2,Yes,Yes,1,1,Yes,Yes,1,Yes,Yes,2,No,No,No,Residential,high,29510112100
2198,38.64674,-90.27468,Ample,No,2,0,Yes,2,Yes,Yes,1,1,Yes,No,1,No,Yes,2,No,No,Yes,Residential,high,29510112100
2199,38.64763,-90.27475,Ample,Yes,2,0,Yes,2,Yes,Yes,0,0,No,No,1,No,Yes,2,No,No,No,Residential,medium,29510112100
219,38.58187,-90.30707,Ample,No,2,0,Yes,2,Yes,Yes,1,1,No,No,1,No,Yes,2,No,No,No,Residential,medium,29510102200
21,38.59385,-90.31647,Ample,No,2,0,Yes,2,Yes,Yes,1,0,Yes,No,1,No,Yes,2,No,No,No,Residential,medium,29510103800
2200,38.64882,-90.274,Ample,No,2,0,Yes,2,Yes,Yes,1,0,Yes,No,1,Yes,Yes,2,No,Yes,No,Residential,high,29510112100
2201,38.65034,-90.27376,Ample,No,2,0,Yes,2,Yes,Yes,1,1,No,No,1,No,Yes,2,No,No,No,Residential,high,29510112100
2202,38.6514,-90.27357,Ample,No,2,0,Yes,2,Yes,Yes,1,1,No,No,1,Yes,Yes,2,No,No,No,Residential,medium,29510112100
2203,38.65323,-90.27451,Ample,No,2,0,Yes,2,Yes,Yes,1,1,No,No,1,Yes,Yes,2,No,No,Yes,Residential,medium,29510112200
2204,38.65439,-90.27479,Ample,No,2,0,Yes,2,Yes,Yes,1,1,No,No,1,No,Yes,2,No,No,Yes,Residential,high,29510112200
2206,38.65772,-90.27429,Ample,No,2,0,Yes,2,Yes,Yes,1,1,No,No,1,No,Yes,2,No,No,No,Residential,medium,29510105500
2207,38.65845,-90.27479,No,No,0,0,Yes,2,Yes,Yes,0,0,No,No,2,No,Yes,2,No,No,No,Residential,high,29510105500
2208,38.65982,-90.27471,Ample,No,2,0,Yes,2,Yes,Yes,1,0,No,No,1,No,Yes,2,No,No,No,Residential,high,29510105500
2209,38.66098,-90.27517,Ample,No,2,0,Yes,2,Yes,Yes,1,1,No,No,1,No,Yes,2,No,No,No,Residential,high,29510105500
220,38.58316,-90.30709,Ample,No,2,0,Yes,2,Yes,Yes,1,1,No,No,1,No,Yes,2,No,No,No,Residential,high,29510103100
2210,38.66246,-90.27496,Ample,No,2,0,Yes,2,Yes,Yes,1,1,Yes,Yes,1,Yes,Yes,2,No,No,Yes,Residential,medium,29510106600
2211,38.66411,-90.27463,Ample,No,2,0,Yes,2,Yes,Yes,1,1,No,No,1,No,Yes,2,No,No,No,Residential,high,29510106600
2212,38.66536,-90.27452,Ample,No,2,0,Yes,2,Yes,Yes,1,0,No,No,1,Yes,Yes,2,No,No,No,Residential,high,29510106100
2213,38.66677,-90.27472,Ample,No,2,0,Yes,2,Yes,Yes,1,1,No,No,1,No,Yes,2,No,No,No,Residential,high,29510106100
2214,38.66827,-90.27497,Ample,No,2,0,Yes,2,Yes,Yes,1,1,No,No,1,No,Yes,2,No,No,No,Residential,medium,29510106100
2215,38.6695,-90.27462,Ample,No,2,0,Yes,2,Yes,Yes,1,1,Yes,No,1,No,Yes,2,No,No,No,Commercial,medium,29510106100
2216,38.6709,-90.27501,Ample,No,2,0,Yes,2,Yes,Yes,1,0,No,No,1,No,Yes,2,No,No,No,Residential,medium,29510106300
2217,38.67192,-90.27483,Ample,No,2,0,Yes,2,No,Yes,1,1,No,No,1,No,Yes,2,No,No,No,Residential,medium,29510106300
2218,38.67369,-90.27453,Ample,No,0,0,Yes,2,No,Yes,0,0,No,No,2,No,Yes,2,No,No,No,Residential,high,29510106300
2219,38.67449,-90.27489,Ample,No,2,0,Yes,2,Yes,Yes,1,0,No,No,1,No,Yes,2,No,No,Yes,Residential,high,29510106300
221,38.5845,-90.30706,Ample,No,2,0,Yes,2,Yes,Yes,1,0,No,Yes,1,No,Yes,2,No,No,No,Residential,high,29510103100
2220,38.67624,-90.27469,Ample,No,2,0,Yes,2,Yes,Yes,1,1,No,No,1,No,Yes,2,No,No,No,Residential,medium,29510106300
2221,38.67758,-90.27469,Some,No,2,0,Yes,2,No,Yes,0,0,No,No,1,No,Yes,2,No,No,No,Residential,high,29510106300
2222,38.67886,-90.2748,Ample,No,2,0,Yes,2,Yes,Yes,1,1,No,No,1,No,Yes,2,No,No,No,Residential,INVALID,29510106200
2223,38.68014,-90.27478,Ample,No,0,0,Yes,2,Yes,Yes,1,1,No,No,2,Yes,Yes,2,No,Yes,No,Residential,medium,29510106200
2225,38.68292,-90.27472,Some,No,0,0,Yes,2,No,Yes,1,1,No,No,1,Yes,Yes,2,No,No,No,Residential,high,29510106200
2226,38.68439,-90.27491,Ample,No,2,0,Yes,2,Yes,Yes,1,1,No,No,1,No,Yes,2,No,No,No,Residential,high,29510106200
2227,38.68533,-90.27419,Ample,No,0,0,Yes,2,Yes,Yes,1,1,No,No,1,No,Yes,2,No,No,No,Residential,low,29510106200
2228,38.68673,-90.27425,Ample,No,2,0,Yes,2,No,Yes,1,1,No,No,1,No,Yes,2,No,No,No,Residential,medium,29510106200
2229,38.68848,-90.27434,Ample,No,2,0,Yes,2,Yes,Yes,1,1,Yes,No,1,No,Yes,2,No,No,No,Residential,high,29510126900
222,38.58591,-90.30705,Ample,No,2,0,Yes,2,Yes,Yes,1,1,No,No,1,No,Yes,2,No,No,No,Residential,high,29510103100
2230,38.68959,-90.27478,Some,No,2,0,Yes,2,No,Yes,1,1,No,No,1,No,Yes,2,No,No,No,Residential,medium,29510126900
2231,38.54944,-90.27327,Ample,No,2,0,Yes,2,Yes,Yes,1,1,No,No,1,No,Yes,2,No,No,No,Residential,high,29510101100
2232,38.55071,-90.27347,Ample,No,2,0,Yes,2,Yes,Yes,1,1,No,No,1,No,Yes,2,No,No,No,Residential,high,29510101100
2233,38.55236,-90.27322,Ample,No,2,0,Yes,2,Yes,Yes,1,0,No,No,1,No,Yes,2,No,No,No,Residential,medium,29510101100
2234,38.55328,-90.27324,Ample,No,0,0,Yes,2,Yes,Yes,1,1,No,No,1,No,Yes,2,No,No,No,Residential,high,29510101100
2235,38.55509,-90.27318,Ample,No,0,0,Yes,2,Yes,Yes,1,1,No,No,1,No,Yes,2,No,No,No,Residential,high,29510101100
2236,38.55637,-90.27324,Some,No,2,0,Yes,2,Yes,Yes,0,0,No,No,2,Yes,Yes,2,No,No,No,Residential,INVALID,29510101200
2237,38.55746,-90.27343,Ample,No,2,0,Yes,2,Yes,Yes,1,1,No,No,1,No,Yes,2,No,No,No,Residential,high,29510101200
2238,38.55904,-90.27327,Ample,No,2,0,Yes,2,Yes,Yes,1,1,No,No,1,No,Yes,2,No,No,No,Residential,high,29510101200
2239,38.56036,-90.27349,Ample,No,2,0,Yes,2,Yes,Yes,1,1,No,No,1,No,Yes,2,No,No,No,Residential,medium,29510101200
223,38.58732,-90.30707,Ample,No,2,0,Yes,2,Yes,Yes,1,0,No,No,1,No,Yes,2,No,No,No,Residential,medium,29510103100
2240,38.56155,-90.2733,Ample,No,2,0,Yes,2,Yes,Yes,1,1,No,No,1,No,Yes,2,No,No,No,Residential,medium,29510101200
2241,38.56304,-90.27333,Ample,No,2,0,Yes,2,Yes,Yes,1,0,No,No,2,No,Yes,2,No,No,No,Residential,high,29510101200
2242,38.56415,-90.27348,Ample,No,2,0,Yes,2,Yes,Yes,1,0,No,No,1,No,Yes,2,No,No,No,Residential,medium,29510101200
2243,38.56556,-90.27316,Ample,No,2,0,Yes,2,Yes,Yes,1,0,No,No,1,No,Yes,2,No,No,No,Residential,high,29510101200
2244,38.56702,-90.27333,Ample,No,2,0,Yes,2,Yes,Yes,1,1,Yes,No,1,No,Yes,2,No,No,No,Residential,medium,29510101200
2245,38.56837,-90.2733,Ample,No,2,0,Yes,2,Yes,Yes,1,0,No,No,1,No,Yes,2,No,Yes,No,Residential,medium,29510101200
2246,38.56974,-90.27336,Ample,No,2,0,Yes,2,Yes,Yes,1,1,No,No,1,No,Yes,2,No,No,No,Residential,high,29510101300
2247,38.571,-90.27341,Ample,No,0,0,Yes,2,Yes,Yes,1,0,No,No,1,Yes,Yes,2,No,No,No,Residential,high,29510102500
224,38.58842,-90.30692,Ample,No,2,0,Yes,2,Yes,Yes,1,1,No,No,1,No,Yes,2,No,No,No,Residential,high,29510103100
2250,38.57498,-90.27318,Ample,No,2,0,Yes,2,Yes,Yes,1,1,No,No,1,No,Yes,2,No,No,No,Residential,medium,29510102500
2251,38.57658,-90.27342,Ample,No,2,0,Yes,2,Yes,Yes,1,1,No,No,1,No,Yes,2,No,No,No,Residential,high,29510102500
2252,38.57784,-90.27345,Ample,No,2,0,Yes,2,Yes,Yes,1,1,No,No,1,No,Yes,2,No,No,No,Residential,medium,29510102400
2253,38.57913,-90.27344,Ample,No,2,0,Yes,2,Yes,Yes,1,1,Yes,No,1,No,Yes,2,No,No,No,Residential,high,29510102400
2254,38.58046,-90.27321,No,No,2,0,Yes,2,Yes,Yes,1,1,No,No,1,No,Yes,2,No,No,No,Residential,high,29510115100
2255,38.58169,-90.27333,Some,No,2,0,Yes,2,No,Yes,0,0,No,No,1,No,Yes,2,No,No,No,Residential,high,29510115100
2256,38.58304,-90.27345,Ample,No,2,0,Yes,2,Yes,Yes,1,0,No,No,1,No,Yes,2,No,No,No,Residential,medium,29510115100
2257,38.5845,-90.27337,Ample,No,2,0,Yes,2,Yes,Yes,1,1,No,No,1,Yes,Yes,2,No,No,No,Residential,INVALID,29510115100
2258,38.58588,-90.27329,Ample,No,2,0,No,2,No,Yes,1,1,No,No,1,No,Yes,2,No,No,No,Commercial,high,29510115100
2259,38.58717,-90.27321,Ample,No,2,0,Yes,2,No,Yes,1,1,No,No,1,No,Yes,2,No,No,No,Commercial,high,29510115100
225,38.58996,-90.3071,Ample,No,2,0,Yes,2,Yes,Yes,1,1,No,No,1,No,Yes,2,No,No,No,Commercial,medium,29510103100
2261,38.58982,-90.27292,Ample,No,2,0,Yes,2,Yes,Yes,1,1,No,No,1,No,Yes,2,No,No,No,Commercial,high,29510115100
2262,38.59132,-90.2734,Ample,No,2,0,Yes,2,Yes,Yes,1,1,Yes,Yes,1,No,Yes,2,No,No,No,Commercial,high,29510114101
2263,38.59258,-90.27335,Ample,No,2,0,Yes,2,Yes,Yes,1,1,No,No,1,No,Yes,2,No,No,Yes,Residential,medium,29510114101
2264,38.59407,-90.27349,Ample,No,2,0,Yes,2,No,Yes,1,1,No,No,1,No,Yes,2,No,No,No,Residential,low,29510114101
2265,38.5953,-90.27337,Ample,No,2,0,Yes,2,Yes,Yes,1,1,No,No,1,No,Yes,2,No,No,No,Residential,low,29510114200
2266,38.59669,-90.2733,Ample,No,2,0,Yes,2,Yes,Yes,1,1,No,No,1,No,Yes,2,No,No,No,Residential,high,29510114200
2267,38.59811,-90.2733,Ample,No,2,0,Yes,2,Yes,Yes,1,1,No,No,1,No,Yes,2,No,No,No,Residential,high,29510114200
2268,38.59956,-90.27326,Ample,No,2,0,Yes,2,Yes,Yes,1,1,No,No,1,No,Yes,2,No,No,No,Residential,high,29510114200
2269,38.60003,-90.27291,Ample,No,2,0,Yes,2,Yes,Yes,1,0,No,No,1,No,Yes,2,No,No,No,Residential,high,29510127200
226,38.59125,-90.30723,Ample,No,2,0,Yes,2,Yes,Yes,1,0,No,No,1,No,Yes,2,No,No,No,Residential,high,29510103100
2271,38.60404,-90.27321,Ample,No,2,0,Yes,2,Yes,Yes,1,1,No,No,1,No,Yes,2,No,No,No,Commercial,low,29510127200
2272,38.60469,-90.27288,Ample,No,2,0,Yes,2,Yes,Yes,1,1,No,No,2,No,Yes,2,No,No,No,Commercial,low,29510127200
2273,38.60607,-90.27342,Ample,No,2,0,No,2,Yes,Yes,1,1,No,No,1,No,Yes,2,No,No,Yes,Commercial,high,29510127200
2274,38.60739,-90.27289,Ample,No,2,0,Yes,2,Yes,Yes,1,1,No,No,1,No,Yes,2,No,No,No,Residential,medium,29510127200
2276,38.61083,-90.27346,Some,No,2,0,Yes,2,Yes,Yes,1,1,No,No,1,No,Yes,2,No,No,No,Residential,medium,29510127200
2277,38.61128,-90.27324,Ample,No,2,0,Yes,2,Yes,Yes,1,1,No,No,1,No,Yes,2,No,No,No,Commercial,high,29510113500
2278,38.61282,-90.27344,Ample,No,2,0,Yes,2,Yes,Yes,1,1,No,No,1,No,Yes,2,No,No,No,Residential,high,29510113500
2279,38.61417,-90.27317,Ample,No,2,0,Yes,2,Yes,Yes,1,0,No,No,1,No,Yes,2,No,No,No,Residential,low,29510113500
227,38.59263,-90.30698,Ample,No,2,0,Yes,2,Yes,Yes,1,0,No,No,1,No,Yes,2,No,No,No,Residential,high,29510103100
2280,38.61564,-90.27323,No,No,2,0,Yes,2,Yes,Yes,0,0,No,No,1,No,Yes,2,No,Yes,No,Commercial,low,29510113500
2281,38.61687,-90.27334,Ample,No,2,0,Yes,2,Yes,Yes,1,1,No,No,1,No,Yes,2,No,No,No,Residential,high,29510113500
2282,38.61803,-90.27335,Ample,No,2,0,Yes,2,No,Yes,1,1,No,No,1,No,Yes,2,No,No,No,Residential,high,29510113500
2283,38.61966,-90.27329,Some,No,2,0,Yes,2,No,Yes,1,1,No,No,1,No,Yes,2,No,No,No,Residential,INVALID,29510113500
2284,38.62019,-90.27324,Ample,No,2,0,Yes,2,Yes,Yes,1,1,No,No,1,No,Yes,2,No,No,No,Residential,medium,29510113500
2286,38.62329,-90.27583,Ample,No,2,0,Yes,2,Yes,Yes,1,1,Yes,No,1,No,Yes,2,No,No,No,Commercial,INVALID,29510113500
2287,38.62497,-90.27384,No,No,2,0,No,2,No,Yes,0,0,No,No,1,No,No,2,No,Yes,No,Commercial,medium,29510104500
2288,38.62663,-90.27325,Some,No,0,0,Yes,2,Yes,Yes,1,1,No,No,1,No,Yes,2,No,No,No,Residential,low,29510104500
2289,38.62751,-90.27322,No,No,2,0,No,2,No,Yes,0,0,No,No,1,No,No,2,No,No,No,Commercial,low,29510104500
228,38.59392,-90.30675,Ample,No,2,0,Yes,2,Yes,Yes,1,1,No,No,1,No,Yes,2,No,No,No,Residential,high,29510103800
2290,38.62879,-90.27257,Ample,No,2,0,Yes,2,No,Yes,1,1,No,No,1,No,Yes,2,No,No,No,Commercial,high,29510104500
2291,38.63036,-90.27337,Ample,No,0,0,Yes,2,Yes,Yes,0,0,No,No,1,Yes,Yes,2,No,No,No,Residential,INVALID,29510112100
2292,38.63173,-90.27352,Ample,No,0,0,Yes,2,Yes,Yes,1,0,No,No,1,Yes,Yes,2,No,No,No,Residential,high,29510112100
2293,38.6329,-90.27341,Ample,No,2,0,Yes,2,Yes,Yes,1,1,Yes,No,2,Yes,Yes,2,No,No,Yes,Residential,medium,29510112100
2294,38.63477,-90.27361,Ample,No,2,0,No,2,No,Yes,0,0,No,No,1,Yes,Yes,2,No,No,No,Residential,high,29510112100
2296,38.6369,-90.27293,Ample,No,2,0,Yes,2,Yes,Yes,1,0,No,No,2,Yes,Yes,2,No,No,No,Residential,high,29510112100
2299,38.64095,-90.27333,Ample,No,0,0,Yes,2,Yes,Yes,1,1,No,No,2,Yes,Yes,2,No,No,No,Residential,high,29510112100
229,38.59549,-90.30706,Ample,No,2,0,Yes,2,Yes,Yes,1,1,No,No,1,Yes,Yes,2,No,No,No,Residential,medium,29510103800
22,38.59528,-90.31592,Ample,No,2,0,Yes,2,Yes,Yes,1,1,No,No,1,No,Yes,2,No,No,No,Residential,medium,29510103800
2300,38.64286,-90.27357,No,No,0,0,No,0,No,Yes,0,0,No,No,1,No,No,2,No,Yes,No,Residential,medium,29510112100
2301,38.64385,-90.2734,Ample,No,0,0,No,2,Yes,Yes,1,1,No,No,1,No,Yes,2,No,No,No,Residential,high,29510112100
2302,38.64489,-90.2734,Ample,No,0,0,Yes,2,Yes,Yes,1,0,No,No,1,Yes,Yes,2,No,No,No,Residential,high,29510112100
2305,38.64912,-90.27333,Ample,No,2,0,Yes,2,Yes,Yes,1,1,No,No,1,No,Yes,2,No,No,No,Residential,medium,29510112100
2306,38.65064,-90.2737,Ample,No,2,0,No,2,Yes,Yes,1,1,No,No,1,Yes,Yes,2,No,No,No,Residential,high,29510112100
2307,38.652,-90.27333,Ample,No,2,0,Yes,2,Yes,Yes,1,1,Yes,No,1,No,Yes,2,No,No,No,Residential,high,29510112100
2308,38.65326,-90.27326,Ample,No,2,0,Yes,2,Yes,Yes,1,0,No,No,1,Yes,Yes,2,No,No,No,Residential,high,29510112200
2309,38.65462,-90.27304,Ample,No,2,0,Yes,2,Yes,Yes,1,0,No,No,1,Yes,Yes,2,No,No,No,Residential,high,29510105500
2310,38.65594,-90.27284,Ample,No,2,0,Yes,2,Yes,Yes,1,0,Yes,Yes,1,Yes,Yes,2,No,No,No,Residential,high,29510105500
2311,38.65762,-90.27326,Ample,No,0,0,Yes,2,Yes,Yes,1,1,No,No,1,No,Yes,2,No,No,No,Residential,high,29510105500
2312,38.65875,-90.27336,Ample,No,2,0,Yes,2,Yes,Yes,1,0,No,No,1,No,Yes,2,No,No,No,Residential,high,29510105500
2313,38.65968,-90.27335,Ample,No,2,0,Yes,2,Yes,Yes,1,1,No,No,1,No,Yes,2,No,No,No,Residential,medium,29510105500
2314,38.66152,-90.27322,Ample,No,2,0,Yes,2,Yes,Yes,1,1,No,No,2,Yes,Yes,2,No,No,No,Residential,medium,29510106600
2315,38.66291,-90.2738,Ample,No,2,0,Yes,2,Yes,Yes,1,1,No,No,1,Yes,Yes,2,No,No,No,Residential,high,29510106600
2316,38.66415,-90.27354,No,No,0,0,No,2,No,Yes,0,0,No,No,1,No,Yes,2,No,No,No,Residential,high,29510106600
2317,38.66534,-90.27328,Ample,No,2,0,Yes,2,Yes,Yes,1,1,No,No,1,No,Yes,2,No,No,No,Residential,high,29510106600
2318,38.66679,-90.27346,Ample,No,2,0,Yes,2,Yes,Yes,1,0,No,No,1,No,Yes,2,No,No,No,Residential,high,29510106600
2319,38.66876,-90.27323,Ample,No,2,0,Yes,2,Yes,Yes,1,0,Yes,No,1,No,Yes,2,No,No,No,Residential,medium,29510106500
231,38.59815,-90.30706,Ample,No,2,0,Yes,2,Yes,Yes,1,1,No,No,1,Yes,Yes,2,No,Yes,No,Residential,high,29510103800
2320,38.66932,-90.27265,Ample,No,2,0,Yes,2,Yes,Yes,1,1,No,No,1,No,Yes,2,No,No,Yes,Residential,low,29510106500
2321,38.67081,-90.27343,Ample,No,2,0,Yes,2,Yes,Yes,1,0,No,No,1,No,Yes,2,No,No,No,Residential,medium,29510106500
2322,38.67213,-90.27341,No,No,0,0,No,2,No,Yes,1,0,No,No,1,No,No,2,No,No,No,Residential,medium,29510106500
2323,38.67345,-90.27318,Ample,No,2,0,Yes,2,Yes,Yes,1,1,No,No,1,No,Yes,2,No,No,No,Residential,high,29510106300
2324,38.67477,-90.27337,Ample,No,2,0,Yes,2,No,Yes,1,1,No,No,1,No,Yes,2,No,No,No,Residential,medium,29510106300
2325,38.67613,-90.27341,Some,Yes,1,0,Yes,2,No,Yes,0,0,No,No,1,No,Yes,2,No,No,No,Residential,high,29510106300
2326,38.67753,-90.27334,Ample,No,2,0,Yes,2,Yes,Yes,1,1,No,No,1,No,Yes,2,No,No,No,Residential,high,29510106300
2327,38.67862,-90.27347,Ample,No,2,0,Yes,2,Yes,Yes,1,1,No,No,1,No,Yes,2,No,No,No,Residential,high,29510106300
2328,38.68022,-90.27337,Ample,No,0,0,Yes,2,No,Yes,1,1,Yes,No,2,Yes,Yes,2,No,No,No,Residential,high,29510106300
2329,38.68146,-90.27302,Ample,No,2,0,Yes,2,Yes,Yes,1,1,No,No,1,Yes,Yes,2,No,Yes,No,Residential,high,29510106200
232,38.59921,-90.30712,Ample,No,2,0,Yes,2,Yes,Yes,1,0,No,No,1,No,Yes,2,No,No,No,Residential,high,29510103800
2331,38.68438,-90.2718,Ample,No,0,0,Yes,2,Yes,Yes,1,1,No,No,1,No,Yes,2,No,No,No,Commercial,high,29510106200
2332,38.68582,-90.27367,Ample,No,0,0,Yes,2,Yes,Yes,1,1,No,No,1,No,Yes,2,No,No,No,Commercial,INVALID,29510106200
2333,38.68689,-90.27337,Some,No,0,0,Yes,2,Yes,Yes,1,1,No,No,2,No,Yes,2,No,No,No,Residential,INVALID,29510106200
2334,38.68826,-90.2733,Some,No,2,0,Yes,2,No,Yes,1,0,No,No,1,No,Yes,2,No,No,No,Residential,high,29510126900
2335,38.68965,-90.27347,Ample,No,2,0,Yes,2,Yes,Yes,1,1,No,No,1,No,Yes,2,No,No,Yes,Residential,high,29510126900
2336,38.69097,-90.27337,Some,No,2,0,No,2,Yes,Yes,1,0,No,No,1,No,Yes,2,No,No,No,Residential,high,29510126900
2337,38.54676,-90.27219,Ample,No,0,0,Yes,2,Yes,Yes,1,1,No,No,1,No,Yes,2,No,No,Yes,Residential,high,
2338,38.54812,-90.27226,Ample,No,2,0,Yes,2,Yes,Yes,1,0,Yes,No,2,No,Yes,2,No,No,No,Commercial,high,
2339,38.54951,-90.27225,Ample,No,2,0,Yes,2,Yes,Yes,1,1,No,No,1,No,Yes,2,No,No,No,Residential,high,29510101100
233,38.60082,-90.30699,Ample,No,2,0,Yes,2,No,Yes,1,1,No,No,1,No,Yes,2,No,No,No,Residential,high,29510103800
2340,38.55086,-90.27194,Ample,No,2,0,Yes,2,Yes,Yes,1,0,No,No,1,No,Yes,2,No,No,No,Residential,high,29510101100
2341,38.55225,-90.27198,Ample,No,2,0,Yes,2,Yes,Yes,1,1,No,No,1,No,Yes,2,No,No,No,Residential,medium,29510101100
2342,38.55341,-90.27201,Ample,No,2,0,Yes,2,Yes,Yes,1,1,No,No,1,No,Yes,2,No,No,No,Residential,high,29510101100
2343,38.5546,-90.27236,Ample,No,0,0,Yes,2,Yes,Yes,1,1,No,No,1,No,Yes,2,No,No,No,Residential,high,29510101100
2344,38.55608,-90.27213,Ample,No,0,0,Yes,2,Yes,Yes,1,0,No,No,2,No,Yes,2,No,No,No,Residential,high,29510101100
2345,38.55764,-90.27199,Ample,No,2,0,Yes,2,Yes,Yes,1,1,No,No,1,No,Yes,2,No,No,No,Residential,medium,29510101200
2346,38.55916,-90.27179,Ample,No,2,0,Yes,2,Yes,Yes,1,1,No,No,1,No,Yes,2,No,No,No,Residential,high,29510101200
2347,38.56021,-90.27185,Some,No,2,0,Yes,2,Yes,Yes,1,1,No,No,2,No,Yes,2,No,No,No,Residential,high,29510101200
2348,38.56141,-90.27216,Ample,No,2,0,Yes,2,Yes,Yes,1,1,No,No,1,No,Yes,2,No,No,No,Residential,high,29510101200
2349,38.56283,-90.27183,Ample,No,2,0,Yes,2,Yes,Yes,1,1,No,No,1,No,Yes,2,No,No,No,Residential,medium,29510101200
234,38.60242,-90.307,Ample,No,2,0,Yes,2,Yes,Yes,1,0,No,No,1,No,Yes,2,No,No,No,Residential,medium,29510103800
2350,38.56428,-90.27188,Ample,No,2,0,Yes,2,Yes,Yes,1,0,No,No,1,Yes,Yes,2,No,No,No,Residential,medium,29510101300
2351,38.56549,-90.27213,Ample,No,2,0,Yes,2,Yes,Yes,1,1,No,No,2,Yes,Yes,2,No,No,No,Residential,high,29510101200
2352,38.56674,-90.2725,Ample,No,2,0,Yes,2,Yes,Yes,1,1,No,No,1,No,Yes,2,No,No,No,Residential,medium,29510101200
2353,38.56832,-90.27212,Ample,No,2,0,Yes,2,Yes,Yes,1,1,No,No,1,No,Yes,2,No,No,No,Residential,high,29510101200
2354,38.56964,-90.27211,Ample,No,2,0,Yes,2,Yes,Yes,1,0,No,No,1,No,Yes,2,No,No,No,Residential,high,29510101300
2355,38.57111,-90.27191,Ample,No,2,0,Yes,2,Yes,Yes,1,1,No,No,1,No,Yes,2,No,No,No,Residential,medium,29510101300
2356,38.57219,-90.27157,Ample,No,2,0,Yes,2,Yes,Yes,1,0,No,No,1,Yes,Yes,2,No,No,No,Residential,high,29510102500
2359,38.57654,-90.27241,Ample,No,2,0,Yes,2,Yes,Yes,1,1,No,No,1,Yes,Yes,2,No,Yes,No,Residential,medium,29510102500
235,38.6035,-90.30701,Ample,No,2,0,Yes,2,Yes,Yes,1,1,No,No,1,No,Yes,2,No,No,No,Residential,medium,29510103400
2360,38.57781,-90.27195,Ample,No,2,0,Yes,2,Yes,Yes,1,1,Yes,Yes,1,No,Yes,2,No,No,Yes,Commercial,high,29510102500
2361,38.57915,-90.27234,Ample,No,2,0,Yes,2,Yes,Yes,1,0,No,No,1,No,Yes,2,No,No,No,Residential,high,29510102400
2362,38.5805,-90.27214,Ample,No,2,0,Yes,2,Yes,Yes,1,1,No,No,2,No,Yes,2,No,No,No,Residential,high,29510115100
2363,38.5818,-90.27197,Ample,No,2,0,Yes,2,Yes,Yes,1,1,No,No,1,No,Yes,2,No,No,No,Residential,high,29510115100
2364,38.58317,-90.27209,No,No,2,0,Yes,2,No,Yes,1,1,No,No,1,No,Yes,2,No,No,No,Residential,high,29510115100
2365,38.58453,-90.27201,Ample,No,2,0,Yes,2,Yes,Yes,1,1,No,No,1,No,Yes,2,No,No,No,Residential,high,29510115100
2366,38.58585,-90.27161,Ample,No,2,0,Yes,2,Yes,Yes,1,1,No,No,1,No,Yes,2,No,No,No,Residential,high,29510115100
2367,38.58716,-90.27201,Ample,No,0,0,Yes,2,Yes,Yes,1,0,No,No,1,No,Yes,2,No,No,No,Residential,high,29510115100
2368,38.58953,-90.27216,Ample,No,2,0,Yes,2,Yes,Yes,1,1,No,No,1,No,Yes,2,No,No,No,Commercial,low,29510115100
2369,38.5899,-90.27175,Ample,No,2,0,Yes,2,Yes,Yes,1,0,No,No,1,No,Yes,2,No,No,No,Commercial,low,29510115100
236,38.60482,-90.30697,Ample,No,2,0,Yes,2,Yes,Yes,1,1,No,No,1,No,Yes,2,No,No,No,Residential,medium,29510103400
2370,38.59127,-90.27196,Ample,No,2,0,Yes,2,Yes,Yes,1,1,Yes,No,1,No,Yes,2,No,No,No,Commercial,high,29510115100
2371,38.59273,-90.2719,Ample,No,2,0,Yes,2,No,Yes,1,1,No,No,1,No,Yes,2,No,No,No,Commercial,low,29510115200
2372,38.59405,-90.27225,Some,No,2,0,Yes,2,No,Yes,1,1,No,No,1,No,Yes,2,No,No,No,Residential,low,29510114101
2373,38.59528,-90.27179,Ample,No,2,0,Yes,2,No,Yes,0,0,No,No,1,No,Yes,2,No,No,No,Residential,low,29510114200
2374,38.59669,-90.27206,Ample,No,2,0,Yes,2,Yes,Yes,1,1,No,No,1,No,Yes,2,No,No,No,Residential,high,29510114200
2375,38.59794,-90.2718,Ample,No,2,0,Yes,2,Yes,Yes,1,0,Yes,No,1,No,Yes,2,No,No,Yes,Residential,high,29510114200
2376,38.59943,-90.272,Some,No,2,0,Yes,2,No,Yes,1,1,No,No,1,No,Yes,2,No,No,No,Residential,low,29510114200
2379,38.60394,-90.27219,Ample,No,0,0,Yes,2,Yes,Yes,1,1,No,No,2,No,Yes,2,No,No,Yes,Residential,INVALID,29510127200
237,38.60606,-90.30694,Ample,No,2,0,Yes,2,Yes,Yes,1,0,No,No,1,No,Yes,2,No,No,No,Residential,high,29510103400
2381,38.60589,-90.27202,Some,No,2,0,Yes,2,No,Yes,1,1,No,No,1,No,Yes,2,No,No,No,Residential,high,29510127200
2382,38.60749,-90.2723,Ample,No,2,0,Yes,2,Yes,Yes,0,0,No,No,1,No,Yes,2,No,No,No,Residential,high,29510127200
2383,38.60878,-90.27204,Ample,No,2,0,Yes,2,Yes,Yes,1,1,No,No,1,No,Yes,2,No,No,No,Residential,high,29510127200
2384,38.61012,-90.27177,Some,No,2,0,Yes,2,Yes,Yes,0,0,No,No,1,No,Yes,2,No,No,No,Residential,high,29510127200
2385,38.61157,-90.2721,Ample,No,2,0,Yes,2,Yes,Yes,1,0,No,No,1,No,Yes,2,No,No,No,Residential,high,29510113500
2387,38.6145,-90.27199,Ample,No,2,0,Yes,2,Yes,Yes,1,1,No,No,1,No,Yes,2,No,No,No,Residential,INVALID,29510113500
2388,38.61563,-90.27197,Ample,No,2,0,Yes,2,Yes,Yes,1,1,Yes,No,1,No,Yes,2,No,No,No,Residential,medium,29510113500
2389,38.61672,-90.27199,Ample,No,2,0,Yes,2,Yes,Yes,1,1,No,No,1,No,Yes,2,No,No,No,Residential,medium,29510113500
238,38.60746,-90.30701,Ample,No,2,0,Yes,2,Yes,Yes,1,1,No,No,1,No,Yes,2,No,No,No,Commercial,medium,29510126800
2390,38.61846,-90.27201,Some,No,2,0,Yes,2,Yes,Yes,1,1,No,No,1,No,Yes,2,No,No,No,Commercial,high,29510113500
2391,38.61957,-90.27207,Some,No,2,0,Yes,2,No,Yes,1,1,No,No,1,No,Yes,2,No,No,No,Residential,INVALID,29510113500
2393,38.62214,-90.27197,No,Yes,0,0,Yes,2,No,Yes,1,1,No,No,1,No,No,2,No,No,Yes,Residential,high,29510113500
2394,38.62355,-90.27202,Ample,No,2,0,No,2,Yes,Yes,1,1,No,No,1,No,Yes,2,No,No,No,Commercial,INVALID,29510113500
2395,38.62494,-90.27154,Ample,No,2,0,Yes,2,No,Yes,1,1,No,No,1,No,Yes,2,No,No,No,Commercial,low,29510104500
2396,38.6265,-90.27195,Ample,No,2,0,Yes,2,Yes,Yes,1,1,No,No,1,No,Yes,2,No,No,No,Commercial,high,29510104500
2397,38.62797,-90.27192,Ample,No,0,0,Yes,2,Yes,Yes,1,1,No,No,2,Yes,Yes,2,No,No,No,Residential,high,29510104500
2398,38.62908,-90.27252,Ample,No,2,0,Yes,2,Yes,Yes,1,1,No,No,1,No,Yes,2,No,No,No,Commercial,low,29510104500
2399,38.63029,-90.27197,Ample,No,2,0,Yes,2,Yes,Yes,0,0,No,No,2,Yes,Yes,2,No,No,No,Residential,medium,29510112100
239,38.60894,-90.30701,Ample,Yes,0,0,No,2,Yes,Yes,1,1,No,No,2,No,Yes,2,No,No,No,Commercial,low,29510126800
23,38.59711,-90.31639,Ample,No,2,0,Yes,2,Yes,Yes,1,1,No,No,1,No,Yes,2,No,No,No,Residential,medium,29510103800
2401,38.63277,-90.27208,Ample,No,0,0,Yes,2,Yes,Yes,1,0,No,No,2,Yes,Yes,2,No,No,No,Residential,high,29510112100
2402,38.6344,-90.27202,Ample,No,2,0,No,2,Yes,Yes,1,0,No,No,1,Yes,Yes,2,No,No,No,Commercial,high,29510112100
2403,38.6345,-90.27199,Ample,No,2,0,Yes,2,Yes,Yes,1,1,No,No,1,Yes,Yes,2,No,Yes,No,Commercial,medium,29510112100
2405,38.63803,-90.27182,Ample,No,0,0,Yes,2,Yes,Yes,1,1,No,No,1,Yes,Yes,2,No,No,Yes,Residential,high,29510112100
2406,38.63985,-90.27189,Ample,No,0,0,Yes,2,Yes,Yes,1,0,No,No,1,Yes,Yes,2,No,No,No,Residential,high,29510112100
2407,38.64142,-90.27224,Ample,No,2,0,Yes,2,Yes,Yes,1,1,No,No,1,Yes,Yes,2,No,No,No,Residential,high,29510112100
2409,38.64361,-90.27203,Ample,No,0,0,Yes,2,Yes,Yes,1,1,No,No,2,No,Yes,2,No,No,No,Residential,low,29510112100
240,38.60941,-90.30795,Ample,No,2,0,Yes,2,Yes,Yes,1,0,Yes,No,2,No,Yes,2,No,No,No,Residential,high,29510126800
2410,38.64476,-90.27205,Ample,No,0,0,No,2,Yes,Yes,0,0,No,No,1,Yes,Yes,2,No,No,No,Residential,high,29510112100
2413,38.64898,-90.272,Ample,No,2,0,Yes,2,Yes,Yes,1,1,No,No,1,Yes,Yes,2,No,No,No,Residential,medium,29510112100
2414,38.65078,-90.27199,Ample,No,2,0,Yes,2,No,Yes,0,0,No,No,1,No,Yes,2,No,No,No,Residential,high,29510112100
2415,38.65186,-90.27203,Some,No,2,0,Yes,2,No,Yes,1,1,No,No,1,No,Yes,2,No,No,No,Residential,low,29510112100
2416,38.65306,-90.27201,Some,Yes,0,0,Yes,2,No,Yes,1,1,No,No,1,No,Yes,2,No,No,No,Residential,INVALID,29510112200
2417,38.65478,-90.27196,Ample,No,2,0,Yes,2,Yes,Yes,1,0,Yes,No,1,No,Yes,2,No,No,Yes,Residential,medium,29510112200
2418,38.65603,-90.27195,Ample,No,2,0,Yes,2,Yes,Yes,1,0,No,No,1,No,Yes,2,No,No,No,Residential,high,29510112200
2419,38.6571,-90.27208,Ample,No,2,0,Yes,2,Yes,Yes,1,1,Yes,No,1,Yes,Yes,2,No,No,No,Residential,medium,29510105500
241,38.6116,-90.30763,Ample,No,2,0,Yes,2,Yes,Yes,1,1,No,No,1,No,Yes,2,No,No,No,Residential,medium,29510126800
2420,38.65845,-90.27201,Ample,No,0,0,Yes,2,No,Yes,0,0,No,No,2,No,Yes,2,No,No,No,Residential,medium,29510105500
2421,38.65988,-90.27197,Ample,No,2,0,Yes,2,Yes,Yes,1,1,No,No,1,No,Yes,2,No,No,No,Residential,medium,29510105500
2422,38.6612,-90.27179,Ample,No,2,1,Yes,2,Yes,Yes,1,1,Yes,Yes,1,Yes,Yes,2,No,Yes,No,Residential,medium,29510106600
2423,38.66268,-90.272,Ample,No,2,0,Yes,2,Yes,Yes,1,1,No,No,1,No,Yes,2,No,No,No,Residential,medium,29510106600
2424,38.66436,-90.27177,Ample,No,2,0,Yes,2,Yes,Yes,1,1,No,No,1,No,Yes,2,No,No,No,Residential,medium,29510106600
2425,38.6654,-90.272,Some,No,2,0,Yes,2,No,Yes,1,1,No,No,1,No,Yes,2,No,No,No,Residential,high,29510106600
2426,38.66679,-90.27222,Some,No,2,0,Yes,2,No,Yes,1,1,No,No,1,No,Yes,2,No,No,No,Residential,medium,29510106600
2427,38.6681,-90.27201,Ample,Yes,2,0,Yes,2,Yes,Yes,1,1,Yes,Yes,1,No,Yes,2,No,No,No,Commercial,high,29510106500
2428,38.66915,-90.27226,Ample,No,0,0,Yes,2,Yes,Yes,1,1,No,No,2,No,Yes,2,No,No,No,Residential,INVALID,29510106500
2429,38.67074,-90.2721,Ample,No,2,0,Yes,2,Yes,Yes,1,1,No,No,1,No,Yes,2,No,No,No,Residential,medium,29510106500
242,38.61316,-90.30702,Ample,No,2,0,Yes,2,Yes,Yes,1,0,No,No,1,No,Yes,2,No,No,No,Residential,high,29510126800
2430,38.67226,-90.2724,Ample,No,2,0,Yes,2,Yes,Yes,1,1,No,No,1,No,Yes,2,No,No,No,Residential,medium,29510106500
2431,38.67329,-90.27216,Ample,No,2,0,Yes,2,Yes,Yes,1,1,No,No,1,No,Yes,2,No,No,No,Residential,high,29510106300
2432,38.67493,-90.27214,Ample,No,2,0,Yes,2,Yes,Yes,1,1,No,No,1,No,Yes,2,No,No,No,Residential,high,29510106300
2433,38.67601,-90.27211,Some,No,2,0,Yes,2,Yes,Yes,1,1,No,No,2,No,Yes,2,No,No,No,Residential,high,29510106300
2434,38.67748,-90.27199,Some,No,0,0,Yes,2,No,Yes,0,0,No,No,2,No,Yes,2,No,No,No,Residential,INVALID,29510106300
2435,38.67905,-90.27192,Ample,No,2,0,Yes,2,Yes,Yes,1,0,No,No,1,No,Yes,2,No,No,No,Residential,high,29510106300
2436,38.68033,-90.27198,Some,No,2,0,Yes,2,Yes,Yes,1,1,No,No,1,No,Yes,2,No,No,No,Residential,medium,29510106300
2437,38.68177,-90.27281,Ample,No,0,0,Yes,2,Yes,Yes,1,1,No,No,1,No,Yes,2,No,No,No,Residential,medium,29510106200
2438,38.68296,-90.27232,Ample,No,0,0,Yes,2,Yes,Yes,1,1,Yes,No,1,No,Yes,2,No,No,No,Residential,high,29510106200
2439,38.6842,-90.27187,Ample,No,0,0,Yes,2,Yes,Yes,1,1,No,No,1,No,Yes,2,No,No,No,Commercial,high,29510106200
243,38.61405,-90.30706,Ample,No,2,0,Yes,2,Yes,Yes,1,1,No,No,1,No,Yes,2,No,No,No,Residential,high,29510126800
2440,38.6856,-90.27146,Ample,No,0,0,Yes,2,Yes,Yes,1,1,Yes,No,1,No,Yes,2,No,No,No,Commercial,high,29510106200
2441,38.68674,-90.27236,Ample,No,2,0,Yes,2,Yes,Yes,1,1,No,No,1,No,Yes,2,No,No,No,Commercial,high,29510106200
2442,38.6883,-90.27205,Ample,No,2,0,Yes,2,No,Yes,1,1,No,No,1,No,Yes,2,No,No,No,Residential,INVALID,29510126900
2443,38.6896,-90.27203,No,No,2,0,Yes,2,No,Yes,0,0,No,No,1,No,Yes,2,No,Yes,No,Residential,high,29510126900
2444,38.69091,-90.2717,Ample,No,2,0,Yes,2,Yes,Yes,1,0,No,No,1,No,Yes,2,No,No,No,Residential,INVALID,29510126900
2445,38.69221,-90.27203,Ample,No,2,0,Yes,2,Yes,Yes,1,0,No,No,1,No,Yes,2,No,No,No,Residential,high,29510126900
2446,38.53873,-90.27051,Ample,No,0,0,Yes,2,Yes,Yes,1,1,No,No,1,No,Yes,2,No,No,Yes,Residential,high,29510101500
2447,38.5401,-90.27084,Ample,No,0,0,Yes,2,Yes,Yes,1,0,No,No,2,No,Yes,2,No,No,No,Residential,high,29510101500
2448,38.54283,-90.2706,Ample,No,0,0,Yes,2,Yes,Yes,1,0,No,No,2,Yes,Yes,2,No,No,No,Residential,low,29510101500
2449,38.54399,-90.27105,Ample,No,0,0,Yes,2,Yes,Yes,1,0,No,No,1,Yes,Yes,2,No,No,No,Residential,high,29510101500
244,38.61584,-90.30694,Ample,No,2,0,Yes,2,Yes,Yes,1,1,No,No,1,No,Yes,2,No,No,No,Residential,high,29510126800
2450,38.54546,-90.27066,Ample,No,0,0,No,2,Yes,Yes,1,1,No,No,2,No,Yes,2,No,No,No,Residential,high,29510101500
2451,38.5468,-90.27086,Ample,No,0,0,No,2,Yes,Yes,0,0,No,No,1,Yes,Yes,2,No,No,No,Commercial,low,29510101500
2452,38.54819,-90.27088,Ample,Yes,0,0,No,2,Yes,Yes,0,0,No,No,1,No,Yes,2,No,No,No,Commercial,medium,29510101500
2453,38.54955,-90.27075,Ample,No,0,0,Yes,2,Yes,Yes,1,1,No,No,1,No,Yes,2,No,No,No,Residential,high,29510101500
2454,38.5508,-90.27053,Ample,No,2,0,Yes,2,Yes,Yes,0,0,No,No,2,Yes,Yes,2,No,No,Yes,Residential,high,29510101500
2455,38.5522,-90.27031,Ample,No,0,0,Yes,2,Yes,Yes,1,0,No,No,2,No,Yes,2,No,No,Yes,Residential,high,29510101500
2456,38.55355,-90.27027,Ample,No,2,0,Yes,2,Yes,Yes,1,1,Yes,Yes,2,No,Yes,2,No,No,Yes,Residential,low,29510101100
2457,38.5549,-90.2706,Ample,No,2,0,Yes,2,Yes,Yes,1,1,Yes,No,1,No,Yes,2,No,No,Yes,Residential,medium,29510101100
2458,38.55625,-90.27064,Ample,No,0,0,Yes,2,Yes,Yes,1,0,No,No,1,No,Yes,2,No,No,No,Residential,high,29510101100
2459,38.55762,-90.27077,Ample,No,2,0,Yes,2,Yes,Yes,1,1,No,No,1,No,Yes,2,No,No,No,Residential,medium,29510101200
245,38.6171,-90.30721,Ample,No,2,0,Yes,2,Yes,Yes,1,1,No,No,1,No,Yes,2,No,No,No,Commercial,high,29510126800
2460,38.55903,-90.27059,No,No,2,0,Yes,2,Yes,Yes,1,0,No,No,2,No,Yes,2,No,No,No,Residential,INVALID,29510101200
2461,38.56018,-90.27073,No,No,2,0,Yes,2,Yes,Yes,1,1,No,No,1,No,Yes,2,No,No,No,Residential,high,29510101200
2462,38.56162,-90.27067,Ample,No,2,0,Yes,2,Yes,Yes,1,1,No,No,1,No,Yes,2,No,No,No,Residential,medium,29510101200
2463,38.56274,-90.27079,Ample,No,2,0,Yes,2,Yes,Yes,1,0,No,No,1,Yes,Yes,2,No,No,No,Residential,medium,29510101200
2464,38.56413,-90.27016,Ample,No,2,0,Yes,2,Yes,Yes,1,0,No,No,1,Yes,Yes,2,No,No,No,Residential,medium,29510101300
2465,38.5656,-90.27055,Ample,No,2,0,Yes,2,Yes,Yes,1,0,No,No,1,Yes,Yes,2,No,No,No,Residential,high,29510101300
2466,38.56701,-90.27068,Ample,No,2,0,Yes,2,Yes,Yes,1,1,Yes,No,1,No,Yes,2,No,No,Yes,Residential,high,29510101200
2467,38.56836,-90.27069,Ample,No,2,0,Yes,2,Yes,Yes,1,1,No,No,1,No,Yes,2,No,No,No,Residential,high,29510101300
2468,38.56986,-90.27054,Ample,No,2,0,Yes,2,Yes,Yes,1,1,No,No,1,No,Yes,2,No,No,No,Residential,high,29510101300
2469,38.57103,-90.2706,No,No,2,0,Yes,2,No,Yes,1,0,No,No,1,No,Yes,2,No,No,No,Residential,INVALID,29510101300
246,38.61817,-90.30674,Ample,No,0,0,Yes,2,Yes,Yes,1,1,No,No,1,No,Yes,2,No,No,No,Residential,high,29510126800
2470,38.57238,-90.27069,Some,No,2,0,Yes,2,No,Yes,1,0,No,No,1,No,Yes,2,No,No,No,Residential,high,29510101300
2471,38.57372,-90.27045,Ample,No,2,0,Yes,2,Yes,Yes,1,1,Yes,No,1,Yes,Yes,2,No,No,No,Residential,high,29510102500
2474,38.57792,-90.27075,Ample,No,2,1,Yes,2,No,Yes,1,1,No,No,1,Yes,Yes,2,No,No,No,Residential,medium,29510102400
2475,38.57888,-90.27027,Ample,No,2,0,Yes,2,Yes,Yes,1,0,No,No,1,No,Yes,2,No,No,No,Commercial,medium,29510102400
2476,38.58043,-90.2705,Ample,No,2,0,Yes,2,Yes,Yes,1,0,No,No,1,No,Yes,2,No,No,No,Residential,medium,29510115100
2477,38.58193,-90.27056,Some,No,2,0,Yes,2,No,Yes,1,0,No,No,1,No,Yes,2,No,No,No,Residential,high,29510115100
2478,38.58329,-90.27058,Ample,No,2,0,Yes,2,Yes,Yes,1,1,No,No,1,No,Yes,2,No,No,No,Residential,high,29510115100
2479,38.58423,-90.27073,Ample,No,2,0,Yes,2,Yes,Yes,1,1,No,No,1,No,Yes,2,No,No,No,Residential,medium,29510115100
247,38.61965,-90.3074,Ample,No,2,0,Yes,2,Yes,Yes,0,0,No,No,1,No,Yes,2,No,No,No,Residential,medium,29510126800
2480,38.58599,-90.27063,Ample,No,2,0,Yes,2,Yes,Yes,1,1,No,No,1,No,Yes,2,No,No,No,Residential,high,29510115100
2481,38.58736,-90.2706,Some,No,2,0,Yes,2,Yes,Yes,1,1,No,No,1,No,Yes,2,No,No,No,Residential,high,29510115100
2482,38.58857,-90.27063,Ample,No,2,0,Yes,2,Yes,Yes,1,1,No,No,1,No,Yes,2,No,No,No,Residential,medium,29510115100
2483,38.5901,-90.27059,Ample,No,2,0,Yes,2,Yes,Yes,1,1,No,No,1,No,Yes,2,No,No,No,Commercial,low,29510115100
2484,38.59118,-90.27063,Ample,No,2,0,Yes,2,Yes,Yes,1,1,No,No,1,No,Yes,2,No,No,No,Commercial,high,29510115200
2485,38.59253,-90.27071,Ample,No,2,0,Yes,2,Yes,Yes,1,1,No,No,2,No,Yes,2,No,No,No,Commercial,medium,29510115200
2486,38.59388,-90.27062,Ample,No,2,0,Yes,2,Yes,Yes,1,1,No,No,1,No,Yes,2,No,No,No,Commercial,high,29510115200
2487,38.59527,-90.2705,Some,No,2,0,Yes,2,No,Yes,0,0,No,No,2,No,Yes,2,No,No,No,Residential,low,29510115200
2488,38.59667,-90.27061,Ample,No,2,0,Yes,2,No,Yes,1,1,No,No,1,No,Yes,2,No,No,Yes,Commercial,high,29510115200
2489,38.59803,-90.27059,Ample,No,2,0,Yes,2,Yes,Yes,1,1,No,No,1,No,Yes,2,No,No,No,Commercial,high,29510114200
248,38.62145,-90.30715,Ample,No,2,0,Yes,2,Yes,Yes,1,1,No,No,1,No,Yes,2,No,No,No,Residential,medium,29510126800
2490,38.59957,-90.27048,Ample,No,2,0,Yes,2,Yes,Yes,1,1,Yes,No,1,No,Yes,2,No,No,No,Commercial,low,29510114200
2491,38.60071,-90.27056,Ample,No,2,0,Yes,2,Yes,Yes,1,1,No,No,1,No,Yes,2,No,No,No,Commercial,high,29510127200
2492,38.60244,-90.27062,Ample,No,2,0,Yes,2,Yes,Yes,1,1,No,No,1,No,Yes,2,No,No,No,Commercial,low,29510127200
2493,38.60329,-90.27049,No,No,2,0,Yes,2,Yes,Yes,0,0,No,No,1,No,No,2,No,No,No,Commercial,high,29510127200
2494,38.60471,-90.27096,No,No,0,0,No,2,No,Yes,0,0,No,No,1,No,No,0,No,No,No,Residential,INVALID,29510127200
2495,38.60641,-90.2706,Ample,No,2,0,Yes,2,Yes,Yes,1,1,No,No,1,No,Yes,2,No,No,No,Residential,high,29510127200
2496,38.60762,-90.27059,Ample,No,2,0,Yes,2,Yes,Yes,1,1,No,No,1,No,Yes,2,No,No,No,Residential,high,29510127200
2497,38.6091,-90.27057,Ample,No,2,0,Yes,2,Yes,Yes,1,1,No,No,1,No,Yes,2,No,No,No,Residential,medium,29510127200
2498,38.61055,-90.27064,Ample,No,2,0,Yes,2,Yes,Yes,1,1,No,No,1,No,Yes,2,No,No,No,Residential,high,29510127200
2499,38.61159,-90.2706,Ample,No,2,0,Yes,2,Yes,Yes,1,1,No,No,1,No,Yes,2,No,No,No,Residential,high,29510127200
249,38.62226,-90.307,Ample,No,2,0,Yes,2,Yes,Yes,1,1,No,No,1,No,Yes,2,No,No,No,Residential,high,29510126800
24,38.59811,-90.31643,Ample,No,2,0,Yes,2,Yes,Yes,1,1,No,No,1,No,Yes,2,No,No,No,Residential,high,29510103800
2500,38.61203,-90.27018,Ample,No,2,0,Yes,2,Yes,Yes,1,1,No,No,1,No,Yes,2,No,No,Yes,Commercial,low,29510113500
2501,38.61435,-90.27061,Ample,No,2,0,Yes,2,Yes,Yes,1,1,No,No,1,No,Yes,2,No,No,No,Residential,medium,29510113500
2502,38.61549,-90.27073,Ample,No,2,0,Yes,2,Yes,Yes,1,1,Yes,No,1,No,Yes,2,No,No,No,Residential,high,29510113500
2503,38.61689,-90.27069,Ample,No,2,0,Yes,2,Yes,Yes,1,1,No,No,1,No,Yes,2,No,No,No,Residential,low,29510113500
2504,38.61829,-90.27059,Some,No,0,0,Yes,2,Yes,Yes,0,0,No,No,1,No,Yes,2,No,No,No,Residential,low,29510113500
2505,38.61978,-90.27058,Ample,No,2,0,Yes,2,Yes,Yes,1,0,No,No,1,No,Yes,2,No,No,No,Residential,low,29510113500
2506,38.62095,-90.2706,Ample,No,2,0,Yes,2,Yes,Yes,1,1,No,No,1,No,Yes,2,No,No,No,Residential,medium,29510113500
2507,38.62226,-90.27057,No,No,0,0,Yes,2,Yes,Yes,1,1,No,No,1,No,Yes,2,No,No,No,Commercial,high,29510113500
2508,38.62356,-90.27073,Ample,No,0,0,No,2,Yes,Yes,1,1,No,No,1,No,Yes,2,No,No,No,Commercial,high,29510113500
2509,38.62473,-90.27052,Ample,Yes,2,0,Yes,2,Yes,Yes,1,1,No,No,1,No,Yes,2,No,No,No,Commercial,INVALID,29510104500
250,38.62388,-90.30696,Ample,No,2,0,Yes,2,Yes,Yes,1,1,No,No,1,No,Yes,2,No,No,No,Residential,high,29510126800
2511,38.62779,-90.26987,Ample,No,2,0,Yes,2,Yes,Yes,1,1,Yes,No,1,No,Yes,2,No,No,Yes,Commercial,high,29510104500
2512,38.62901,-90.27065,Ample,No,2,0,No,2,No,Yes,0,0,No,No,1,No,No,2,No,Yes,No,Commercial,INVALID,29510104500
2513,38.63041,-90.27053,No,No,2,0,No,2,No,Yes,0,0,No,No,1,No,No,2,No,No,Yes,Commercial,low,29510112100
2514,38.63172,-90.27068,Ample,No,2,0,Yes,2,Yes,Yes,1,1,No,No,1,Yes,Yes,2,No,No,Yes,Residential,high,29510112100
2515,38.63304,-90.27046,Ample,No,2,0,No,2,Yes,Yes,1,0,No,No,1,Yes,Yes,2,No,No,No,Residential,high,29510112100
2516,38.63439,-90.27052,Ample,No,0,0,Yes,2,Yes,Yes,1,0,No,No,1,Yes,Yes,2,No,Yes,No,Residential,medium,29510112100
2517,38.63574,-90.2705,Ample,No,0,0,Yes,2,Yes,Yes,1,0,No,No,1,Yes,Yes,2,No,No,No,Residential,medium,29510112100
2518,38.63712,-90.2702,Ample,No,2,0,No,2,Yes,Yes,1,0,No,No,1,Yes,Yes,2,No,No,No,Residential,high,29510112100
2519,38.63829,-90.2709,Ample,No,2,0,Yes,2,Yes,Yes,1,1,Yes,No,1,Yes,Yes,2,No,No,Yes,Residential,high,29510112100
251,38.62501,-90.30753,Ample,No,2,0,Yes,2,Yes,Yes,1,1,No,No,1,No,Yes,2,No,No,No,Residential,medium,29510126800
2521,38.64109,-90.27069,Some,No,0,0,Yes,2,Yes,Yes,1,0,No,No,2,Yes,Yes,2,No,No,No,Residential,medium,29510112100
2522,38.64251,-90.27064,Ample,No,0,0,Yes,2,Yes,Yes,1,1,No,No,1,Yes,Yes,2,No,No,No,Residential,high,29510112100
2524,38.64463,-90.27069,Ample,No,0,0,Yes,2,Yes,Yes,1,0,No,No,1,Yes,Yes,2,No,No,No,Residential,medium,29510112100
2526,38.64822,-90.27061,Ample,No,2,0,Yes,2,Yes,Yes,0,0,No,No,2,Yes,Yes,2,No,No,No,Residential,medium,29510112100
2527,38.64885,-90.27069,Ample,No,2,0,Yes,2,Yes,Yes,1,1,No,No,1,Yes,Yes,2,No,No,No,Residential,medium,29510112100
2528,38.65064,-90.27059,Some,No,2,0,No,2,No,Yes,1,1,No,No,1,No,Yes,2,No,No,No,Residential,high,29510112100
2529,38.65173,-90.2707,Some,No,2,0,Yes,2,No,Yes,0,0,No,No,1,No,No,2,No,No,No,Residential,high,29510112100
252,38.6263,-90.30727,Ample,No,2,0,Yes,2,Yes,Yes,1,1,No,No,1,No,Yes,2,No,No,No,Residential,medium,29510126800
2530,38.65328,-90.27051,Ample,No,2,0,Yes,2,Yes,Yes,1,1,No,No,1,No,Yes,2,No,No,No,Residential,high,29510112200
2531,38.65463,-90.27065,Ample,No,2,0,Yes,2,Yes,Yes,1,1,No,No,1,No,Yes,2,No,No,No,Residential,medium,29510112200
2532,38.6559,-90.27066,Ample,No,2,0,Yes,2,Yes,Yes,1,1,No,No,1,No,Yes,2,No,No,Yes,Residential,high,29510112200
2533,38.6574,-90.27063,No,No,0,0,No,2,No,Yes,0,0,No,No,1,No,Yes,2,Yes,No,No,Residential,high,29510105500
2534,38.65878,-90.27067,Ample,No,2,0,Yes,2,Yes,Yes,1,0,No,No,1,No,Yes,2,No,No,No,Residential,medium,29510105500
2535,38.66022,-90.2706,Some,No,0,0,Yes,2,No,Yes,1,1,No,No,1,No,Yes,2,No,No,No,Residential,INVALID,29510105500
2536,38.6618,-90.27126,Ample,No,2,0,Yes,2,Yes,Yes,1,1,No,No,1,No,Yes,2,No,No,No,Residential,high,29510106600
2537,38.66263,-90.27054,Ample,No,2,0,Yes,2,Yes,Yes,1,1,No,No,1,No,Yes,2,No,No,No,Residential,medium,29510106600
2538,38.66387,-90.27087,Ample,No,2,0,Yes,2,Yes,Yes,1,1,No,No,1,No,Yes,2,No,No,No,Residential,high,29510106600
2539,38.66551,-90.27057,Ample,No,2,0,Yes,2,Yes,Yes,1,1,No,No,1,No,Yes,2,No,No,No,Residential,high,29510106600
253,38.62768,-90.307,Ample,No,2,0,Yes,2,Yes,Yes,1,1,No,No,1,No,Yes,2,No,No,No,Residential,high,29510104200
2540,38.66686,-90.27093,Ample,No,2,0,Yes,2,Yes,Yes,1,1,No,No,1,No,Yes,2,No,No,No,Residential,high,29510106600
2541,38.66834,-90.27042,Some,No,0,0,Yes,2,Yes,Yes,1,0,No,No,1,No,Yes,2,No,No,No,Residential,high,29510106500
2542,38.66949,-90.27084,Ample,No,2,0,Yes,2,Yes,Yes,1,1,No,No,1,No,Yes,2,No,No,No,Residential,high,29510106500
2543,38.67079,-90.27076,Some,No,0,0,Yes,2,No,Yes,1,0,No,No,1,No,Yes,2,No,No,No,Residential,medium,29510106500
2544,38.67209,-90.27066,Ample,No,2,0,Yes,2,Yes,Yes,1,0,No,No,1,No,Yes,2,No,No,No,Residential,medium,29510106500
2545,38.67274,-90.27087,Ample,No,2,0,Yes,2,Yes,Yes,1,1,No,No,1,No,Yes,2,No,No,No,Residential,high,29510106300
2546,38.67475,-90.27061,Ample,No,2,0,Yes,2,Yes,Yes,1,1,No,No,1,No,Yes,2,No,No,No,Residential,high,29510106300
2547,38.676,-90.27079,Ample,No,2,0,Yes,2,No,Yes,1,1,No,No,1,No,Yes,2,No,No,No,Residential,high,29510106300
2548,38.6774,-90.27071,Ample,No,0,0,Yes,2,Yes,Yes,1,1,No,No,1,Yes,Yes,2,No,No,No,Residential,high,29510106300
2549,38.67906,-90.27054,Some,No,0,0,Yes,2,No,Yes,0,0,No,No,1,No,Yes,2,No,No,No,Residential,medium,29510106300
254,38.62909,-90.30685,Ample,No,0,0,Yes,2,Yes,Yes,1,1,Yes,No,1,No,Yes,2,No,No,Yes,Residential,low,29510104200
2550,38.68003,-90.27078,Some,No,0,0,Yes,2,No,Yes,1,0,No,No,1,No,Yes,2,No,Yes,No,Residential,high,29510106300
2551,38.68162,-90.2706,Ample,No,0,0,Yes,2,No,Yes,1,1,No,No,1,No,Yes,2,No,No,No,Residential,high,29510106300
2552,38.68251,-90.27011,Ample,No,0,0,Yes,2,No,Yes,1,1,No,No,1,Yes,Yes,2,No,No,No,Residential,low,29510106300
2553,38.68455,-90.27174,Ample,No,0,0,Yes,2,Yes,Yes,1,1,No,No,1,No,Yes,2,No,No,No,Commercial,high,29510106200
2554,38.6856,-90.27066,Ample,No,2,0,Yes,2,Yes,Yes,1,0,No,No,1,No,Yes,2,No,No,No,Commercial,medium,29510106300
2555,38.68695,-90.27083,Ample,No,2,0,Yes,2,Yes,Yes,1,0,No,No,1,No,Yes,2,No,No,No,Commercial,high,29510126900
2556,38.68832,-90.27081,Ample,No,2,0,Yes,2,No,Yes,0,0,No,No,1,No,Yes,2,No,No,No,Residential,INVALID,29510126900
2557,38.68951,-90.27086,Ample,No,0,0,Yes,2,No,Yes,0,0,No,No,2,No,Yes,2,No,No,No,Residential,high,29510126900
2558,38.69112,-90.27101,Some,No,2,0,Yes,2,No,Yes,0,0,No,No,1,No,Yes,2,No,No,No,Residential,high,29510126900
255,38.63035,-90.30704,Ample,No,0,0,Yes,2,Yes,Yes,1,0,No,No,1,No,Yes,2,No,No,No,Residential,high,29510104200
2560,38.69352,-90.27099,Ample,No,0,0,Yes,2,Yes,Yes,1,1,No,No,1,No,Yes,2,No,No,Yes,Residential,medium,29510126900
2565,38.54467,-90.2688,Ample,No,0,0,No,2,Yes,Yes,1,0,No,No,1,No,Yes,2,No,No,No,Residential,medium,29510101500
2566,38.54527,-90.26955,Ample,No,0,0,No,2,Yes,Yes,1,0,No,No,1,Yes,Yes,2,No,No,No,Residential,high,29510101500
2567,38.54666,-90.26911,Ample,No,2,1,Yes,2,Yes,Yes,1,1,No,No,1,No,Yes,2,No,No,No,Residential,high,29510101500
2569,38.54937,-90.26911,Ample,No,2,0,Yes,2,No,Yes,1,1,No,No,1,No,Yes,2,No,No,No,Commercial,low,29510101500
256,38.63198,-90.30701,Ample,No,2,0,Yes,2,Yes,Yes,1,1,No,No,1,No,Yes,2,No,No,No,Residential,medium,29510104200
2570,38.55071,-90.26939,Ample,No,0,0,Yes,2,Yes,Yes,1,1,No,No,2,Yes,Yes,2,No,No,No,Residential,high,29510101500
2571,38.55172,-90.26938,Ample,No,2,0,Yes,2,Yes,Yes,1,1,No,No,1,No,Yes,2,No,No,Yes,Residential,medium,29510101500
2572,38.55363,-90.26935,Ample,No,0,0,Yes,2,Yes,Yes,1,0,Yes,No,2,No,Yes,2,No,No,No,Residential,high,29510101100
2573,38.55491,-90.26936,Some,No,2,0,Yes,2,Yes,Yes,0,0,No,No,1,No,Yes,2,No,No,No,Residential,medium,29510101100
2574,38.55612,-90.26944,Ample,No,2,0,Yes,2,Yes,Yes,1,1,No,No,1,No,Yes,2,No,No,No,Residential,INVALID,29510101100
2575,38.55782,-90.26917,Ample,No,2,0,Yes,2,No,Yes,1,1,No,No,1,No,Yes,2,No,No,No,Residential,medium,29510101100
2576,38.55894,-90.26926,Ample,No,2,0,Yes,2,Yes,Yes,1,1,No,No,1,No,Yes,2,No,No,No,Residential,high,29510101200
2577,38.5602,-90.26918,Ample,No,2,0,Yes,2,Yes,Yes,1,1,No,No,1,No,Yes,2,No,No,No,Residential,high,29510101200
2578,38.56149,-90.26943,Ample,No,2,0,Yes,2,Yes,Yes,1,0,No,No,1,No,Yes,2,No,No,No,Residential,high,29510101200
257,38.57107,-90.30603,Ample,No,2,0,Yes,2,Yes,Yes,1,1,No,No,1,No,Yes,2,No,No,No,Residential,medium,
2580,38.56468,-90.26935,Ample,No,0,0,Yes,2,Yes,Yes,1,0,No,No,1,Yes,Yes,2,No,No,No,Residential,high,29510101300
2582,38.56671,-90.26925,Ample,No,2,0,Yes,2,Yes,Yes,1,0,No,No,2,Yes,Yes,2,No,Yes,No,Residential,medium,29510101300
2583,38.56838,-90.26925,Ample,No,2,0,Yes,2,Yes,Yes,1,0,No,No,1,No,Yes,2,No,No,No,Residential,medium,29510101300
2584,38.56989,-90.26966,Ample,No,2,0,Yes,2,Yes,Yes,1,1,Yes,No,1,No,Yes,2,No,No,No,Residential,medium,29510101300
2585,38.57105,-90.26934,Ample,No,2,0,Yes,2,No,Yes,1,0,No,No,1,No,Yes,2,No,No,No,Residential,medium,29510101300
2586,38.57258,-90.26914,Ample,No,2,0,Yes,2,Yes,Yes,0,0,No,No,2,No,Yes,2,No,No,No,Residential,high,29510101300
2587,38.57373,-90.26936,Ample,No,2,0,Yes,2,Yes,Yes,1,0,No,No,1,No,Yes,2,No,No,No,Residential,INVALID,29510101300
2588,38.57508,-90.26939,Ample,No,2,0,Yes,2,Yes,Yes,1,1,Yes,Yes,1,Yes,Yes,2,No,No,Yes,Residential,medium,29510101300
2589,38.57645,-90.26936,Ample,No,2,0,Yes,2,Yes,Yes,1,1,No,Yes,1,Yes,Yes,2,No,No,No,Residential,high,29510102400
2590,38.57779,-90.26929,No,No,2,0,Yes,2,No,Yes,1,1,No,No,1,No,Yes,2,No,No,No,Residential,high,29510102400
2591,38.57916,-90.26931,Ample,No,2,0,Yes,2,Yes,Yes,1,1,No,No,1,No,Yes,2,No,No,No,Residential,high,29510115400
2592,38.5804,-90.26917,Some,No,2,0,Yes,2,No,Yes,1,1,No,No,1,No,Yes,2,No,No,No,Residential,low,29510115100
2593,38.58166,-90.26931,Some,No,2,0,Yes,2,No,Yes,1,1,No,No,1,No,Yes,2,No,No,No,Residential,high,29510115100
2594,38.5832,-90.26952,Ample,No,2,0,Yes,2,Yes,Yes,1,0,Yes,No,1,No,Yes,2,No,No,Yes,Residential,high,29510115100
2595,38.58445,-90.26908,Ample,No,2,0,Yes,2,Yes,Yes,1,1,No,Yes,1,No,Yes,2,No,No,No,Residential,high,29510115100
2596,38.58573,-90.26942,Ample,No,2,0,Yes,2,Yes,Yes,1,1,No,No,1,No,Yes,2,No,No,No,Residential,medium,29510115100
2597,38.58707,-90.26935,No,No,2,0,Yes,2,No,Yes,1,1,No,No,1,No,Yes,2,No,No,No,Residential,high,29510115100
2598,38.58845,-90.2693,Ample,No,2,0,Yes,2,Yes,Yes,1,0,No,No,1,No,Yes,2,No,No,Yes,Residential,medium,29510115100
2599,38.59022,-90.26922,Ample,No,2,0,Yes,2,Yes,Yes,1,0,No,No,1,No,Yes,2,No,No,No,Residential,medium,29510115100
25,38.59939,-90.3165,Ample,No,0,0,No,2,Yes,Yes,1,0,No,No,1,No,Yes,2,No,No,No,Commercial,medium,29510103800
2600,38.59103,-90.26934,Ample,No,2,0,Yes,2,Yes,Yes,1,1,No,No,1,No,Yes,2,No,No,No,Commercial,high,29510115200
2601,38.59262,-90.26949,Ample,No,2,0,Yes,2,Yes,Yes,1,1,No,No,1,No,Yes,2,No,No,No,Residential,low,29510115200
2602,38.59419,-90.26928,Some,No,0,0,Yes,2,No,Yes,1,1,No,No,1,No,Yes,2,No,No,No,Residential,low,29510115200
2603,38.59555,-90.26926,Ample,No,2,0,Yes,2,Yes,Yes,1,1,No,No,1,No,Yes,2,No,No,No,Residential,INVALID,29510115200
2604,38.59653,-90.26938,Ample,No,2,0,Yes,2,Yes,Yes,1,1,No,No,1,No,Yes,2,No,No,No,Residential,high,29510115200
2605,38.59844,-90.26919,Ample,No,2,0,No,2,Yes,Yes,1,1,No,No,1,No,Yes,2,No,No,No,Commercial,INVALID,29510115200
2606,38.59943,-90.26931,Ample,No,2,0,Yes,2,Yes,Yes,1,1,No,No,1,No,Yes,2,No,No,Yes,Commercial,INVALID,29510115200
2608,38.60215,-90.26932,Ample,No,2,0,Yes,2,Yes,Yes,1,0,No,No,1,No,Yes,2,No,No,No,Commercial,high,29510116200
2609,38.60339,-90.26949,Ample,No,2,0,Yes,2,Yes,Yes,1,1,No,No,1,No,Yes,2,No,No,Yes,Commercial,low,29510127200
2610,38.60472,-90.26926,Ample,No,2,1,Yes,2,Yes,Yes,1,1,No,Yes,1,No,Yes,2,No,No,No,Commercial,high,29510127200
2611,38.60628,-90.26929,Ample,No,0,0,Yes,2,Yes,Yes,1,1,No,No,1,Yes,Yes,2,No,No,No,Residential,high,29510127200
2612,38.6075,-90.26934,Ample,No,2,0,Yes,2,Yes,Yes,1,1,No,No,1,No,Yes,2,No,No,No,Residential,high,29510127200
2613,38.60877,-90.26929,Ample,No,2,0,Yes,2,Yes,Yes,1,1,No,No,1,No,Yes,2,No,No,No,Residential,high,29510127200
2614,38.61006,-90.26902,No,No,2,0,Yes,2,Yes,Yes,1,0,No,No,1,No,Yes,2,No,No,No,Residential,high,29510127200
2615,38.61147,-90.26935,Ample,No,2,0,Yes,2,Yes,Yes,1,1,No,No,1,No,Yes,2,No,No,No,Residential,low,29510127200
2617,38.61421,-90.2693,Ample,No,2,0,Yes,2,Yes,Yes,1,1,Yes,No,1,No,Yes,2,No,No,No,Residential,low,29510113500
2618,38.61589,-90.26995,Ample,No,2,0,Yes,2,Yes,Yes,1,1,No,No,1,No,Yes,2,No,No,No,Residential,INVALID,29510113500
2619,38.61681,-90.26878,Ample,No,2,0,Yes,2,Yes,Yes,1,1,No,No,1,No,Yes,2,No,No,No,Commercial,medium,29510113500
261,38.57645,-90.30572,Ample,No,2,0,Yes,2,No,Yes,1,1,No,No,1,No,Yes,2,No,No,No,Residential,medium,29510102200
2620,38.61824,-90.26925,Some,No,2,0,No,2,Yes,Yes,1,1,No,No,1,No,Yes,2,No,No,No,Residential,high,29510113500
2621,38.61957,-90.26935,Ample,No,2,1,Yes,2,Yes,Yes,1,1,No,No,1,No,Yes,2,No,No,No,Residential,INVALID,29510113500
2622,38.62078,-90.26929,Ample,No,2,0,No,2,Yes,Yes,1,1,No,No,1,Yes,Yes,2,No,No,No,Residential,high,29510113500
2623,38.62252,-90.2693,Ample,No,0,0,Yes,2,Yes,Yes,1,1,No,No,1,No,Yes,2,No,No,No,Commercial,high,29510113500
2625,38.62506,-90.26935,Ample,No,2,1,Yes,2,Yes,Yes,1,1,No,No,1,No,Yes,2,No,No,No,Commercial,low,29510104500
2627,38.6277,-90.26978,Ample,No,2,0,Yes,2,Yes,Yes,1,1,Yes,No,1,No,Yes,2,No,No,No,Commercial,high,29510104500
2628,38.62904,-90.26954,Ample,No,2,0,Yes,2,Yes,Yes,1,1,Yes,No,1,Yes,Yes,2,No,No,No,Commercial,medium,29510104500
2629,38.63014,-90.2692,Ample,No,2,0,Yes,2,Yes,Yes,1,1,No,No,2,Yes,Yes,2,No,No,No,Commercial,low,29510112100
2630,38.63177,-90.26974,Ample,No,0,0,Yes,2,No,Yes,0,0,No,No,2,Yes,Yes,2,No,No,Yes,Residential,medium,29510112100
2631,38.63286,-90.26922,Ample,No,2,0,Yes,2,Yes,Yes,1,0,No,No,1,Yes,Yes,2,No,No,No,Residential,medium,29510112100
2634,38.63703,-90.26936,Ample,No,2,0,Yes,2,Yes,Yes,1,1,No,No,2,Yes,Yes,2,No,No,Yes,Residential,high,29510112100
2635,38.63841,-90.26967,Some,No,0,0,Yes,2,No,Yes,1,1,No,No,2,Yes,Yes,2,No,No,Yes,Residential,medium,29510112100
2636,38.63993,-90.26965,No,No,0,0,Yes,2,No,Yes,0,0,No,No,2,Yes,Yes,2,No,No,Yes,Residential,high,29510112100
2637,38.64086,-90.26896,Ample,No,0,0,Yes,2,No,Yes,0,0,No,No,2,Yes,Yes,2,No,Yes,No,Residential,medium,29510112100
2638,38.64265,-90.26907,Ample,No,0,0,Yes,2,Yes,Yes,1,1,No,No,1,Yes,Yes,2,No,No,No,Commercial,high,29510112100
2639,38.64372,-90.26925,Ample,No,2,0,Yes,2,Yes,Yes,1,1,No,No,1,Yes,Yes,2,No,No,No,Residential,high,29510112100
263,38.57881,-90.30514,Ample,No,2,0,Yes,2,Yes,Yes,1,1,No,No,2,No,Yes,2,No,No,No,Residential,medium,29510102200
2640,38.6445,-90.26933,Ample,No,0,0,Yes,2,Yes,Yes,1,1,No,No,1,Yes,Yes,2,No,No,No,Residential,high,29510112100
2643,38.64935,-90.26926,Some,No,2,0,Yes,2,No,Yes,1,1,No,Yes,1,No,Yes,2,No,No,No,Residential,high,29510112100
2644,38.6505,-90.26928,No,No,2,0,Yes,2,Yes,Yes,0,0,No,No,1,No,Yes,2,No,No,No,Residential,medium,29510112100
2645,38.6521,-90.26924,Ample,No,2,0,Yes,2,Yes,Yes,1,1,No,No,1,No,Yes,2,No,No,No,Residential,medium,29510112100
2646,38.65336,-90.26929,Some,No,2,0,Yes,2,Yes,Yes,1,1,No,Yes,1,No,Yes,2,No,No,Yes,Residential,INVALID,29510112200
2647,38.65451,-90.26931,Ample,No,2,0,Yes,2,Yes,Yes,1,0,No,No,1,No,Yes,2,No,No,No,Residential,medium,29510112200
2648,38.65575,-90.26933,Ample,No,2,0,Yes,2,Yes,Yes,1,1,No,No,1,No,Yes,2,No,No,No,Residential,INVALID,29510112200
2649,38.65727,-90.26935,Ample,No,2,0,Yes,2,Yes,Yes,0,0,No,No,1,No,Yes,2,No,No,No,Residential,medium,29510105500
264,38.58067,-90.30523,Ample,No,2,0,Yes,2,Yes,Yes,1,1,No,No,1,No,Yes,2,No,No,No,Residential,high,29510102200
2650,38.65863,-90.2693,Ample,No,2,0,Yes,2,Yes,Yes,1,1,No,No,1,No,Yes,2,No,No,No,Residential,medium,29510105500
2651,38.66,-90.26938,Ample,No,2,0,Yes,2,Yes,Yes,1,1,No,No,2,No,Yes,2,No,No,No,Residential,high,29510105500
2652,38.66184,-90.26896,Ample,No,2,0,Yes,2,No,Yes,1,1,No,No,1,No,Yes,2,No,No,No,Residential,high,29510106600
2653,38.66318,-90.26914,Ample,No,2,0,Yes,2,Yes,Yes,1,1,No,No,1,No,Yes,2,No,No,No,Residential,medium,29510106600
2654,38.66404,-90.26927,Ample,No,2,0,Yes,2,Yes,Yes,1,1,No,No,1,No,Yes,2,No,No,Yes,Residential,medium,29510106600
2656,38.66666,-90.26936,Ample,No,2,0,Yes,2,Yes,Yes,1,1,No,No,1,No,Yes,2,No,No,No,Residential,high,29510106600
2657,38.66788,-90.26947,Ample,No,2,0,Yes,2,Yes,Yes,1,0,No,No,1,No,Yes,2,No,No,No,Residential,medium,29510106500
2658,38.6694,-90.26923,Ample,No,2,0,Yes,2,No,Yes,1,1,No,No,1,No,Yes,2,No,No,No,Residential,high,29510106500
2659,38.671,-90.26976,Ample,No,2,0,Yes,2,Yes,Yes,1,1,No,No,1,No,Yes,2,No,No,No,Residential,INVALID,29510106500
265,38.58184,-90.30579,Ample,No,2,0,Yes,2,Yes,Yes,1,1,No,No,2,Yes,Yes,2,No,No,No,Residential,medium,29510102200
2660,38.67206,-90.26935,Ample,No,2,0,Yes,2,Yes,Yes,1,1,No,No,1,No,Yes,2,No,No,No,Residential,high,29510106400
2661,38.67361,-90.26958,Ample,No,2,0,Yes,2,Yes,Yes,1,1,No,No,1,No,Yes,2,No,No,No,Residential,high,29510106300
2662,38.67455,-90.26951,Ample,No,2,0,Yes,2,Yes,Yes,1,1,No,No,1,No,Yes,2,No,No,No,Residential,high,29510106300
2663,38.6763,-90.2695,Ample,No,2,0,Yes,2,Yes,Yes,1,1,No,No,1,No,Yes,2,No,No,No,Residential,high,29510106300
2664,38.67754,-90.26929,Some,No,0,0,Yes,2,No,Yes,0,0,No,No,1,No,Yes,2,No,No,No,Residential,medium,29510106300
2665,38.67889,-90.26929,Ample,No,2,0,Yes,2,Yes,Yes,1,1,No,No,1,No,Yes,2,No,No,No,Residential,medium,29510106300
2666,38.68006,-90.26942,Ample,No,2,0,Yes,2,Yes,Yes,1,1,No,No,1,No,Yes,2,No,No,No,Residential,INVALID,29510106300
2667,38.68188,-90.26878,Ample,No,0,0,Yes,2,No,Yes,1,1,No,No,1,No,Yes,2,No,No,No,Residential,high,29510106300
2668,38.68257,-90.26968,Ample,No,0,0,Yes,2,No,Yes,1,1,No,No,1,Yes,Yes,2,No,No,No,Residential,high,29510106300
2669,38.68449,-90.26893,Ample,No,0,0,Yes,2,Yes,Yes,1,0,No,No,2,No,Yes,2,No,No,No,Residential,high,29510126900
266,38.58316,-90.30572,Some,No,2,0,Yes,2,Yes,Yes,1,1,No,No,1,No,Yes,2,No,No,No,Residential,medium,29510103100
2670,38.68536,-90.26885,Ample,No,0,0,Yes,2,Yes,Yes,1,1,No,No,1,No,Yes,2,No,No,No,Commercial,low,29510126900
2672,38.6882,-90.26933,Ample,No,0,0,Yes,2,No,Yes,1,1,No,No,1,No,Yes,2,No,No,No,Commercial,INVALID,29510126900
2673,38.68972,-90.26977,Ample,No,0,0,Yes,2,Yes,Yes,1,1,No,No,1,No,Yes,2,No,No,No,Commercial,high,29510126900
2674,38.69096,-90.26924,Ample,No,0,0,Yes,2,Yes,Yes,1,1,No,No,1,No,Yes,2,No,No,No,Commercial,high,29510126900
267,38.58449,-90.30574,Ample,No,2,0,Yes,2,Yes,Yes,1,0,No,No,1,No,Yes,2,No,No,No,Residential,medium,29510103100
2680,38.5372,-90.26824,Ample,No,0,0,No,2,Yes,Yes,1,1,No,No,2,No,Yes,2,No,No,No,Residential,high,29510101800
2681,38.53866,-90.26789,Ample,No,0,0,Yes,2,Yes,Yes,1,1,Yes,No,1,No,Yes,2,No,No,No,Commercial,INVALID,29510101500
2682,38.53934,-90.26711,Ample,No,0,0,Yes,2,Yes,Yes,1,0,No,No,2,No,Yes,2,No,No,Yes,Commercial,low,29510101500
2683,38.54152,-90.26802,Ample,No,2,0,Yes,2,Yes,Yes,1,0,No,No,1,No,Yes,2,No,Yes,No,Residential,medium,29510101500
2684,38.54282,-90.26785,Ample,No,2,0,Yes,2,Yes,Yes,1,0,Yes,No,1,No,Yes,2,No,No,No,Residential,high,29510101500
2685,38.54414,-90.26798,Ample,No,2,0,Yes,2,Yes,Yes,1,0,No,No,1,Yes,Yes,2,No,No,No,Residential,high,29510101500
2686,38.54541,-90.26806,Ample,No,2,0,Yes,2,Yes,Yes,1,1,No,No,1,No,Yes,2,No,No,No,Residential,high,29510101500
2687,38.54668,-90.26814,Ample,No,2,0,Yes,2,Yes,Yes,1,1,No,No,1,No,Yes,2,No,No,No,Residential,medium,29510101500
2688,38.54852,-90.26767,Ample,No,0,0,Yes,2,No,Yes,1,1,No,No,1,No,Yes,2,No,No,No,Commercial,low,29510101500
2689,38.54986,-90.26853,Ample,No,2,0,Yes,2,No,Yes,1,1,No,No,1,Yes,Yes,2,No,No,No,Commercial,low,29510101500
268,38.58628,-90.30557,Ample,No,2,0,Yes,2,Yes,Yes,1,1,No,No,1,No,Yes,2,No,No,No,Residential,medium,29510103100
2690,38.55064,-90.26764,Ample,No,0,0,Yes,2,Yes,Yes,1,0,No,No,1,No,Yes,2,No,No,No,Residential,low,29510101500
2691,38.55226,-90.2679,Ample,No,2,0,Yes,2,Yes,Yes,1,0,No,No,1,No,Yes,2,No,No,No,Residential,medium,29510101500
2692,38.55358,-90.26795,Ample,No,0,0,No,2,Yes,Yes,1,0,No,No,1,No,Yes,2,No,No,No,Residential,high,29510101100
2693,38.55474,-90.26805,Ample,No,2,0,Yes,2,No,Yes,1,1,No,No,1,No,Yes,2,No,No,No,Residential,high,29510101100
2694,38.55637,-90.26819,Ample,No,2,0,Yes,2,Yes,Yes,1,0,No,No,1,No,Yes,2,No,No,No,Residential,high,29510101100
2695,38.55768,-90.26791,Some,No,2,0,Yes,2,Yes,Yes,1,0,No,No,1,No,Yes,2,No,No,No,Residential,high,29510101100
2696,38.55915,-90.26783,Ample,No,2,0,Yes,2,Yes,Yes,1,1,No,No,1,No,Yes,2,No,No,No,Residential,medium,29510101100
2697,38.56017,-90.26786,Ample,No,2,0,Yes,2,Yes,Yes,1,0,No,No,1,No,Yes,2,No,No,No,Residential,high,29510101200
2698,38.56136,-90.26813,Ample,No,2,0,Yes,2,Yes,Yes,1,0,No,No,1,Yes,Yes,2,No,No,No,Residential,high,29510101200
269,38.58719,-90.30573,Ample,No,2,0,Yes,2,Yes,Yes,1,0,No,No,1,Yes,Yes,2,No,No,No,Residential,medium,29510103100
2700,38.56431,-90.26798,Ample,No,2,0,Yes,2,Yes,Yes,1,0,No,No,1,Yes,Yes,2,No,No,No,Residential,high,29510101300
2701,38.56576,-90.26727,Ample,No,2,0,Yes,2,Yes,Yes,1,0,No,No,1,Yes,Yes,2,No,No,No,Residential,high,29510101300
2702,38.56696,-90.26797,Ample,No,2,0,Yes,2,Yes,Yes,1,0,No,No,1,Yes,Yes,2,No,No,No,Residential,high,29510101300
2703,38.56821,-90.26776,Ample,No,2,0,Yes,2,Yes,Yes,1,1,No,No,1,No,Yes,2,No,No,No,Residential,medium,29510101300
2704,38.56975,-90.26794,Ample,No,2,0,Yes,2,Yes,Yes,1,1,No,No,1,Yes,Yes,2,No,No,No,Residential,medium,29510101300
2705,38.57113,-90.26788,Ample,No,2,0,Yes,2,Yes,Yes,1,0,No,No,1,No,Yes,2,No,No,No,Residential,medium,29510101300
2706,38.57242,-90.26792,Ample,No,2,0,Yes,2,Yes,Yes,1,0,No,No,1,No,Yes,2,No,No,No,Residential,medium,29510101300
2707,38.57384,-90.26793,Some,No,2,0,Yes,2,No,Yes,0,0,No,No,1,No,Yes,2,No,No,No,Residential,INVALID,29510101300
2708,38.57488,-90.2681,Some,No,2,0,Yes,2,Yes,Yes,1,1,No,No,1,No,Yes,2,No,No,No,Residential,high,29510101300
2709,38.57636,-90.268,Some,No,2,0,Yes,2,Yes,Yes,1,1,No,No,1,No,Yes,2,No,No,No,Residential,high,29510115400
270,38.58851,-90.30562,Ample,No,2,0,Yes,2,Yes,Yes,1,1,No,Yes,1,No,Yes,2,No,No,No,Residential,medium,29510103100
2710,38.57794,-90.26784,Ample,No,2,0,Yes,2,Yes,Yes,1,1,No,No,1,No,Yes,2,No,No,No,Residential,medium,29510115400
2711,38.57918,-90.268,Ample,No,2,0,Yes,2,Yes,Yes,1,1,No,No,2,No,Yes,2,No,No,No,Residential,medium,29510115400
2712,38.58059,-90.26809,Ample,No,2,0,Yes,2,Yes,Yes,1,1,No,No,1,Yes,Yes,2,No,Yes,No,Commercial,medium,29510115100
2713,38.58181,-90.26793,Ample,No,2,0,Yes,2,Yes,Yes,1,1,No,No,1,No,Yes,2,No,No,No,Residential,high,29510115100
2714,38.58317,-90.26801,Some,No,2,0,Yes,2,Yes,Yes,1,1,No,No,1,No,Yes,2,No,No,No,Residential,INVALID,29510115100
2715,38.58451,-90.26795,Ample,No,2,0,Yes,2,Yes,Yes,1,0,No,No,1,No,Yes,2,No,No,No,Residential,medium,29510115100
2716,38.58586,-90.26796,No,No,2,0,Yes,2,Yes,Yes,1,1,No,No,1,No,Yes,2,No,No,No,Residential,high,29510115100
2717,38.58724,-90.26802,Ample,No,2,0,Yes,2,Yes,Yes,1,1,Yes,No,1,No,Yes,2,No,No,No,Residential,medium,29510115100
2718,38.58862,-90.26798,No,No,2,0,Yes,2,No,Yes,1,0,No,No,1,No,Yes,2,No,No,No,Residential,medium,29510115100
2719,38.58995,-90.26791,Ample,No,2,0,Yes,2,Yes,Yes,1,0,No,No,1,No,Yes,2,No,No,No,Residential,high,29510115100
271,38.59002,-90.30581,Ample,No,2,0,Yes,2,Yes,Yes,1,1,No,No,1,No,Yes,2,No,No,No,Residential,medium,29510103100
2720,38.59158,-90.26796,Ample,No,0,0,Yes,2,Yes,Yes,0,0,No,No,2,No,Yes,2,No,Yes,No,Residential,INVALID,29510115200
2721,38.59224,-90.268,Ample,No,2,0,Yes,2,Yes,Yes,1,1,No,No,1,No,Yes,2,No,No,No,Residential,high,29510115200
2722,38.59404,-90.26793,No,No,2,0,Yes,2,No,Yes,1,0,No,No,1,No,Yes,2,No,No,No,Residential,high,29510115200
2723,38.59542,-90.26799,Ample,No,2,0,Yes,2,Yes,Yes,1,1,No,No,1,No,Yes,2,No,No,No,Residential,low,29510115200
2726,38.59926,-90.26793,Ample,No,2,0,Yes,2,Yes,Yes,1,1,No,No,1,No,Yes,2,No,No,No,Commercial,INVALID,29510116200
2727,38.60093,-90.26824,Ample,No,0,0,No,2,Yes,Yes,1,0,Yes,No,1,No,Yes,2,No,No,No,Commercial,medium,29510116200
2728,38.60208,-90.26788,Ample,No,2,0,No,2,Yes,Yes,1,1,Yes,No,1,No,Yes,2,No,No,No,Commercial,high,29510116200
2729,38.60341,-90.26787,Ample,No,2,0,Yes,2,Yes,Yes,1,1,No,No,1,No,Yes,2,No,No,No,Commercial,medium,29510116200
272,38.59144,-90.30585,Ample,No,2,0,No,2,No,Yes,0,0,No,No,1,No,Yes,2,No,No,Yes,Residential,medium,29510103100
2730,38.60479,-90.26801,Ample,No,2,0,Yes,2,Yes,Yes,1,0,No,No,1,No,Yes,2,No,No,No,Residential,medium,29510116200
2732,38.60749,-90.26802,Ample,No,2,0,Yes,2,Yes,Yes,1,1,No,No,1,Yes,Yes,2,No,Yes,No,Residential,high,29510116200
2733,38.60883,-90.26846,Ample,No,0,0,Yes,2,Yes,Yes,1,0,No,No,1,Yes,Yes,2,No,No,Yes,Residential,medium,29510127200
2734,38.61016,-90.2682,Ample,Yes,2,0,Yes,2,Yes,Yes,1,1,No,Yes,1,Yes,Yes,2,No,No,No,Residential,medium,29510127200
2735,38.61144,-90.26792,Ample,No,2,1,Yes,2,Yes,Yes,1,1,No,No,1,No,Yes,2,No,No,No,Commercial,high,29510127200
2736,38.61259,-90.26787,Ample,No,2,0,Yes,2,Yes,Yes,1,1,Yes,Yes,1,No,Yes,2,No,No,No,Commercial,low,29510113500
2737,38.61408,-90.26794,Ample,No,2,0,Yes,2,Yes,Yes,1,1,No,No,1,No,Yes,2,No,No,Yes,Commercial,low,29510113500
2738,38.61532,-90.26717,Ample,No,0,0,Yes,2,Yes,Yes,1,1,No,No,2,No,Yes,2,No,No,No,Commercial,INVALID,29510113500
2739,38.6163,-90.2679,Ample,No,2,0,Yes,2,Yes,Yes,1,1,No,No,1,No,Yes,2,No,No,No,Commercial,high,29510113500
273,38.59273,-90.30563,Ample,No,2,0,Yes,2,Yes,Yes,1,0,No,No,1,No,Yes,2,No,No,No,Residential,medium,29510103800
2740,38.61831,-90.26795,Ample,No,2,0,No,2,Yes,Yes,1,1,No,No,1,No,Yes,2,No,No,No,Commercial,low,29510113500
2741,38.61935,-90.26797,Ample,No,2,0,Yes,2,Yes,Yes,1,1,No,No,1,No,Yes,2,No,No,No,Commercial,high,29510113500
2742,38.62064,-90.26806,Ample,No,2,0,Yes,2,Yes,Yes,1,1,No,No,1,No,Yes,2,No,No,No,Residential,high,29510113500
2743,38.62219,-90.26832,Ample,No,0,0,No,2,Yes,Yes,1,1,No,No,1,No,Yes,2,No,No,No,Commercial,high,29510113500
2744,38.62388,-90.26766,Ample,No,2,0,No,2,Yes,Yes,1,1,No,No,1,No,Yes,2,No,No,No,Commercial,high,29510104500
2745,38.62504,-90.26819,Ample,No,2,0,Yes,2,Yes,Yes,1,1,No,No,1,No,Yes,2,No,No,Yes,Commercial,low,29510104500
2747,38.62751,-90.26791,Ample,No,2,0,Yes,2,Yes,Yes,1,1,Yes,No,1,Yes,Yes,2,No,No,Yes,Commercial,INVALID,29510104500
2748,38.62906,-90.26798,Ample,No,0,0,Yes,2,Yes,Yes,1,1,No,No,1,Yes,Yes,2,No,No,No,Residential,high,29510104500
2749,38.63037,-90.26795,Ample,No,0,0,Yes,2,Yes,Yes,1,1,No,No,1,Yes,Yes,2,No,No,No,Commercial,high,29510112100
274,38.59408,-90.30573,No,No,2,0,Yes,2,No,Yes,1,1,No,No,1,No,Yes,2,No,No,No,Residential,high,29510103800
2751,38.63302,-90.26797,Ample,No,2,0,Yes,2,Yes,Yes,1,1,No,No,2,Yes,Yes,2,No,No,No,Residential,high,29510112100
2752,38.63442,-90.26739,Ample,No,2,0,Yes,2,Yes,Yes,0,0,No,No,1,Yes,Yes,2,No,No,No,Residential,high,29510112100
2753,38.63573,-90.26822,Ample,No,2,0,Yes,2,No,Yes,1,0,No,No,1,Yes,Yes,2,No,No,No,Residential,high,29510112100
2754,38.63732,-90.26805,Ample,No,2,0,Yes,2,No,Yes,0,0,No,No,2,Yes,Yes,2,No,Yes,No,Residential,medium,29510112100
2755,38.63832,-90.26832,Ample,No,0,0,No,2,No,Yes,0,0,No,No,2,Yes,Yes,2,No,No,No,Residential,high,29510112100
2756,38.63978,-90.26832,Ample,No,0,0,No,2,No,Yes,0,0,No,No,2,Yes,Yes,2,No,No,Yes,Residential,high,29510112100
2757,38.64111,-90.268,Ample,No,0,0,Yes,2,Yes,Yes,1,0,No,No,1,No,Yes,2,No,No,No,Residential,high,29510112100
2759,38.64386,-90.26791,Ample,No,2,0,Yes,2,Yes,Yes,1,0,No,No,1,Yes,Yes,2,No,No,No,Residential,medium,29510112100
275,38.59538,-90.30565,Ample,No,2,0,Yes,2,Yes,Yes,1,0,No,No,1,No,Yes,2,No,No,No,Residential,medium,29510103800
2763,38.64922,-90.26801,Some,No,2,0,No,2,No,Yes,0,0,No,No,1,No,Yes,2,No,Yes,No,Residential,high,29510112100
2764,38.65037,-90.26796,Some,No,2,0,No,2,No,Yes,0,0,No,No,1,No,Yes,2,No,No,No,Residential,high,29510112100
2765,38.65197,-90.26799,Ample,No,2,0,Yes,2,Yes,Yes,1,0,No,No,1,No,Yes,2,No,No,No,Residential,high,29510112100
2766,38.65321,-90.26792,Ample,No,2,0,Yes,2,No,Yes,1,1,No,Yes,1,No,Yes,2,No,No,Yes,Residential,high,29510112200
2767,38.65437,-90.26802,Ample,No,2,0,Yes,2,Yes,Yes,1,0,No,No,1,No,Yes,2,No,No,No,Residential,high,29510112200
2768,38.65614,-90.26798,Some,No,0,0,No,2,No,Yes,0,0,No,No,1,No,Yes,2,No,No,No,Residential,high,29510112200
2769,38.65712,-90.26794,Ample,No,0,0,Yes,2,Yes,Yes,0,0,No,No,1,No,Yes,2,No,No,No,Residential,high,29510105500
276,38.59669,-90.30566,Some,No,2,0,Yes,2,Yes,Yes,1,1,No,No,1,No,Yes,2,No,No,No,Residential,high,29510103800
2770,38.65849,-90.26795,Ample,No,2,0,Yes,2,Yes,Yes,1,0,No,No,1,No,Yes,2,No,No,No,Residential,medium,29510105500
2771,38.65995,-90.26801,Some,No,2,0,Yes,2,No,Yes,0,0,No,No,1,No,Yes,2,No,No,No,Residential,high,29510105500
2772,38.66168,-90.26792,Some,No,2,0,Yes,2,Yes,Yes,1,1,No,No,1,No,Yes,2,No,No,No,Residential,high,29510106600
2773,38.6629,-90.26789,Ample,No,2,0,Yes,2,Yes,Yes,1,1,No,Yes,1,No,Yes,2,No,No,Yes,Residential,high,29510106600
2774,38.66424,-90.26779,Ample,No,2,0,Yes,2,Yes,Yes,1,1,No,No,1,No,Yes,2,No,No,No,Residential,medium,29510106600
2775,38.66544,-90.26803,Ample,No,2,0,Yes,2,Yes,Yes,1,1,No,No,1,No,Yes,2,No,No,No,Residential,high,29510106600
2776,38.6671,-90.26772,Ample,No,2,0,Yes,2,Yes,Yes,1,1,No,No,1,No,Yes,2,No,No,Yes,Residential,high,29510106500
2777,38.66827,-90.26788,Ample,No,2,0,Yes,2,Yes,Yes,1,0,No,No,1,No,Yes,2,No,No,No,Residential,medium,29510106500
2778,38.66938,-90.26801,Ample,No,2,0,Yes,2,Yes,Yes,1,1,No,No,1,No,Yes,2,No,No,No,Residential,high,29510106500
2779,38.67088,-90.26816,Ample,No,2,0,Yes,2,Yes,Yes,1,1,No,No,1,No,Yes,2,No,No,No,Residential,medium,29510106500
277,38.59801,-90.30568,Ample,No,2,0,Yes,2,Yes,Yes,1,1,No,No,1,No,Yes,2,No,No,No,Residential,medium,29510103800
2780,38.67219,-90.26805,Some,No,0,0,Yes,2,No,Yes,1,0,No,No,1,No,Yes,2,No,No,No,Residential,high,29510106400
2781,38.6735,-90.26797,Ample,No,2,0,Yes,2,Yes,Yes,1,0,No,No,1,No,Yes,2,No,No,No,Residential,medium,29510106400
2782,38.6748,-90.26788,Some,No,0,0,Yes,2,No,Yes,0,0,No,No,1,No,Yes,2,No,No,No,Residential,high,29510106400
2783,38.67606,-90.26782,Ample,No,2,0,Yes,2,Yes,Yes,1,1,No,No,1,No,Yes,2,No,No,No,Residential,high,29510106300
2784,38.67745,-90.26807,Ample,No,2,0,Yes,2,Yes,Yes,1,1,No,No,1,No,Yes,2,No,No,No,Residential,high,29510106300
2785,38.67888,-90.26788,Some,No,0,0,Yes,2,No,Yes,0,0,No,No,1,No,No,2,No,No,No,Residential,high,29510106300
2786,38.67997,-90.26809,Ample,No,2,0,Yes,2,No,Yes,0,0,No,No,1,No,Yes,2,No,No,No,Residential,high,29510106300
2787,38.68151,-90.26805,Ample,No,0,0,Yes,2,No,Yes,1,1,No,No,1,Yes,Yes,2,No,No,No,Residential,high,29510106300
2789,38.684,-90.26822,Ample,Yes,0,0,Yes,2,Yes,Yes,1,0,No,No,1,No,Yes,2,No,No,No,Commercial,high,29510106300
278,38.59936,-90.30579,Ample,No,2,0,Yes,2,Yes,Yes,1,1,No,No,1,Yes,Yes,2,No,No,No,Residential,high,29510103800
2792,38.68767,-90.26811,Ample,No,0,0,Yes,2,No,Yes,1,1,No,No,1,No,Yes,2,No,No,No,Commercial,low,29510126900
2796,38.69373,-90.268,Ample,No,0,0,Yes,2,No,Yes,1,1,No,No,1,No,Yes,2,No,No,No,Commercial,high,29510126900
2797,38.69491,-90.26742,Ample,No,2,0,Yes,2,Yes,Yes,1,1,No,No,1,No,Yes,2,No,No,No,Residential,high,29510126900
2799,38.69813,-90.26771,Ample,No,2,0,Yes,2,Yes,Yes,1,1,No,No,1,No,Yes,2,No,No,No,Residential,medium,29510126900
279,38.6007,-90.30575,Some,No,2,0,Yes,2,Yes,Yes,1,1,No,No,1,No,Yes,2,No,No,No,Residential,INVALID,29510103800
27,38.60215,-90.31623,Ample,No,2,0,Yes,2,Yes,Yes,1,1,No,No,1,No,Yes,2,No,No,No,Residential,medium,29510126800
2800,38.53558,-90.26602,Ample,No,0,0,No,2,Yes,Yes,1,1,No,No,2,No,Yes,2,No,No,No,Residential,high,29510101800
2801,38.53601,-90.2666,Ample,Yes,0,0,No,2,No,Yes,1,1,No,No,1,No,Yes,2,No,No,No,Commercial,high,29510101800
2804,38.53994,-90.26644,Ample,No,2,0,Yes,2,Yes,Yes,1,1,No,No,1,No,Yes,2,No,No,No,Commercial,INVALID,29510101500
2805,38.54137,-90.2665,Ample,No,2,0,Yes,2,Yes,Yes,1,0,No,No,1,No,Yes,2,No,No,No,Residential,medium,29510101500
2806,38.54272,-90.26663,Ample,No,2,0,Yes,2,Yes,Yes,1,1,No,No,1,No,Yes,2,No,No,No,Residential,high,29510101500
2807,38.54432,-90.26641,Ample,No,2,0,Yes,2,No,Yes,1,1,No,No,1,No,Yes,2,No,No,No,Residential,high,29510101500
2808,38.54559,-90.26671,Ample,No,2,0,Yes,2,Yes,Yes,1,1,No,No,1,No,Yes,2,No,No,Yes,Residential,high,29510101500
2809,38.54686,-90.2665,Ample,No,2,0,Yes,2,Yes,Yes,1,1,No,No,2,No,Yes,2,No,No,No,Residential,medium,29510101500
280,38.60229,-90.30569,Ample,No,2,0,Yes,2,Yes,Yes,1,1,No,No,1,No,Yes,2,No,No,No,Residential,medium,29510103800
2810,38.54794,-90.26655,Ample,Yes,0,0,Yes,2,Yes,Yes,1,1,No,No,1,No,Yes,2,No,No,No,Commercial,high,29510101500
2811,38.54897,-90.26625,Ample,No,2,0,Yes,2,Yes,Yes,1,1,No,No,2,No,Yes,2,No,No,No,Commercial,INVALID,29510101500
2812,38.55051,-90.26693,Ample,No,0,0,Yes,2,Yes,Yes,1,1,No,No,1,No,Yes,2,No,No,No,Residential,medium,29510101500
2813,38.55225,-90.26668,Ample,No,2,0,Yes,2,No,Yes,1,0,No,No,1,No,Yes,2,No,No,No,Residential,INVALID,29510101500
2814,38.55358,-90.26658,Ample,No,0,0,Yes,2,Yes,Yes,1,0,Yes,No,1,No,Yes,2,No,No,No,Residential,medium,29510101100
2815,38.55499,-90.26651,Ample,No,2,0,Yes,2,Yes,Yes,1,0,No,No,1,No,Yes,2,No,No,No,Residential,medium,29510101100
2816,38.5564,-90.26644,Ample,No,2,0,Yes,2,Yes,Yes,1,1,No,No,1,No,Yes,2,No,No,No,Residential,medium,29510101100
2817,38.55751,-90.26662,Ample,No,2,0,Yes,2,Yes,Yes,1,1,No,No,1,No,Yes,2,No,No,No,Residential,medium,29510101100
2818,38.55901,-90.26654,Ample,No,2,0,No,2,No,Yes,0,0,No,No,1,No,Yes,2,No,No,No,Residential,high,29510101100
2819,38.5601,-90.26675,Some,No,2,0,Yes,2,Yes,Yes,1,0,No,No,2,No,Yes,2,No,No,No,Residential,high,29510101100
281,38.60337,-90.30575,Ample,No,2,0,Yes,2,Yes,Yes,1,1,No,No,1,No,Yes,2,No,No,No,Residential,medium,29510103400
2820,38.56158,-90.26583,Ample,Yes,2,1,Yes,2,Yes,Yes,1,1,Yes,No,2,Yes,Yes,2,No,No,No,Residential,high,29510101300
2821,38.56298,-90.2661,Ample,No,2,0,Yes,2,Yes,Yes,1,0,No,No,1,Yes,Yes,2,No,Yes,No,Residential,medium,29510101300
2822,38.56394,-90.26689,Ample,No,2,0,Yes,2,Yes,Yes,1,0,No,No,1,Yes,Yes,2,No,No,No,Residential,medium,29510101300
2823,38.56591,-90.26639,Ample,No,0,0,Yes,2,Yes,Yes,1,1,No,No,1,Yes,Yes,2,No,No,No,Residential,medium,29510101300
2824,38.56696,-90.2667,Ample,No,2,0,Yes,2,Yes,Yes,0,0,No,No,1,No,Yes,2,No,No,No,Residential,high,29510101300
2825,38.56842,-90.26658,Ample,No,2,0,Yes,2,No,Yes,0,0,No,No,1,No,Yes,2,No,No,No,Residential,high,29510101300
2826,38.56971,-90.26663,Ample,No,2,0,Yes,2,Yes,Yes,1,1,No,No,1,No,Yes,2,No,No,No,Residential,high,29510101300
2827,38.57095,-90.26639,Ample,No,2,0,Yes,2,Yes,Yes,1,1,No,No,1,No,Yes,2,No,No,No,Residential,medium,29510101300
2828,38.57258,-90.26644,Ample,No,2,0,Yes,2,Yes,Yes,1,1,No,No,1,No,Yes,2,No,No,No,Residential,high,29510101300
2829,38.57367,-90.2667,Ample,No,2,0,Yes,2,Yes,Yes,1,1,No,No,1,No,Yes,2,No,No,No,Residential,medium,29510101300
282,38.60469,-90.30575,Ample,No,2,0,Yes,2,Yes,Yes,1,1,No,No,1,No,Yes,2,No,No,No,Residential,high,29510103400
2830,38.57506,-90.26672,Ample,No,2,0,Yes,2,Yes,Yes,1,1,No,No,1,Yes,Yes,2,No,No,No,Residential,high,29510101300
2831,38.57655,-90.26689,Ample,No,2,0,Yes,2,Yes,Yes,1,1,No,No,1,No,Yes,2,No,No,No,Residential,medium,29510115400
2832,38.57777,-90.26661,Ample,No,2,0,Yes,2,Yes,Yes,1,1,Yes,No,1,No,Yes,2,No,No,Yes,Residential,medium,29510115400
2833,38.57921,-90.26655,Some,No,2,0,Yes,2,Yes,Yes,1,1,No,No,1,No,Yes,2,No,No,No,Residential,high,29510115400
2834,38.58059,-90.26751,Ample,No,2,1,Yes,2,Yes,Yes,1,1,No,No,2,Yes,Yes,2,No,No,No,Residential,high,29510115400
2835,38.58179,-90.26657,Ample,No,2,0,Yes,2,Yes,Yes,1,1,No,No,1,No,Yes,2,No,No,No,Commercial,high,29510115200
2836,38.58321,-90.26661,Ample,No,2,0,Yes,2,Yes,Yes,1,1,Yes,No,1,No,Yes,2,No,No,No,Residential,high,29510115100
2837,38.58458,-90.26672,Some,No,2,0,Yes,2,No,Yes,1,0,No,No,1,No,Yes,2,No,No,No,Residential,high,29510115100
2838,38.58599,-90.26656,Ample,No,2,0,Yes,2,Yes,Yes,1,1,No,No,1,No,Yes,2,No,No,No,Residential,medium,29510115100
2839,38.58696,-90.26674,Ample,No,2,0,Yes,2,Yes,Yes,1,0,No,No,1,No,Yes,2,No,No,No,Residential,medium,29510115100
283,38.60602,-90.30575,Ample,No,2,0,Yes,2,Yes,Yes,1,0,No,No,1,No,Yes,2,No,No,No,Residential,high,29510103400
2840,38.58874,-90.26652,Ample,No,2,0,Yes,2,Yes,Yes,1,1,No,No,1,No,Yes,2,No,No,No,Residential,high,29510115100
2841,38.58971,-90.26672,Some,No,2,0,Yes,2,Yes,Yes,1,1,No,No,1,No,Yes,2,No,No,No,Residential,high,29510115100
2842,38.59143,-90.2666,Ample,No,2,0,Yes,2,Yes,Yes,1,1,No,No,1,No,Yes,2,No,No,No,Residential,high,29510115200
2843,38.59213,-90.267,Ample,No,2,0,Yes,2,No,Yes,1,1,No,No,1,No,Yes,2,No,No,No,Residential,medium,29510115200
2844,38.59389,-90.26657,Some,No,2,0,Yes,2,Yes,Yes,1,1,No,No,1,No,Yes,2,No,No,No,Residential,high,29510115200
2845,38.59527,-90.26665,Ample,No,2,0,Yes,2,Yes,Yes,1,1,No,No,1,No,Yes,2,No,No,Yes,Residential,high,29510115200
2848,38.59914,-90.26668,Ample,No,0,0,Yes,2,Yes,Yes,1,1,No,No,1,No,Yes,2,No,No,Yes,Commercial,low,29510116200
284,38.6073,-90.30556,Ample,No,0,0,No,2,Yes,Yes,1,0,No,No,2,Yes,Yes,2,No,No,No,Residential,high,29510103400
2851,38.60363,-90.26657,Ample,No,2,0,Yes,2,Yes,Yes,1,1,No,No,1,No,Yes,2,No,No,No,Residential,high,29510116200
2852,38.60465,-90.26662,Ample,No,2,0,Yes,2,Yes,Yes,0,0,No,No,1,No,Yes,2,No,No,No,Residential,high,29510116200
2853,38.60599,-90.26661,Ample,No,0,0,Yes,2,Yes,Yes,1,1,No,No,1,Yes,Yes,2,No,No,No,Residential,high,29510116200
2854,38.60747,-90.26666,No,No,0,0,Yes,2,Yes,Yes,1,1,No,No,2,Yes,Yes,2,No,No,No,Residential,high,29510116200
2855,38.60963,-90.26674,Ample,No,0,0,Yes,2,Yes,Yes,1,1,No,No,1,Yes,Yes,2,No,No,No,Residential,medium,29510116200
2856,38.61019,-90.26681,Ample,No,2,0,Yes,2,Yes,Yes,1,1,No,No,1,Yes,Yes,2,No,No,No,Residential,high,29510117100
2857,38.61146,-90.26667,Ample,No,2,0,Yes,2,Yes,Yes,1,0,No,No,1,No,Yes,2,No,No,No,Residential,high,29510117100
2858,38.61285,-90.2666,Ample,No,2,0,Yes,2,Yes,Yes,1,1,No,No,1,No,Yes,2,No,No,No,Commercial,high,29510117100
285,38.60883,-90.30561,Ample,No,2,0,Yes,2,No,Yes,1,1,No,No,1,No,Yes,2,No,No,No,Commercial,low,29510103400
2860,38.61559,-90.26711,Ample,No,2,0,Yes,2,Yes,Yes,1,1,No,No,2,No,Yes,2,No,No,No,Commercial,INVALID,29510113500
2861,38.6169,-90.26682,Ample,No,2,0,Yes,2,Yes,Yes,1,1,No,No,2,No,Yes,2,No,No,No,Commercial,INVALID,29510113500
2862,38.61822,-90.26657,Ample,No,2,0,Yes,2,Yes,Yes,1,1,No,No,2,No,Yes,2,No,No,Yes,Commercial,low,29510113500
2863,38.61936,-90.26662,Ample,No,2,0,Yes,2,Yes,Yes,1,1,No,Yes,1,No,Yes,2,No,No,No,Commercial,high,29510113500
2864,38.62105,-90.26662,Ample,No,2,0,Yes,2,Yes,Yes,1,1,No,No,1,No,Yes,2,No,No,No,Commercial,low,29510113500
2865,38.6222,-90.26596,Ample,Yes,2,0,Yes,2,No,Yes,1,1,No,No,1,No,Yes,2,No,No,No,Commercial,INVALID,29510113500
2867,38.62428,-90.2663,Ample,No,2,0,Yes,2,Yes,Yes,1,1,No,No,2,No,Yes,2,No,No,Yes,Commercial,high,29510104500
2868,38.62651,-90.2666,Ample,No,2,0,Yes,2,No,Yes,1,1,No,No,1,No,Yes,2,No,No,No,Residential,medium,29510104500
2869,38.62746,-90.26665,Ample,No,2,0,Yes,2,Yes,Yes,1,0,No,No,1,No,Yes,2,No,No,Yes,Residential,high,29510104500
286,38.60959,-90.30579,Some,No,2,0,Yes,2,Yes,Yes,1,1,No,No,1,No,Yes,2,No,No,No,Commercial,medium,29510103400
2870,38.62901,-90.26657,Ample,No,2,0,Yes,2,No,Yes,1,1,Yes,Yes,1,No,Yes,2,No,No,No,Residential,medium,29510112100
2871,38.63025,-90.26655,Ample,No,0,0,Yes,2,Yes,Yes,1,0,No,No,1,Yes,Yes,2,No,No,No,Residential,high,29510112100
2872,38.63156,-90.26637,Ample,No,0,0,Yes,2,Yes,Yes,1,1,Yes,Yes,1,Yes,Yes,2,No,No,No,Residential,low,29510112100
2873,38.63307,-90.26649,Ample,No,0,0,Yes,2,Yes,Yes,1,1,No,No,2,Yes,Yes,2,No,No,No,Residential,high,29510112100
2874,38.63443,-90.26662,Ample,No,2,0,Yes,2,Yes,Yes,1,0,No,No,1,Yes,Yes,2,No,No,No,Residential,high,29510112100
2875,38.63575,-90.26642,Ample,No,0,0,Yes,2,Yes,Yes,1,1,No,Yes,1,Yes,Yes,2,No,No,No,Commercial,high,29510112100
2876,38.63703,-90.26623,Ample,No,2,0,Yes,2,Yes,Yes,1,1,No,No,1,Yes,Yes,2,No,No,No,Commercial,high,29510112100
2878,38.63985,-90.26664,Ample,No,2,0,Yes,2,Yes,Yes,1,1,No,No,2,Yes,Yes,2,No,No,Yes,Commercial,medium,29510112100
2880,38.64277,-90.26642,Ample,No,2,0,Yes,2,Yes,Yes,1,0,No,No,1,Yes,Yes,2,No,No,No,Residential,high,29510112100
2881,38.64423,-90.26655,Ample,No,0,0,Yes,2,Yes,Yes,0,0,No,No,1,Yes,Yes,2,No,No,No,Residential,medium,29510112100
2885,38.64908,-90.26665,Some,No,2,0,No,2,No,Yes,0,0,No,No,1,No,Yes,2,No,No,No,Residential,INVALID,29510112100
2886,38.65078,-90.26658,Ample,No,2,0,Yes,2,Yes,Yes,1,1,No,No,1,No,Yes,2,No,No,No,Residential,high,29510112100
2887,38.65193,-90.26661,Ample,No,2,0,Yes,2,Yes,Yes,1,1,No,No,1,No,Yes,2,No,No,No,Residential,high,29510112200
2888,38.65308,-90.26667,Ample,No,2,0,Yes,2,Yes,Yes,1,0,No,No,1,No,Yes,2,No,Yes,No,Residential,medium,29510112200
2889,38.65465,-90.26667,Ample,No,2,0,Yes,2,Yes,Yes,1,1,No,No,1,No,Yes,2,No,No,No,Residential,INVALID,29510112200
288,38.61324,-90.30579,Ample,No,2,0,Yes,2,Yes,Yes,1,1,No,No,1,No,Yes,2,No,No,No,Residential,medium,29510126800
2890,38.656,-90.26661,Some,No,2,0,Yes,2,No,Yes,0,0,No,No,1,No,Yes,2,No,No,No,Residential,high,29510112200
2891,38.65744,-90.26655,Ample,No,2,0,Yes,2,Yes,Yes,1,0,No,No,1,No,Yes,2,No,No,No,Residential,high,29510105500
2892,38.65883,-90.26654,Ample,Yes,2,0,Yes,2,Yes,Yes,1,0,No,No,1,No,Yes,2,No,No,No,Residential,medium,29510105500
2893,38.65981,-90.26665,No,No,2,0,Yes,2,No,Yes,0,0,No,No,1,No,Yes,2,No,No,No,Residential,high,29510105500
2894,38.66147,-90.26654,Ample,No,0,0,Yes,2,No,Yes,1,1,No,No,1,No,Yes,2,No,No,No,Residential,high,29510106600
2895,38.6626,-90.26659,Ample,No,2,0,Yes,2,Yes,Yes,1,1,No,Yes,1,No,Yes,2,No,No,Yes,Residential,medium,29510106600
2896,38.66388,-90.2667,Ample,No,2,0,Yes,2,Yes,Yes,1,1,No,No,1,No,Yes,2,No,No,No,Residential,INVALID,29510106600
2897,38.66524,-90.26676,Ample,Yes,2,0,Yes,2,Yes,Yes,1,1,No,No,1,No,Yes,2,No,No,No,Commercial,high,29510106500
2898,38.66688,-90.26693,Ample,No,2,0,Yes,2,Yes,Yes,1,1,No,No,1,No,Yes,2,No,No,No,Residential,medium,29510106500
2899,38.66779,-90.26678,Ample,No,2,0,Yes,2,Yes,Yes,1,1,No,No,1,No,Yes,2,No,No,No,Residential,high,29510106500
289,38.61414,-90.30563,Ample,No,2,0,Yes,2,Yes,Yes,1,1,No,No,1,No,Yes,2,No,No,No,Residential,low,29510126800
28,38.60339,-90.31638,Ample,No,2,0,Yes,2,No,Yes,1,1,No,No,1,No,Yes,2,No,No,No,Residential,medium,29510126800
2900,38.66971,-90.26643,Ample,No,2,0,Yes,2,Yes,Yes,1,1,No,No,1,No,Yes,2,No,No,No,Residential,medium,29510106500
2901,38.67085,-90.26657,Ample,No,2,0,Yes,2,Yes,Yes,1,1,No,No,1,No,Yes,2,No,No,No,Residential,high,29510106500
2902,38.67249,-90.26634,Ample,No,2,0,Yes,2,No,Yes,1,1,No,No,1,No,Yes,2,No,No,No,Residential,high,29510106500
2903,38.67339,-90.26637,Ample,No,2,0,Yes,2,Yes,Yes,1,1,No,No,1,No,Yes,2,No,No,No,Residential,medium,29510106400
2904,38.67499,-90.26689,Ample,No,0,0,Yes,2,Yes,Yes,1,1,No,No,1,No,Yes,2,No,No,Yes,Residential,high,29510106400
2905,38.67629,-90.26683,Some,No,0,0,Yes,2,No,Yes,0,0,No,No,1,No,Yes,2,No,No,No,Residential,high,29510106400
2906,38.67759,-90.2667,Ample,No,2,0,Yes,2,Yes,Yes,1,1,No,No,1,No,Yes,2,No,No,No,Residential,INVALID,29510106400
2907,38.67884,-90.26668,Ample,No,2,0,Yes,2,Yes,Yes,1,1,No,No,1,No,Yes,2,No,No,No,Residential,high,29510106300
2908,38.68003,-90.26686,Some,No,0,0,Yes,2,No,Yes,1,1,No,No,1,No,Yes,2,No,No,No,Residential,high,29510106300
2909,38.68143,-90.26675,Ample,No,0,0,Yes,2,No,Yes,1,1,No,No,1,No,Yes,2,No,No,No,Residential,medium,29510106300
290,38.6157,-90.30551,Ample,No,0,0,Yes,2,Yes,Yes,1,1,No,No,1,No,Yes,2,No,No,No,Residential,high,29510126800
2910,38.68297,-90.26657,Ample,No,2,0,Yes,2,Yes,Yes,1,1,Yes,No,1,No,Yes,2,No,No,Yes,Commercial,high,29510106300
2911,38.68351,-90.26743,Ample,No,2,0,Yes,2,Yes,Yes,1,1,No,No,1,No,Yes,2,No,No,No,Commercial,high,29510106300
291,38.61688,-90.3056,Ample,No,2,0,Yes,2,Yes,Yes,1,1,No,No,1,No,Yes,2,No,No,No,Commercial,high,29510126800
2920,38.69643,-90.26671,Ample,No,0,0,Yes,2,Yes,Yes,1,1,No,No,1,No,Yes,2,No,No,No,Residential,INVALID,29510126900
2921,38.69769,-90.26668,Ample,No,0,0,Yes,2,Yes,Yes,1,1,No,No,1,Yes,Yes,2,No,No,No,Residential,medium,29510126900
2922,38.69934,-90.26648,Ample,No,2,0,Yes,2,Yes,Yes,1,0,No,No,1,Yes,Yes,2,No,No,No,Residential,high,29510126900
2923,38.53481,-90.26507,Ample,Yes,0,0,No,2,Yes,Yes,1,1,No,No,1,No,Yes,2,No,No,No,Commercial,low,29510101800
2927,38.54019,-90.26531,Some,No,0,1,Yes,2,No,Yes,1,0,No,No,1,No,Yes,2,No,No,No,Residential,high,29510101800
2928,38.54125,-90.26549,Ample,No,2,0,Yes,2,Yes,Yes,1,0,No,No,1,No,Yes,2,No,No,No,Residential,medium,29510101500
2929,38.54266,-90.26507,Ample,No,2,0,Yes,2,Yes,Yes,1,1,No,No,1,No,Yes,2,No,No,No,Residential,medium,29510101500
292,38.61823,-90.30541,Ample,No,2,0,Yes,2,Yes,Yes,1,0,No,No,1,No,Yes,2,No,No,No,Residential,medium,29510126800
2930,38.54401,-90.26518,Ample,No,2,0,Yes,2,Yes,Yes,1,1,No,No,1,Yes,Yes,2,No,No,No,Residential,high,29510101500
2931,38.54544,-90.26523,Ample,No,2,0,Yes,2,Yes,Yes,1,0,No,No,1,Yes,Yes,2,No,No,No,Residential,high,29510101500
2932,38.54673,-90.26543,No,No,0,0,Yes,2,No,Yes,1,1,No,No,1,No,Yes,2,No,No,No,Commercial,high,29510101500
2933,38.54825,-90.26531,Ample,No,2,0,Yes,2,Yes,Yes,1,1,No,No,1,No,Yes,2,No,No,No,Residential,low,29510101500
2934,38.54954,-90.26527,Ample,No,2,0,Yes,2,No,Yes,1,0,No,No,1,No,Yes,2,No,No,No,Residential,high,29510101500
2935,38.55078,-90.26534,Ample,No,0,0,Yes,2,Yes,Yes,1,1,No,No,1,No,Yes,2,No,No,No,Residential,high,29510101500
2936,38.55246,-90.26559,Ample,No,2,0,Yes,2,Yes,Yes,1,1,No,No,1,Yes,Yes,2,No,Yes,No,Residential,high,29510101500
2937,38.55353,-90.26528,Ample,No,0,0,No,2,Yes,Yes,1,1,No,No,1,No,Yes,2,No,No,No,Commercial,high,29510101500
2938,38.55468,-90.26554,Ample,No,2,0,Yes,2,Yes,Yes,1,1,No,No,1,No,Yes,2,No,No,No,Residential,high,29510101500
2939,38.55642,-90.26544,Some,No,2,0,Yes,2,No,Yes,1,1,No,No,1,No,Yes,2,No,No,No,Residential,high,29510101100
293,38.6194,-90.30541,Ample,No,2,0,Yes,2,Yes,Yes,1,1,No,No,1,No,Yes,2,No,No,No,Residential,medium,29510126800
2940,38.55776,-90.26513,Ample,No,2,0,Yes,2,Yes,Yes,1,1,No,No,1,No,Yes,2,No,No,No,Residential,high,29510101100
2941,38.5589,-90.26533,Ample,No,2,0,Yes,2,Yes,Yes,1,1,No,No,1,No,Yes,2,No,No,No,Residential,medium,29510101100
2942,38.56002,-90.26555,Ample,No,2,0,Yes,2,Yes,Yes,1,0,No,No,1,Yes,Yes,2,No,No,No,Residential,high,29510101300
2943,38.56149,-90.2658,Ample,No,2,0,Yes,2,Yes,Yes,1,1,Yes,No,1,Yes,Yes,2,No,No,Yes,Residential,medium,29510101300
2945,38.56457,-90.26517,Ample,No,0,0,Yes,2,Yes,Yes,1,0,No,No,1,Yes,Yes,2,No,No,No,Residential,medium,29510101300
2946,38.56556,-90.26531,Ample,No,2,0,Yes,2,Yes,Yes,1,0,Yes,No,1,Yes,Yes,2,No,No,No,Residential,medium,29510101300
2947,38.56703,-90.26528,Ample,No,2,0,Yes,2,Yes,Yes,1,1,No,No,1,No,Yes,2,No,No,No,Residential,high,29510101300
2948,38.56827,-90.26541,Ample,No,2,0,Yes,2,Yes,Yes,1,0,No,No,2,No,Yes,2,No,No,No,Residential,medium,29510101300
2949,38.56977,-90.26525,Ample,No,2,0,Yes,2,Yes,Yes,1,0,No,No,1,No,Yes,2,No,No,No,Residential,high,29510101300
294,38.62127,-90.3056,Ample,No,2,0,Yes,2,Yes,Yes,1,1,No,No,1,No,Yes,2,No,No,No,Residential,high,29510126800
2950,38.57117,-90.26519,No,No,2,0,Yes,2,Yes,Yes,1,0,No,No,1,No,Yes,2,No,No,No,Residential,high,29510101300
2951,38.57243,-90.26527,Ample,No,2,0,Yes,2,Yes,Yes,1,1,No,No,1,No,Yes,2,No,No,Yes,Residential,medium,29510101300
2952,38.5735,-90.26546,Some,No,2,0,Yes,2,No,Yes,1,1,No,No,1,No,Yes,2,No,No,No,Residential,high,29510101300
2953,38.57539,-90.26506,No,No,0,0,Yes,2,No,Yes,0,0,No,No,1,No,Yes,2,No,No,No,Residential,high,29510115400
2954,38.57656,-90.26522,Ample,No,2,0,Yes,2,Yes,Yes,1,1,No,No,1,No,Yes,2,No,No,No,Residential,high,29510115400
2955,38.57776,-90.26525,No,No,2,0,No,2,No,Yes,1,1,No,No,1,No,Yes,2,No,No,No,Residential,high,29510115400
2956,38.57909,-90.26532,Ample,No,2,0,Yes,2,No,Yes,1,1,No,No,2,No,Yes,2,No,No,No,Residential,medium,29510115400
2957,38.58059,-90.26515,Ample,No,2,0,Yes,2,Yes,Yes,1,1,No,Yes,1,No,Yes,2,No,No,No,Residential,INVALID,29510115300
2958,38.58165,-90.26547,Ample,No,2,0,Yes,2,Yes,Yes,1,1,No,No,1,No,Yes,2,No,No,No,Residential,high,29510115300
2959,38.58333,-90.26511,Ample,No,2,0,Yes,2,Yes,Yes,1,1,No,No,1,No,Yes,2,No,No,No,Commercial,high,29510115200
295,38.62226,-90.30598,Ample,No,2,0,Yes,2,Yes,Yes,1,1,No,No,1,No,Yes,2,No,No,No,Residential,high,29510126800
2960,38.58457,-90.26526,Ample,No,2,0,Yes,2,Yes,Yes,1,1,No,No,1,No,Yes,2,No,No,No,Residential,medium,29510115200
2961,38.58572,-90.26549,Ample,No,2,0,Yes,2,Yes,Yes,1,1,No,No,1,No,Yes,2,No,Yes,No,Residential,high,29510115200
2962,38.58723,-90.26516,Ample,No,2,0,Yes,2,Yes,Yes,1,1,No,No,1,No,Yes,2,No,No,No,Residential,medium,29510115100
2963,38.58853,-90.2653,Ample,No,2,0,Yes,2,Yes,Yes,1,1,No,No,1,No,Yes,2,No,No,No,Residential,medium,29510115100
2964,38.58997,-90.26526,No,No,2,0,Yes,2,No,Yes,0,0,No,No,1,No,Yes,2,No,No,No,Residential,high,29510115100
2965,38.59129,-90.26525,Some,Yes,2,0,Yes,2,Yes,Yes,1,1,No,Yes,1,No,Yes,2,No,No,No,Residential,high,29510115200
2967,38.59398,-90.26554,Ample,No,2,0,Yes,2,Yes,Yes,1,0,No,No,1,No,Yes,2,No,No,Yes,Residential,high,29510115200
2968,38.59524,-90.26525,Ample,No,2,0,Yes,2,Yes,Yes,0,0,No,No,1,No,Yes,2,No,No,No,Residential,high,29510115200
2969,38.59666,-90.26496,Ample,No,2,0,Yes,2,Yes,Yes,1,1,No,No,2,No,Yes,2,No,No,No,Residential,high,29510115200
296,38.62359,-90.30572,Ample,No,2,0,Yes,2,Yes,Yes,1,1,No,No,1,No,Yes,2,No,No,No,Residential,medium,29510126800
2971,38.59936,-90.26528,Ample,No,0,0,No,2,Yes,Yes,1,1,No,No,1,No,Yes,2,No,No,No,Commercial,high,29510116200
2972,38.60069,-90.26529,Some,No,0,0,Yes,2,Yes,Yes,0,0,No,No,2,No,Yes,2,No,No,No,Residential,high,29510116200
2973,38.60201,-90.26532,Ample,No,2,0,Yes,2,Yes,Yes,1,0,No,No,1,No,Yes,2,No,No,No,Residential,medium,29510116200
2974,38.60337,-90.26538,Some,No,2,0,Yes,2,No,Yes,1,0,No,No,2,No,Yes,2,No,No,No,Residential,high,29510116200
2975,38.60498,-90.26521,Ample,No,0,0,Yes,2,Yes,Yes,1,0,No,No,1,Yes,Yes,2,No,No,No,Residential,medium,29510116200
2976,38.60611,-90.26531,Ample,No,0,0,Yes,2,Yes,Yes,1,1,No,No,1,Yes,Yes,2,No,No,No,Residential,high,29510116200
2977,38.60784,-90.26506,Ample,No,0,0,Yes,2,Yes,Yes,1,1,No,No,1,Yes,Yes,2,No,No,No,Residential,high,29510116200
2979,38.61017,-90.26538,Ample,No,2,0,Yes,2,Yes,Yes,0,0,No,No,1,No,Yes,2,No,No,No,Residential,medium,29510117100
297,38.62503,-90.30594,Ample,No,2,0,Yes,2,Yes,Yes,1,1,No,No,1,No,Yes,2,No,No,No,Residential,medium,29510126800
2980,38.61151,-90.26531,Ample,No,2,0,Yes,2,Yes,Yes,1,0,No,No,1,Yes,Yes,2,No,No,No,Residential,medium,29510117100
2981,38.61281,-90.26528,Some,No,2,0,Yes,2,Yes,Yes,1,1,No,No,1,No,Yes,2,No,No,No,Residential,high,29510117100
2982,38.61406,-90.26526,Ample,No,2,0,No,2,No,Yes,0,0,No,No,1,No,No,2,No,No,No,Commercial,high,29510117100
2984,38.61727,-90.26535,Ample,No,2,0,Yes,2,Yes,Yes,1,1,No,No,2,No,Yes,2,No,No,Yes,Commercial,INVALID,29510117100
2985,38.61837,-90.26528,Ample,No,2,0,No,2,Yes,Yes,1,1,No,No,1,No,Yes,2,No,No,No,Commercial,low,29510117100
2986,38.61956,-90.26528,Ample,No,2,0,Yes,2,Yes,Yes,1,1,No,No,1,No,Yes,2,No,No,No,Commercial,high,29510117100
2987,38.62102,-90.26526,No,No,2,0,No,2,No,Yes,1,1,No,No,1,No,No,2,No,No,No,Commercial,high,29510118100
2988,38.62231,-90.26551,Ample,No,2,0,Yes,2,No,Yes,1,1,Yes,No,1,No,Yes,2,No,No,Yes,Commercial,high,29510118100
2989,38.62357,-90.26528,Ample,Yes,0,0,Yes,2,Yes,Yes,1,1,Yes,No,1,No,Yes,2,No,No,No,Commercial,low,29510118100
298,38.6263,-90.30568,Ample,No,2,0,Yes,2,Yes,Yes,1,0,No,No,1,No,Yes,2,No,No,No,Residential,medium,29510126800
2990,38.62494,-90.26525,Ample,No,2,1,Yes,2,Yes,Yes,1,1,No,No,1,No,Yes,2,No,No,No,Commercial,INVALID,29510104500
2991,38.62639,-90.26527,Ample,No,2,0,Yes,2,Yes,Yes,1,1,No,No,1,No,Yes,2,No,No,No,Commercial,high,29510104500
2992,38.6277,-90.26539,Some,No,2,0,Yes,2,No,Yes,1,0,No,No,2,No,Yes,2,No,No,No,Residential,medium,29510104500
2993,38.62884,-90.26526,Ample,No,0,0,Yes,2,Yes,Yes,1,1,Yes,No,1,Yes,Yes,2,No,Yes,No,Residential,high,29510112100
2994,38.63039,-90.26527,Ample,No,2,0,Yes,2,Yes,Yes,1,1,Yes,No,1,Yes,Yes,2,No,No,Yes,Commercial,low,29510112100
2995,38.63172,-90.26532,Ample,No,0,0,No,2,Yes,Yes,1,0,No,No,1,No,Yes,2,No,No,No,Commercial,low,29510118600
2996,38.63315,-90.26526,Ample,No,2,0,Yes,2,Yes,Yes,1,1,No,No,2,Yes,Yes,2,No,No,No,Residential,high,29510118600
2997,38.63454,-90.26637,Ample,No,2,0,Yes,2,Yes,Yes,1,0,No,Yes,1,Yes,Yes,2,No,No,No,Commercial,high,29510118600
2999,38.63729,-90.26525,Ample,No,2,0,Yes,2,Yes,Yes,1,1,Yes,No,1,No,Yes,2,No,No,No,Commercial,high,29510112400
299,38.62766,-90.30572,Ample,No,2,0,Yes,2,Yes,Yes,1,1,No,No,1,No,Yes,2,No,No,Yes,Residential,high,29510104200
29,38.58323,-90.3152,Ample,No,2,0,Yes,2,Yes,Yes,1,0,No,No,1,No,Yes,2,No,No,No,Residential,high,29510102200
2,38.59398,-90.31906,Ample,No,2,0,No,2,Yes,Yes,1,1,No,No,1,Yes,Yes,2,No,No,Yes,Commercial,high,29510103800
3000,38.63838,-90.26527,Ample,No,2,0,Yes,2,Yes,Yes,1,1,No,No,1,No,Yes,2,No,No,No,Commercial,high,29510112400
3001,38.63967,-90.2653,Ample,No,0,0,Yes,2,Yes,Yes,1,1,Yes,Yes,1,No,Yes,2,No,No,No,Commercial,low,29510112400
3002,38.64109,-90.26531,Ample,No,2,0,Yes,2,Yes,Yes,1,1,Yes,Yes,1,Yes,Yes,2,No,No,No,Residential,high,29510112100
3003,38.64247,-90.2653,Ample,No,2,0,Yes,2,Yes,Yes,1,1,Yes,Yes,1,Yes,Yes,2,No,No,No,Residential,medium,29510112100
3004,38.64378,-90.2651,Ample,No,0,0,Yes,2,Yes,Yes,1,0,Yes,Yes,2,Yes,Yes,2,No,No,No,Commercial,medium,29510112100
3006,38.64668,-90.26434,Ample,No,2,0,Yes,2,Yes,Yes,1,1,No,No,2,No,Yes,2,No,No,No,Residential,medium,29510112100
3007,38.64829,-90.26516,Ample,No,2,0,Yes,2,Yes,Yes,1,1,No,No,1,Yes,Yes,2,No,No,No,Residential,high,29510112100
3008,38.64894,-90.26535,Ample,No,2,0,Yes,2,No,Yes,1,1,No,No,1,No,Yes,2,No,No,No,Residential,high,29510112100
3009,38.65066,-90.26531,Ample,No,2,0,Yes,2,Yes,Yes,1,1,No,No,1,Yes,Yes,2,No,No,No,Residential,medium,29510112100
300,38.62895,-90.30601,Some,No,2,0,No,2,No,Yes,1,1,No,Yes,1,No,Yes,2,No,No,No,Residential,high,29510104200
3010,38.6518,-90.26528,Ample,No,2,0,Yes,2,Yes,Yes,1,1,No,No,1,Yes,Yes,2,No,No,Yes,Residential,medium,29510112200
3011,38.65351,-90.26524,Some,No,0,0,Yes,2,No,Yes,0,0,No,No,2,No,Yes,2,No,No,No,Residential,high,29510112200
3012,38.65469,-90.26524,No,No,0,0,Yes,2,Yes,Yes,1,1,No,No,1,No,Yes,2,No,No,No,Residential,high,29510112200
3013,38.65586,-90.26524,Ample,No,0,0,No,2,No,Yes,1,1,No,No,1,No,Yes,2,No,No,No,Residential,high,29510112200
3014,38.6573,-90.26524,Ample,No,2,0,Yes,2,Yes,Yes,1,0,No,No,1,No,Yes,2,No,No,No,Residential,medium,29510112200
3015,38.65869,-90.26521,Some,No,2,0,Yes,2,No,Yes,1,1,No,No,1,No,Yes,2,No,No,No,Residential,medium,29510112200
3016,38.6602,-90.26522,Ample,No,2,0,Yes,2,Yes,Yes,1,1,No,No,1,No,Yes,2,No,No,No,Residential,high,29510106600
3017,38.66128,-90.26532,Ample,No,2,0,Yes,2,Yes,Yes,1,1,No,No,1,No,Yes,2,No,No,No,Residential,high,29510106600
3018,38.66278,-90.26547,Ample,Yes,2,0,Yes,2,No,Yes,1,1,No,No,1,No,Yes,2,No,No,No,Residential,INVALID,29510106600
3019,38.66395,-90.26533,Some,No,0,0,No,2,No,Yes,1,0,No,No,1,No,Yes,2,No,No,No,Residential,high,29510106600
301,38.63033,-90.30561,Ample,No,0,0,No,2,Yes,Yes,1,1,No,No,1,No,Yes,2,No,No,No,Residential,high,29510104200
3020,38.66537,-90.26519,Ample,No,2,0,Yes,2,No,Yes,1,1,No,No,1,Yes,Yes,2,No,No,No,Residential,medium,29510106500
3021,38.66669,-90.26526,Ample,No,2,0,Yes,2,Yes,Yes,1,1,No,No,1,No,Yes,2,No,No,No,Residential,medium,29510106500
3022,38.66789,-90.26536,Ample,No,2,0,Yes,2,Yes,Yes,1,1,No,Yes,1,No,Yes,2,No,No,No,Residential,high,29510106500
3023,38.66936,-90.26519,Ample,No,2,0,Yes,2,Yes,Yes,1,0,No,No,1,No,Yes,2,No,No,No,Residential,high,29510106500
3024,38.67085,-90.26543,Ample,No,2,0,Yes,2,Yes,Yes,1,1,No,No,1,No,Yes,2,No,No,No,Residential,high,29510106500
3025,38.67206,-90.26537,Some,No,2,0,Yes,2,Yes,Yes,1,1,No,No,1,No,Yes,2,No,No,No,Residential,high,29510106500
3026,38.67346,-90.26523,Ample,No,2,0,Yes,2,Yes,Yes,1,1,No,No,1,No,Yes,2,No,No,No,Residential,medium,29510106400
3027,38.67488,-90.26531,Ample,No,0,0,Yes,2,No,Yes,1,1,No,No,1,No,Yes,2,No,No,No,Residential,high,29510106400
3028,38.67632,-90.26511,Some,No,2,0,No,2,Yes,Yes,0,0,No,No,2,No,Yes,2,No,No,No,Residential,high,29510106400
3029,38.67744,-90.26514,Ample,No,2,0,Yes,2,Yes,Yes,1,1,No,No,1,Yes,Yes,2,No,No,No,Residential,medium,29510106400
302,38.63167,-90.30565,Ample,No,2,0,Yes,2,Yes,Yes,1,1,No,No,1,Yes,Yes,2,No,No,No,Residential,high,29510104200
3030,38.67885,-90.26531,Ample,No,2,0,Yes,2,Yes,Yes,1,1,No,No,1,No,Yes,2,No,No,No,Residential,medium,29510106400
3031,38.6803,-90.26522,Ample,No,2,0,Yes,2,Yes,Yes,1,1,No,No,1,No,Yes,2,No,No,No,Residential,medium,29510106300
3032,38.68172,-90.26519,Some,No,2,0,Yes,2,Yes,Yes,1,1,No,No,2,No,Yes,2,No,No,No,Residential,medium,29510106300
3037,38.6883,-90.26519,Ample,No,0,0,Yes,2,No,Yes,0,0,No,No,2,No,Yes,2,No,No,No,Commercial,low,29510126900
303,38.63321,-90.30549,Ample,No,2,0,Yes,2,Yes,Yes,1,1,No,No,2,No,Yes,2,No,No,No,Commercial,high,29510104200
3045,38.699,-90.26512,Ample,No,0,0,Yes,2,Yes,Yes,1,1,No,No,1,No,Yes,2,No,No,No,Commercial,high,29510126900
3046,38.70051,-90.26522,Ample,No,2,0,Yes,2,Yes,Yes,1,1,No,No,1,No,Yes,2,No,No,No,Residential,high,29510126900
3047,38.70151,-90.26545,Ample,No,0,0,Yes,2,Yes,Yes,1,1,No,No,1,No,Yes,2,No,No,No,Residential,high,29510107300
304,38.63434,-90.30572,Ample,No,2,0,Yes,2,Yes,Yes,1,1,No,No,1,Yes,Yes,2,No,No,No,Residential,high,29510105198
3051,38.53911,-90.26408,Ample,Yes,2,0,No,2,Yes,Yes,1,1,No,No,1,No,Yes,2,No,No,No,Commercial,INVALID,29510101800
3052,38.54032,-90.26428,Ample,No,2,0,Yes,2,Yes,Yes,1,1,No,No,1,No,Yes,2,No,No,No,Residential,high,29510101800
3053,38.54144,-90.2639,Ample,No,2,0,Yes,2,Yes,Yes,1,1,No,No,1,No,Yes,2,No,No,No,Residential,medium,29510101800
3054,38.54273,-90.26402,Ample,No,2,0,Yes,2,Yes,Yes,1,1,No,No,1,No,Yes,2,No,No,No,Residential,high,29510101500
3055,38.54398,-90.26409,Ample,No,2,0,Yes,2,Yes,Yes,1,1,No,No,1,No,Yes,2,No,No,No,Residential,high,29510101500
3056,38.54529,-90.26371,Ample,No,0,0,Yes,2,Yes,Yes,1,1,No,No,1,No,Yes,2,No,No,No,Residential,medium,29510101500
3057,38.54669,-90.26378,Ample,No,2,0,Yes,2,No,Yes,1,1,Yes,No,1,No,Yes,2,No,No,No,Residential,low,29510101500
3058,38.54809,-90.26388,Ample,No,2,0,Yes,2,No,Yes,1,1,No,No,1,No,Yes,2,No,No,No,Residential,INVALID,29510101500
3059,38.54954,-90.26391,Ample,No,2,0,Yes,2,Yes,Yes,1,0,No,No,1,No,Yes,2,No,No,No,Residential,high,29510101500
305,38.63599,-90.30571,Some,No,2,0,No,2,No,Yes,1,1,No,No,1,No,Yes,2,No,No,No,Residential,INVALID,29510105198
3060,38.5509,-90.26402,Ample,No,2,0,Yes,2,Yes,Yes,1,1,No,No,1,No,Yes,2,No,No,No,Residential,high,29510101500
3061,38.55229,-90.26383,Ample,Yes,2,0,Yes,2,No,Yes,1,1,No,No,1,No,Yes,2,No,No,No,Commercial,high,29510101500
3062,38.55368,-90.26389,Ample,No,0,0,No,2,Yes,Yes,1,1,No,No,1,No,Yes,2,No,No,No,Commercial,high,29510101500
3063,38.55499,-90.26413,Ample,No,2,0,Yes,2,Yes,Yes,1,1,No,No,1,No,Yes,2,No,Yes,No,Commercial,high,29510101500
3065,38.55768,-90.26403,Some,No,2,0,Yes,2,Yes,Yes,1,1,No,No,1,No,Yes,2,No,No,No,Residential,medium,29510101100
3066,38.55913,-90.26383,Ample,No,2,0,Yes,2,Yes,Yes,1,1,No,No,1,Yes,Yes,2,No,No,Yes,Residential,medium,29510101100
3067,38.5604,-90.26361,Ample,No,2,0,Yes,2,Yes,Yes,1,1,Yes,No,1,Yes,Yes,2,No,Yes,No,Residential,high,29510101300
3068,38.56131,-90.26383,Ample,No,2,0,Yes,2,Yes,Yes,1,1,No,No,1,Yes,Yes,2,No,No,No,Residential,medium,29510101300
3069,38.56304,-90.26391,Ample,No,2,0,Yes,2,Yes,Yes,1,0,No,No,1,Yes,Yes,2,No,No,Yes,Residential,medium,29510101300
306,38.63728,-90.30569,Ample,No,2,0,Yes,2,No,Yes,1,1,No,No,1,No,Yes,2,No,No,No,Residential,INVALID,29510105198
3070,38.56449,-90.26369,Ample,No,2,0,Yes,2,Yes,Yes,1,0,No,No,1,Yes,Yes,2,No,No,No,Residential,high,29510101300
3071,38.56558,-90.26407,Some,No,2,0,Yes,2,Yes,Yes,1,1,No,No,1,No,Yes,2,No,No,No,Residential,medium,29510101300
3072,38.56698,-90.26403,Ample,No,2,0,Yes,2,Yes,Yes,1,0,No,No,1,No,Yes,2,No,No,No,Residential,high,29510101300
3073,38.56857,-90.26374,Ample,No,2,0,Yes,2,Yes,Yes,1,0,No,No,1,No,Yes,2,No,No,No,Residential,medium,29510101300
3074,38.56982,-90.26388,Ample,No,2,0,Yes,2,Yes,Yes,1,0,No,No,2,Yes,Yes,2,No,No,No,Residential,medium,29510101300
3075,38.57112,-90.26391,Ample,No,2,0,Yes,2,Yes,Yes,1,1,No,No,1,No,Yes,2,No,No,No,Residential,medium,29510101300
3076,38.57226,-90.26401,Ample,No,2,0,Yes,2,Yes,Yes,1,1,Yes,No,1,No,Yes,2,No,No,No,Residential,medium,29510101300
3077,38.57366,-90.26405,Ample,No,2,0,Yes,2,Yes,Yes,1,1,Yes,No,1,Yes,Yes,2,No,No,Yes,Residential,medium,29510101300
3078,38.57533,-90.26378,Ample,No,0,0,No,2,No,Yes,0,0,No,No,1,No,Yes,2,No,No,No,Residential,high,29510115400
3079,38.57648,-90.26386,Ample,No,2,0,Yes,2,No,Yes,1,1,No,No,1,No,Yes,2,No,No,No,Residential,medium,29510115400
3080,38.57782,-90.26392,Ample,No,2,0,Yes,2,Yes,Yes,1,1,Yes,No,1,No,Yes,2,No,No,No,Residential,medium,29510115400
3081,38.57922,-90.26401,Ample,No,2,0,Yes,2,Yes,Yes,1,0,No,No,1,No,Yes,2,No,No,No,Residential,high,29510115400
3082,38.58052,-90.26394,Ample,No,2,0,Yes,2,Yes,Yes,1,1,No,No,1,No,Yes,2,No,No,No,Residential,high,29510115300
3083,38.5818,-90.26401,Ample,No,2,0,Yes,2,No,Yes,1,1,No,No,1,No,Yes,2,No,No,Yes,Residential,medium,29510115300
3084,38.58315,-90.26396,Ample,No,2,0,Yes,2,Yes,Yes,1,1,No,No,1,No,Yes,2,No,No,No,Residential,medium,29510115300
3085,38.5845,-90.2639,Some,No,2,0,Yes,2,No,Yes,1,1,No,No,1,No,Yes,2,No,No,No,Residential,medium,29510115200
3086,38.58596,-90.2638,Ample,No,2,0,Yes,2,Yes,Yes,1,0,No,No,1,No,Yes,2,No,No,No,Residential,medium,29510115200
3087,38.58716,-90.26395,Ample,No,2,0,Yes,2,Yes,Yes,1,1,No,Yes,1,No,Yes,2,No,No,Yes,Residential,high,29510115200
3088,38.5883,-90.26418,Ample,No,2,0,Yes,2,Yes,Yes,1,1,No,No,1,No,Yes,2,No,No,Yes,Residential,high,29510115200
3089,38.58993,-90.26385,Ample,No,2,0,Yes,2,No,Yes,1,1,No,No,1,No,Yes,2,No,No,No,Residential,high,29510115200
308,38.57084,-90.30475,Ample,No,0,0,Yes,2,Yes,Yes,1,0,No,No,1,Yes,Yes,2,No,No,No,Residential,high,29510102100
3090,38.59121,-90.26369,Ample,No,2,0,Yes,2,Yes,Yes,1,1,No,No,1,No,Yes,2,No,No,No,Residential,low,29510115200
3091,38.59248,-90.26398,Some,No,2,0,Yes,2,Yes,Yes,0,0,No,No,1,No,Yes,2,No,No,No,Residential,high,29510115200
3092,38.59401,-90.26397,Ample,No,2,0,Yes,2,Yes,Yes,1,0,Yes,No,1,No,Yes,2,No,No,Yes,Residential,medium,29510115200
3093,38.59537,-90.26391,Some,No,2,0,Yes,2,No,Yes,0,0,No,No,1,No,Yes,2,No,No,No,Residential,INVALID,29510115200
3094,38.5966,-90.26387,Ample,No,2,0,Yes,2,Yes,Yes,1,1,No,No,1,No,Yes,2,No,No,No,Residential,low,29510115200
3095,38.59889,-90.26431,Ample,Yes,0,0,Yes,2,Yes,Yes,1,1,No,No,1,No,Yes,2,No,No,No,Residential,high,29510115200
3096,38.59931,-90.26387,Some,No,2,0,No,2,No,Yes,0,0,No,No,1,No,Yes,2,No,No,No,Residential,INVALID,29510116200
3097,38.60071,-90.2638,Ample,No,2,0,Yes,2,Yes,Yes,1,1,No,No,1,No,Yes,2,No,No,No,Residential,medium,29510116200
3098,38.60188,-90.26392,Ample,No,2,0,Yes,2,Yes,Yes,1,0,No,No,1,No,Yes,2,No,No,No,Residential,high,29510116200
3099,38.60339,-90.26403,Some,No,2,0,Yes,2,Yes,Yes,0,0,No,No,1,No,Yes,2,No,No,No,Residential,high,29510116200
309,38.57233,-90.30455,Ample,No,2,0,Yes,2,Yes,Yes,1,1,No,No,2,Yes,Yes,2,No,No,No,Residential,high,29510102100
30,38.5845,-90.31525,Ample,No,2,0,Yes,2,Yes,Yes,1,1,No,No,1,No,Yes,2,No,No,No,Residential,high,29510102200
3100,38.60486,-90.2639,Ample,No,0,0,Yes,2,Yes,Yes,1,0,No,No,1,Yes,Yes,2,No,No,No,Residential,medium,29510116200
3101,38.60599,-90.26396,Ample,No,0,0,Yes,2,Yes,Yes,1,1,No,No,1,Yes,Yes,2,No,No,No,Residential,high,29510116200
3102,38.60747,-90.26413,No,Yes,2,0,Yes,2,Yes,Yes,1,1,No,No,1,Yes,No,2,No,Yes,No,Commercial,high,29510116200
3104,38.61011,-90.26354,Some,No,2,0,Yes,2,Yes,Yes,0,0,No,No,1,No,Yes,2,No,No,No,Residential,high,29510117100
3105,38.61179,-90.26391,Some,No,2,0,Yes,2,No,Yes,0,0,No,No,1,No,Yes,2,No,No,No,Residential,high,29510117100
3106,38.61269,-90.26398,Ample,No,2,0,Yes,2,Yes,Yes,1,1,No,No,1,No,Yes,2,No,No,No,Residential,high,29510117100
3107,38.6142,-90.26392,Ample,No,2,0,Yes,2,Yes,Yes,1,1,No,No,1,No,Yes,2,No,No,No,Residential,high,29510117100
3108,38.61548,-90.26379,Ample,No,2,0,Yes,2,Yes,Yes,1,1,No,No,1,No,Yes,2,No,No,No,Residential,medium,29510117100
3109,38.61681,-90.2636,Ample,No,2,0,Yes,2,Yes,Yes,1,1,No,No,1,No,Yes,2,No,No,No,Commercial,high,29510117100
310,38.57346,-90.30406,Ample,No,2,0,Yes,2,Yes,Yes,1,1,No,No,1,Yes,Yes,2,No,No,No,Residential,high,29510102100
3110,38.61832,-90.26386,Ample,No,2,0,Yes,2,Yes,Yes,1,1,No,No,1,No,Yes,2,No,No,No,Commercial,high,29510117100
3111,38.61937,-90.26429,Ample,No,2,0,No,2,Yes,Yes,1,1,No,No,1,No,Yes,2,No,No,No,Commercial,INVALID,29510117100
3115,38.62511,-90.26394,Ample,No,2,0,Yes,2,Yes,Yes,1,1,Yes,No,1,No,Yes,2,No,No,No,Residential,high,29510118100
3116,38.62641,-90.26384,Ample,No,2,0,Yes,2,Yes,Yes,1,1,No,No,1,No,Yes,2,No,No,No,Residential,medium,29510118600
3117,38.62765,-90.26403,Some,No,2,0,Yes,2,No,Yes,1,0,No,No,1,No,Yes,2,No,No,No,Residential,low,29510118600
3118,38.62898,-90.26379,Some,No,0,0,Yes,2,No,Yes,1,1,No,No,1,No,Yes,2,No,No,No,Residential,low,29510118600
3119,38.63041,-90.2639,Ample,No,0,0,No,2,Yes,Yes,1,1,No,No,1,No,Yes,2,No,No,No,Residential,high,29510118600
311,38.57565,-90.30413,Ample,No,2,0,Yes,2,Yes,Yes,1,1,No,No,2,No,Yes,2,No,No,No,Residential,high,29510102200
3120,38.63171,-90.26391,Ample,No,0,0,Yes,2,Yes,Yes,1,1,No,No,2,No,Yes,2,No,No,No,Commercial,low,29510118600
3121,38.63309,-90.26388,Ample,No,2,0,Yes,2,Yes,Yes,1,1,No,No,2,Yes,Yes,2,No,No,No,Residential,high,29510118600
3122,38.63423,-90.26367,Ample,No,2,0,Yes,2,Yes,Yes,1,1,No,No,1,Yes,Yes,2,No,No,No,Commercial,medium,29510118600
3123,38.63599,-90.26412,Ample,No,2,0,No,2,Yes,Yes,1,1,No,No,1,No,Yes,2,No,No,Yes,Commercial,INVALID,29510112400
3124,38.63712,-90.26399,Ample,No,2,0,Yes,2,Yes,Yes,1,1,No,No,2,No,Yes,2,No,No,Yes,Commercial,high,29510112400
3125,38.63846,-90.26405,Ample,No,2,0,Yes,2,Yes,Yes,1,1,No,No,2,No,Yes,2,No,No,Yes,Commercial,high,29510112400
3126,38.6394,-90.264,Ample,No,2,0,Yes,2,Yes,Yes,1,1,No,No,1,No,Yes,2,No,No,No,Commercial,high,29510112400
3127,38.64117,-90.26407,Ample,No,2,0,Yes,2,Yes,Yes,1,1,No,No,1,No,Yes,2,No,No,No,Residential,medium,29510112400
3128,38.6422,-90.26399,Ample,No,2,0,Yes,2,Yes,Yes,1,1,No,No,1,No,Yes,2,No,No,No,Residential,high,29510112400
3129,38.64373,-90.26397,Ample,No,2,0,Yes,2,Yes,Yes,1,1,No,No,1,Yes,Yes,2,No,Yes,No,Commercial,medium,29510112400
312,38.57642,-90.30454,Ample,No,2,0,Yes,2,Yes,Yes,1,1,No,No,1,No,Yes,2,No,No,No,Residential,medium,29510102200
3130,38.64525,-90.26395,Ample,No,2,0,Yes,2,Yes,Yes,1,1,No,No,1,No,Yes,2,No,Yes,No,Commercial,high,29510112400
3131,38.64655,-90.26432,Ample,No,0,0,Yes,2,Yes,Yes,1,0,No,No,1,No,Yes,2,No,No,No,Residential,medium,29510112400
3132,38.64788,-90.26409,Ample,No,2,0,Yes,2,Yes,Yes,1,0,No,Yes,1,No,Yes,2,No,No,No,Residential,medium,29510112400
3133,38.64922,-90.26388,Ample,No,2,0,Yes,2,Yes,Yes,1,0,No,No,1,Yes,Yes,2,No,No,No,Residential,medium,29510112400
3134,38.6505,-90.26395,Ample,No,2,0,Yes,2,Yes,Yes,1,1,No,No,1,No,Yes,2,No,No,Yes,Commercial,medium,29510112100
3135,38.6519,-90.26386,Ample,No,2,1,Yes,2,Yes,Yes,1,1,No,No,1,No,Yes,2,No,No,No,Commercial,high,29510112200
3136,38.65328,-90.26399,Ample,No,0,0,Yes,2,No,Yes,1,1,No,No,1,No,Yes,2,No,No,No,Residential,high,29510112200
3137,38.65458,-90.26394,Some,No,2,0,Yes,2,Yes,Yes,1,1,No,No,1,No,Yes,2,No,Yes,No,Residential,high,29510112200
3138,38.65573,-90.26395,Ample,No,0,0,Yes,2,No,Yes,0,0,No,No,1,No,Yes,2,No,No,No,Residential,high,29510112200
3139,38.65716,-90.26396,Ample,No,2,0,Yes,2,Yes,Yes,1,0,No,No,1,No,Yes,2,No,No,No,Residential,high,29510112200
313,38.57792,-90.30392,Ample,No,2,0,Yes,2,Yes,Yes,1,1,No,No,1,No,Yes,2,No,No,No,Residential,high,29510102200
3140,38.65855,-90.26392,Ample,No,0,0,Yes,2,No,Yes,0,0,No,No,1,No,Yes,2,No,No,No,Residential,medium,29510112200
3141,38.66007,-90.26385,Ample,No,2,0,Yes,2,Yes,Yes,1,0,No,No,1,No,Yes,2,No,No,No,Residential,high,29510106600
3142,38.66108,-90.26401,Ample,No,2,0,Yes,2,Yes,Yes,1,0,No,No,1,No,Yes,2,No,No,No,Residential,high,29510106600
3143,38.66294,-90.26382,Ample,No,0,0,Yes,2,Yes,Yes,1,1,No,No,1,No,Yes,2,No,No,No,Residential,medium,29510106600
3144,38.66393,-90.26399,Ample,No,2,0,Yes,2,Yes,Yes,1,1,No,No,2,Yes,Yes,2,No,No,No,Residential,medium,29510106600
3146,38.66667,-90.26389,Ample,No,0,0,Yes,2,Yes,Yes,1,1,No,No,1,Yes,Yes,2,No,No,No,Residential,high,29510106500
3147,38.66787,-90.26403,Ample,No,0,0,No,2,No,Yes,0,0,No,No,1,No,Yes,2,No,No,No,Residential,high,29510106500
3148,38.66956,-90.26384,Ample,No,2,0,Yes,2,Yes,Yes,1,1,No,No,1,No,Yes,2,No,No,No,Residential,medium,29510106500
3149,38.67078,-90.26395,Ample,No,2,0,Yes,2,Yes,Yes,1,1,No,No,1,No,Yes,2,No,No,No,Residential,high,29510106500
314,38.57909,-90.30448,Ample,No,2,0,Yes,2,Yes,Yes,1,0,No,No,1,No,Yes,2,No,No,Yes,Residential,high,29510102200
3150,38.67149,-90.2641,Ample,No,2,0,Yes,2,Yes,Yes,1,1,No,No,1,No,Yes,2,No,No,No,Residential,high,29510106500
3152,38.67475,-90.26382,Ample,No,2,1,Yes,2,No,Yes,1,1,No,No,1,No,Yes,2,No,No,No,Residential,medium,29510106400
3153,38.67632,-90.26426,Ample,No,2,0,Yes,2,Yes,Yes,1,1,No,No,1,No,Yes,2,No,No,No,Residential,high,29510106400
3154,38.67732,-90.26354,Ample,No,2,0,Yes,2,Yes,Yes,1,1,No,No,1,Yes,Yes,2,No,No,No,Residential,high,29510106400
3155,38.67889,-90.2641,Ample,No,2,0,Yes,2,Yes,Yes,1,1,No,No,1,No,Yes,2,No,No,No,Residential,high,29510106400
3156,38.68017,-90.26391,Some,No,0,0,Yes,2,Yes,Yes,0,0,No,No,1,No,Yes,2,No,No,No,Residential,high,29510106400
3157,38.68153,-90.2639,Ample,No,2,0,Yes,2,Yes,Yes,1,1,Yes,Yes,1,No,Yes,2,No,No,Yes,Residential,low,29510106300
315,38.58032,-90.30445,Ample,No,2,0,Yes,2,No,Yes,1,1,Yes,No,1,No,Yes,2,No,No,No,Residential,medium,29510102200
3161,38.68681,-90.26426,Some,No,0,0,Yes,2,Yes,Yes,1,1,Yes,No,2,No,Yes,2,No,No,No,Commercial,low,29510126900
3163,38.68975,-90.26423,Ample,No,0,0,Yes,2,Yes,Yes,1,1,No,No,1,No,Yes,2,No,No,No,Commercial,low,29510126900
3164,38.69077,-90.26349,Ample,No,2,0,Yes,2,Yes,Yes,1,1,No,No,1,No,Yes,2,No,No,No,Commercial,low,29510126900
3168,38.69649,-90.26385,Ample,No,0,0,Yes,2,Yes,Yes,1,1,No,No,1,No,Yes,2,No,No,No,Residential,low,29510126900
316,38.58189,-90.30467,Ample,No,2,0,Yes,2,Yes,Yes,1,0,No,No,1,No,Yes,2,No,No,No,Residential,high,29510102200
3171,38.70042,-90.26393,Ample,No,0,0,No,2,Yes,Yes,1,1,No,No,2,No,Yes,2,No,No,Yes,Commercial,high,29510126900
3172,38.70174,-90.2639,Ample,No,2,0,Yes,2,No,Yes,1,1,No,No,1,No,Yes,2,No,No,Yes,Commercial,INVALID,29510107300
3173,38.70285,-90.26405,Ample,No,2,0,Yes,2,Yes,Yes,1,1,No,No,1,No,Yes,2,No,No,No,Residential,high,29510107300
3178,38.54017,-90.26279,Ample,No,2,0,Yes,2,No,Yes,1,1,No,No,1,No,Yes,2,No,No,No,Commercial,high,29510101800
3179,38.5416,-90.26284,Ample,No,2,0,Yes,2,Yes,Yes,1,1,No,No,1,No,Yes,2,No,No,No,Residential,medium,29510101800
317,38.58322,-90.30445,Ample,No,2,0,Yes,2,Yes,Yes,1,1,No,Yes,1,Yes,Yes,2,No,Yes,No,Residential,medium,29510103100
3180,38.5427,-90.26243,Ample,No,2,0,Yes,2,No,Yes,1,0,No,No,2,Yes,Yes,2,No,No,Yes,Residential,low,29510101800
3181,38.54416,-90.26246,Ample,No,2,0,Yes,2,No,Yes,1,1,No,No,1,No,Yes,2,No,No,No,Residential,high,29510101500
3182,38.5455,-90.26258,Ample,No,2,0,Yes,2,Yes,Yes,1,1,No,No,1,No,Yes,2,No,No,No,Commercial,high,29510101500
3183,38.5468,-90.26265,Ample,No,2,0,Yes,2,Yes,Yes,1,0,No,No,1,No,Yes,2,No,No,No,Residential,high,29510101500
3184,38.5481,-90.26269,Ample,No,2,0,Yes,2,Yes,Yes,1,1,No,No,1,No,Yes,2,No,No,No,Residential,high,29510101500
3185,38.54942,-90.26239,Ample,No,2,0,Yes,2,Yes,Yes,1,1,No,No,1,No,Yes,2,No,No,No,Residential,high,29510101500
3186,38.55078,-90.26249,Ample,No,2,0,Yes,2,Yes,Yes,1,1,No,No,1,No,Yes,2,No,No,No,Residential,high,29510101500
3187,38.55221,-90.26252,Ample,No,2,0,Yes,2,Yes,Yes,1,1,No,No,1,No,Yes,2,No,No,Yes,Residential,low,29510101500
3188,38.55396,-90.26277,Ample,No,0,0,No,2,Yes,Yes,1,1,No,No,1,No,Yes,2,No,No,No,Commercial,high,29510101500
3189,38.55491,-90.26258,Ample,No,0,0,Yes,2,Yes,Yes,1,1,No,No,1,No,Yes,2,No,No,No,Residential,high,29510101500
318,38.58455,-90.30424,Ample,No,2,0,Yes,2,Yes,Yes,1,0,No,No,1,Yes,Yes,2,No,No,No,Residential,high,29510103100
3190,38.55617,-90.26258,Ample,No,2,0,No,2,Yes,Yes,1,1,No,No,1,No,Yes,2,No,No,No,Commercial,medium,29510101500
3191,38.55742,-90.26257,Ample,No,2,1,Yes,2,Yes,Yes,1,1,No,No,1,No,Yes,2,No,No,No,Commercial,INVALID,29510101500
3192,38.55862,-90.26285,Ample,No,2,0,Yes,2,Yes,Yes,1,1,No,No,1,Yes,Yes,2,No,No,No,Residential,medium,29510101300
3193,38.56036,-90.26261,Ample,No,2,0,Yes,2,Yes,Yes,1,1,Yes,Yes,1,Yes,Yes,2,No,No,Yes,Residential,high,29510101300
3195,38.56296,-90.26261,Ample,No,2,0,Yes,2,Yes,Yes,1,1,No,No,1,Yes,Yes,2,No,No,No,Residential,medium,29510101300
3196,38.56419,-90.2627,Ample,No,2,0,Yes,2,Yes,Yes,1,0,No,No,1,Yes,Yes,2,No,No,No,Residential,high,29510101300
3197,38.56563,-90.26262,Ample,No,2,0,Yes,2,Yes,Yes,1,1,No,No,2,Yes,Yes,2,No,No,No,Residential,high,29510101300
3198,38.56687,-90.26272,Ample,No,2,0,Yes,2,Yes,Yes,1,0,Yes,No,1,No,Yes,2,No,No,No,Residential,medium,29510101300
3199,38.56834,-90.2626,Ample,No,2,0,Yes,2,Yes,Yes,1,0,No,No,1,No,Yes,2,No,No,No,Residential,medium,29510101300
319,38.58595,-90.30463,Ample,No,2,0,Yes,2,Yes,Yes,1,0,No,No,2,No,Yes,2,No,No,No,Residential,high,29510103100
31,38.58591,-90.31511,Ample,No,2,0,Yes,2,Yes,Yes,1,1,No,No,1,No,Yes,2,No,No,No,Commercial,INVALID,29510103100
3200,38.56977,-90.26258,Some,No,2,0,Yes,2,Yes,Yes,1,1,No,No,1,No,Yes,2,No,No,No,Residential,low,29510101300
3201,38.57106,-90.26262,Ample,No,2,0,Yes,2,Yes,Yes,1,1,No,No,1,No,Yes,2,No,No,No,Residential,high,29510101300
3202,38.5721,-90.26279,No,No,2,0,Yes,2,No,Yes,1,0,No,No,1,No,Yes,2,No,No,No,Residential,INVALID,29510101300
3203,38.57362,-90.26238,Ample,No,2,0,Yes,2,Yes,Yes,1,0,No,No,1,Yes,Yes,2,No,No,No,Residential,high,29510115400
3204,38.57517,-90.26256,Ample,No,2,0,Yes,2,Yes,Yes,1,1,No,No,1,No,Yes,2,No,No,No,Residential,medium,29510115400
3205,38.57639,-90.26266,Ample,No,2,0,Yes,2,Yes,Yes,1,0,No,No,1,No,Yes,2,No,No,No,Residential,high,29510115400
3206,38.57779,-90.26259,Ample,No,2,0,Yes,2,Yes,Yes,1,1,No,No,1,No,Yes,2,No,No,Yes,Residential,high,29510115400
3207,38.57918,-90.26252,Ample,No,2,1,Yes,2,Yes,Yes,1,0,No,No,1,No,Yes,2,No,No,No,Residential,medium,29510115400
3208,38.58058,-90.26265,Ample,No,2,0,Yes,2,Yes,Yes,1,1,Yes,Yes,1,No,Yes,2,No,No,No,Residential,medium,29510115300
3209,38.58194,-90.2627,Ample,No,2,0,Yes,2,Yes,Yes,1,1,No,No,1,No,Yes,2,No,No,No,Residential,medium,29510115300
320,38.58706,-90.30436,Ample,No,2,0,Yes,2,Yes,Yes,1,1,No,No,1,Yes,Yes,2,No,No,No,Residential,medium,29510103100
3210,38.58326,-90.26248,Ample,No,2,0,Yes,2,No,Yes,1,1,No,No,1,No,Yes,2,No,No,No,Residential,medium,29510115300
3211,38.58467,-90.26246,Ample,No,2,0,No,2,No,Yes,0,0,No,No,1,No,No,2,No,No,No,Commercial,medium,29510115300
3212,38.58587,-90.26255,Ample,No,2,0,Yes,2,No,Yes,1,1,No,No,1,No,Yes,2,No,No,No,Residential,high,29510115200
3213,38.58735,-90.26242,Ample,No,2,0,Yes,2,Yes,Yes,1,0,No,No,1,No,Yes,2,No,No,No,Residential,medium,29510115200
3214,38.58863,-90.26254,Ample,No,2,0,Yes,2,Yes,Yes,1,1,No,Yes,1,No,Yes,2,No,No,No,Residential,high,29510115200
3215,38.59025,-90.26252,Ample,No,2,1,Yes,2,Yes,Yes,1,0,Yes,No,1,No,Yes,2,No,No,No,Residential,high,29510115200
3216,38.59114,-90.26273,Ample,No,2,0,Yes,2,Yes,Yes,1,1,No,No,2,No,Yes,2,No,No,No,Residential,high,29510115200
3217,38.59259,-90.26237,Ample,No,2,0,Yes,2,Yes,Yes,1,1,No,No,1,No,Yes,2,No,No,No,Residential,INVALID,29510115200
3218,38.59391,-90.26261,Ample,No,2,0,Yes,2,Yes,Yes,1,1,No,No,1,No,Yes,2,No,No,No,Residential,INVALID,29510115200
3219,38.5953,-90.26256,Ample,No,2,0,Yes,2,Yes,Yes,1,0,No,No,1,No,Yes,2,No,No,No,Residential,medium,29510115200
321,38.58847,-90.30432,Some,No,2,0,Yes,2,Yes,Yes,1,0,No,No,1,No,Yes,2,No,No,No,Residential,high,29510103100
3220,38.59668,-90.26235,Ample,Yes,0,0,No,2,Yes,Yes,1,1,No,No,1,No,Yes,2,No,No,No,Commercial,high,29510115200
3221,38.59801,-90.26215,Ample,No,2,0,Yes,2,Yes,Yes,1,1,No,No,1,No,Yes,2,No,No,No,Commercial,low,29510115200
3222,38.59934,-90.2625,Some,No,2,0,Yes,2,No,Yes,0,0,No,No,1,No,Yes,2,No,No,No,Residential,high,29510116200
3223,38.60084,-90.26252,Ample,No,2,0,Yes,2,Yes,Yes,1,1,No,No,1,No,Yes,2,No,No,No,Residential,medium,29510116200
3224,38.60175,-90.26263,Ample,No,2,0,Yes,2,Yes,Yes,1,0,No,No,1,No,Yes,2,No,No,No,Residential,high,29510116200
3225,38.60372,-90.26255,Ample,No,2,0,Yes,2,Yes,Yes,1,0,No,No,1,No,Yes,2,No,No,No,Residential,medium,29510116200
3226,38.60475,-90.26258,Ample,No,0,0,Yes,2,Yes,Yes,1,0,No,No,1,Yes,Yes,2,No,No,No,Residential,medium,29510116200
3227,38.60605,-90.26201,Ample,No,2,0,Yes,2,No,Yes,1,1,No,No,1,Yes,Yes,2,No,Yes,Yes,Residential,medium,29510116200
3228,38.6078,-90.26241,Ample,No,0,0,Yes,2,Yes,Yes,1,1,No,No,1,Yes,Yes,2,No,No,Yes,Residential,high,29510116200
3229,38.60921,-90.26249,Ample,No,0,0,Yes,2,Yes,Yes,1,0,No,Yes,1,Yes,Yes,2,No,No,No,Residential,high,29510117100
322,38.58988,-90.30437,Ample,No,2,0,Yes,2,Yes,Yes,1,0,No,No,1,No,Yes,2,No,No,No,Residential,medium,29510103100
3230,38.61019,-90.26236,No,No,0,0,Yes,2,No,Yes,0,0,No,No,1,Yes,Yes,2,No,No,No,Residential,high,29510117100
3231,38.61153,-90.26264,Ample,No,0,0,Yes,2,Yes,Yes,1,1,No,No,1,No,Yes,2,No,No,No,Residential,high,29510117100
3232,38.61286,-90.26273,Ample,No,2,0,Yes,2,No,Yes,1,1,No,No,1,No,Yes,2,No,No,No,Residential,high,29510117100
3233,38.61429,-90.26253,Ample,No,2,0,Yes,2,No,Yes,1,1,No,No,1,No,Yes,2,No,No,No,Residential,high,29510117100
3234,38.61565,-90.26276,Some,No,2,0,Yes,2,No,Yes,1,1,No,No,2,No,Yes,2,No,No,No,Residential,high,29510117100
3235,38.61708,-90.26249,Ample,No,2,0,Yes,2,Yes,Yes,1,1,No,No,2,No,Yes,2,No,No,Yes,Commercial,high,29510117100
3236,38.61827,-90.26256,Ample,No,0,0,No,2,Yes,Yes,1,1,No,No,2,Yes,Yes,2,No,No,No,Commercial,low,29510117100
323,38.59125,-90.30438,Ample,No,2,0,Yes,2,Yes,Yes,1,1,No,No,1,No,Yes,2,No,No,No,Commercial,high,29510103100
3240,38.62354,-90.26223,Some,No,2,0,Yes,2,No,Yes,1,1,No,No,1,No,Yes,2,No,No,No,Commercial,high,29510118100
3241,38.62528,-90.26269,Ample,No,0,0,Yes,2,No,Yes,1,1,No,No,1,No,Yes,2,No,No,No,Residential,low,29510118100
3242,38.6262,-90.26258,Ample,No,2,0,Yes,2,Yes,Yes,1,0,No,No,1,No,Yes,2,No,No,No,Commercial,high,29510118600
3243,38.62802,-90.26249,Ample,No,2,0,Yes,2,Yes,Yes,1,1,No,No,1,No,Yes,2,No,No,No,Residential,medium,29510118600
3244,38.62898,-90.26255,Ample,No,2,0,Yes,2,Yes,Yes,1,1,No,No,1,No,Yes,2,No,No,No,Residential,medium,29510118600
3245,38.63037,-90.26251,Ample,No,2,0,Yes,2,Yes,Yes,1,1,No,No,1,No,Yes,2,No,No,No,Residential,high,29510118600
3246,38.63185,-90.26258,Ample,No,2,0,Yes,2,Yes,Yes,1,1,No,No,2,No,Yes,2,No,No,No,Commercial,low,29510118600
3247,38.63306,-90.26257,Ample,No,2,0,Yes,2,Yes,Yes,1,1,No,No,1,Yes,Yes,2,No,No,No,Residential,high,29510118600
3248,38.6342,-90.26257,Ample,No,2,0,Yes,2,Yes,Yes,1,1,No,No,1,No,Yes,2,No,No,No,Commercial,high,29510118600
3249,38.63583,-90.26299,Ample,No,2,0,Yes,2,Yes,Yes,1,1,No,No,2,No,Yes,2,No,No,Yes,Commercial,high,29510112400
324,38.5926,-90.30433,Ample,No,2,0,Yes,2,Yes,Yes,1,0,No,No,2,No,Yes,2,No,No,No,Residential,high,29510103800
3250,38.63686,-90.26274,Ample,No,2,0,Yes,2,Yes,Yes,1,1,No,No,1,Yes,Yes,2,No,Yes,No,Commercial,high,29510118600
3251,38.63846,-90.26247,Ample,No,2,0,Yes,2,Yes,Yes,1,1,No,No,1,No,Yes,2,No,No,No,Commercial,medium,29510112400
3252,38.63975,-90.26225,Ample,No,2,0,Yes,2,Yes,Yes,1,0,No,No,1,No,Yes,2,No,Yes,No,Commercial,low,29510112400
3253,38.64122,-90.26257,Some,No,2,0,Yes,2,Yes,Yes,1,1,No,No,2,No,Yes,2,No,No,No,Residential,low,29510112400
3254,38.64265,-90.26255,Ample,No,2,0,Yes,2,Yes,Yes,1,1,No,No,2,No,Yes,2,No,No,No,Residential,INVALID,29510112400
3255,38.64381,-90.26251,Ample,No,2,0,Yes,2,Yes,Yes,1,1,No,No,1,No,Yes,2,No,No,No,Commercial,high,29510112400
3256,38.64497,-90.26261,Ample,No,2,0,Yes,2,Yes,Yes,1,1,No,No,1,Yes,Yes,2,No,No,No,Commercial,high,29510112400
3259,38.64917,-90.26263,Ample,No,2,0,Yes,2,Yes,Yes,1,1,No,No,1,No,Yes,2,No,No,No,Residential,high,29510112400
325,38.59395,-90.30437,Ample,No,2,0,Yes,2,Yes,Yes,1,1,No,No,1,No,Yes,2,No,No,Yes,Residential,high,29510103800
3260,38.65041,-90.26265,Ample,No,2,0,Yes,2,Yes,Yes,1,1,No,No,1,No,Yes,2,No,No,No,Residential,medium,29510112400
3261,38.65192,-90.26238,Ample,No,2,0,No,2,Yes,Yes,1,1,No,No,1,No,Yes,2,No,No,No,Commercial,high,29510112300
3262,38.65328,-90.26248,Some,No,2,0,No,2,No,Yes,0,0,No,No,1,No,Yes,2,No,No,No,Residential,high,29510112300
3263,38.65446,-90.2626,Ample,No,2,0,Yes,2,Yes,Yes,1,1,No,No,2,No,Yes,2,No,No,No,Commercial,medium,29510112300
3264,38.656,-90.26277,Ample,No,2,0,Yes,2,Yes,Yes,1,0,Yes,Yes,1,No,Yes,2,No,No,Yes,Residential,high,29510112200
3265,38.65726,-90.26255,Ample,No,2,0,Yes,2,Yes,Yes,1,1,No,No,1,No,Yes,2,No,No,No,Commercial,high,29510112200
3266,38.6586,-90.26232,Ample,No,2,0,Yes,2,Yes,Yes,1,1,Yes,No,1,No,Yes,2,No,No,No,Residential,high,29510112200
3267,38.65995,-90.26256,Ample,No,2,0,Yes,2,Yes,Yes,1,1,Yes,Yes,1,No,Yes,2,No,Yes,No,Residential,INVALID,29510106600
3268,38.66165,-90.2624,Ample,No,2,0,Yes,2,No,Yes,1,1,No,No,1,No,Yes,2,No,No,Yes,Residential,medium,29510106600
3269,38.66255,-90.26259,Ample,No,1,0,Yes,2,Yes,Yes,1,0,No,No,1,No,Yes,2,No,No,No,Residential,high,29510106600
326,38.59525,-90.30434,Ample,No,2,0,Yes,2,Yes,Yes,1,0,Yes,No,1,No,Yes,2,No,No,Yes,Residential,medium,29510103800
3272,38.6667,-90.26263,Ample,No,0,0,Yes,2,Yes,Yes,1,1,No,No,1,No,Yes,2,No,No,No,Residential,medium,29510106500
3273,38.6679,-90.26273,Ample,No,2,0,Yes,2,Yes,Yes,1,1,No,No,1,No,Yes,2,No,No,No,Residential,medium,29510106500
3274,38.66955,-90.26245,Ample,No,0,0,Yes,2,No,Yes,1,1,No,No,1,No,Yes,2,No,No,No,Residential,medium,29510106500
3275,38.67074,-90.26262,No,No,2,0,Yes,2,No,Yes,1,1,No,No,1,No,Yes,2,No,No,No,Residential,high,29510106500
3276,38.67193,-90.26271,Some,No,0,0,Yes,2,No,Yes,1,1,No,No,2,No,Yes,2,No,No,No,Residential,high,29510106500
3277,38.67359,-90.26252,Ample,No,2,0,Yes,2,Yes,Yes,1,1,No,No,1,No,Yes,2,No,No,No,Residential,medium,29510106400
3278,38.6747,-90.26267,Ample,No,2,0,Yes,2,Yes,Yes,1,0,No,No,1,No,Yes,2,No,No,No,Residential,medium,29510106400
3279,38.6762,-90.26276,Ample,No,2,0,Yes,2,Yes,Yes,1,1,No,No,1,No,Yes,2,No,No,No,Residential,high,29510106400
327,38.59657,-90.3044,No,No,2,0,Yes,2,Yes,Yes,0,0,No,No,1,No,Yes,2,No,No,No,Residential,high,29510103800
3280,38.67762,-90.26253,Ample,No,0,0,Yes,2,Yes,Yes,1,1,No,No,1,Yes,Yes,2,No,No,No,Residential,medium,29510106400
3281,38.67882,-90.26246,Ample,No,2,0,Yes,2,Yes,Yes,1,1,No,No,1,No,Yes,2,No,No,No,Residential,high,29510106400
3282,38.68016,-90.26233,Ample,No,0,0,Yes,2,No,Yes,0,0,No,No,2,No,Yes,2,No,No,No,Residential,high,29510106400
3283,38.68123,-90.26275,Ample,No,2,0,Yes,2,Yes,Yes,1,0,No,No,1,No,Yes,2,No,No,No,Commercial,high,29510126900
3287,38.68935,-90.25988,Ample,No,2,0,No,2,No,Yes,1,1,No,No,1,No,Yes,2,No,No,No,Commercial,high,29510126900
328,38.59787,-90.30432,Ample,No,2,0,Yes,2,No,Yes,1,1,No,No,1,No,Yes,2,No,No,No,Residential,medium,29510103800
3291,38.69228,-90.26242,Ample,No,2,0,Yes,2,Yes,Yes,1,1,No,No,1,No,Yes,2,No,No,No,Commercial,high,29510126900
3293,38.69519,-90.2621,Ample,No,0,0,Yes,2,Yes,Yes,1,1,No,No,1,No,Yes,2,No,No,No,Commercial,INVALID,29510126900
3294,38.69605,-90.26285,Ample,No,0,0,Yes,2,Yes,Yes,1,1,No,No,1,No,Yes,2,No,No,No,Residential,high,29510126900
3296,38.69936,-90.26222,Ample,No,0,0,No,2,Yes,Yes,1,0,No,No,1,No,Yes,2,No,No,No,Commercial,low,29510126900
3297,38.70054,-90.26288,Ample,No,2,0,Yes,2,No,Yes,1,1,No,No,1,No,Yes,2,No,No,No,Residential,high,29510107300
3298,38.70164,-90.26264,Some,No,2,0,Yes,2,No,Yes,1,1,No,No,2,No,Yes,2,No,No,No,Residential,high,29510107300
3299,38.7032,-90.26252,Ample,No,2,0,Yes,2,Yes,Yes,1,1,No,No,1,No,Yes,2,No,No,No,Residential,high,29510107300
329,38.59949,-90.30431,Ample,No,2,0,Yes,2,Yes,Yes,1,1,No,No,1,No,Yes,2,No,No,No,Residential,medium,29510103800
32,38.58735,-90.31497,Ample,No,2,0,Yes,2,Yes,Yes,1,1,No,No,1,Yes,Yes,2,No,No,No,Residential,high,29510103100
3300,38.70443,-90.26266,Ample,No,2,0,Yes,2,Yes,Yes,1,1,No,No,1,No,Yes,2,No,No,No,Residential,high,29510107300
3305,38.54009,-90.26122,Ample,No,2,0,Yes,2,No,Yes,1,1,No,No,1,No,Yes,2,No,No,No,Commercial,INVALID,29510101800
3306,38.54148,-90.2613,Ample,No,2,0,Yes,2,Yes,Yes,1,1,No,No,1,No,Yes,2,No,No,Yes,Residential,high,29510101800
3307,38.54287,-90.26139,Ample,No,2,0,Yes,2,No,Yes,1,1,No,No,1,No,Yes,2,No,No,No,Residential,low,29510101800
3308,38.54432,-90.26145,Ample,No,2,0,Yes,2,Yes,Yes,1,1,No,No,2,No,Yes,2,No,No,No,Residential,high,29510101500
3309,38.54539,-90.2611,Ample,No,2,0,Yes,2,No,Yes,1,1,No,No,1,No,Yes,2,No,No,No,Residential,INVALID,29510101500
330,38.6007,-90.30451,Ample,No,2,0,Yes,2,Yes,Yes,1,0,No,No,1,No,Yes,2,No,No,No,Residential,medium,29510103800
3310,38.54681,-90.26116,Ample,No,2,0,Yes,2,No,Yes,1,0,No,No,1,No,Yes,2,No,No,No,Residential,high,29510101500
3311,38.54821,-90.26124,Some,No,2,0,Yes,2,No,Yes,0,0,No,No,1,No,Yes,2,No,No,No,Residential,medium,29510101500
3312,38.54956,-90.26114,Ample,No,2,0,Yes,2,Yes,Yes,1,1,No,No,1,Yes,Yes,2,No,Yes,No,Residential,high,29510101500
3313,38.55082,-90.26127,Ample,No,2,0,Yes,2,Yes,Yes,1,0,No,No,2,No,Yes,2,No,No,No,Residential,high,29510101500
3314,38.55206,-90.26103,Ample,No,2,0,Yes,2,No,Yes,1,1,No,No,1,No,Yes,2,No,No,No,Residential,medium,29510101500
3315,38.55363,-90.26112,Ample,No,2,0,Yes,2,Yes,Yes,1,1,No,No,1,No,Yes,2,No,No,No,Residential,medium,29510101500
3316,38.5549,-90.26116,Ample,No,2,0,No,2,Yes,Yes,1,1,No,No,2,Yes,Yes,2,No,No,No,Residential,high,29510101500
3317,38.55642,-90.26151,Ample,No,2,0,No,2,Yes,Yes,1,1,Yes,No,1,No,Yes,2,No,No,No,Commercial,INVALID,29510101500
3318,38.5575,-90.26127,Ample,No,2,0,Yes,2,Yes,Yes,1,1,No,Yes,1,No,Yes,2,No,No,Yes,Commercial,INVALID,29510101500
3319,38.55895,-90.26121,Ample,No,0,0,Yes,2,Yes,Yes,0,0,No,No,1,Yes,Yes,2,No,No,No,Residential,high,29510101300
331,38.60211,-90.30427,Ample,No,2,0,Yes,2,Yes,Yes,1,1,Yes,No,1,No,Yes,2,No,No,Yes,Residential,medium,29510103800
3320,38.55995,-90.26156,Ample,No,0,0,Yes,2,Yes,Yes,1,0,No,No,1,Yes,Yes,2,No,No,No,Residential,high,29510101300
3321,38.5617,-90.26114,Ample,No,2,0,Yes,2,Yes,Yes,1,1,Yes,No,2,Yes,Yes,2,No,No,No,Residential,medium,29510101300
3322,38.56294,-90.26129,Ample,No,0,0,Yes,2,Yes,Yes,1,1,No,No,1,Yes,Yes,2,No,No,No,Residential,medium,29510101300
3323,38.56435,-90.26119,Ample,No,2,0,Yes,2,Yes,Yes,1,1,No,No,1,No,Yes,2,No,No,No,Residential,high,29510101300
3324,38.56568,-90.26126,Ample,No,2,0,Yes,2,Yes,Yes,1,1,Yes,No,1,No,Yes,2,No,No,Yes,Residential,high,29510101300
3325,38.56699,-90.26114,Ample,No,2,0,Yes,2,Yes,Yes,1,0,No,No,1,No,Yes,2,No,No,No,Residential,high,29510101300
3326,38.56842,-90.26121,Ample,No,2,0,Yes,2,Yes,Yes,1,1,No,No,1,No,Yes,2,No,No,No,Residential,medium,29510101300
3327,38.56971,-90.26125,Ample,No,2,0,Yes,2,Yes,Yes,1,1,No,No,1,No,Yes,2,No,No,No,Residential,medium,29510101300
3328,38.57123,-90.26112,Ample,No,2,0,Yes,2,No,Yes,0,0,No,No,1,No,Yes,2,No,No,No,Residential,INVALID,29510101300
3329,38.57224,-90.26133,Ample,No,2,0,Yes,2,Yes,Yes,1,0,No,No,1,No,Yes,2,No,No,No,Residential,high,29510101300
332,38.60322,-90.30433,Ample,No,2,0,Yes,2,Yes,Yes,1,0,Yes,No,1,Yes,Yes,2,No,No,No,Residential,high,29510103400
3330,38.57359,-90.26132,Ample,No,2,0,Yes,2,Yes,Yes,1,1,No,No,1,No,Yes,2,No,No,Yes,Residential,high,29510115400
3331,38.57501,-90.26137,Ample,No,2,0,Yes,2,Yes,Yes,1,1,No,No,1,No,Yes,2,No,No,No,Residential,medium,29510115400
3332,38.5764,-90.26123,Some,No,2,0,Yes,2,Yes,Yes,1,1,No,No,1,No,Yes,2,No,No,Yes,Residential,medium,29510115400
3333,38.57785,-90.26138,Ample,No,2,0,Yes,2,Yes,Yes,1,1,No,No,1,No,Yes,2,No,No,No,Residential,high,29510115400
3334,38.57935,-90.2612,Ample,No,2,0,Yes,2,No,Yes,1,1,No,No,1,No,Yes,2,No,No,No,Residential,INVALID,29510115300
3335,38.58038,-90.26132,Ample,No,2,0,Yes,2,Yes,Yes,1,1,No,No,1,No,Yes,2,No,No,No,Residential,medium,29510115300
3336,38.58172,-90.26103,Some,No,2,0,Yes,2,No,Yes,1,0,No,No,1,No,Yes,2,No,No,No,Residential,low,29510115300
3337,38.58333,-90.2615,Ample,No,2,0,Yes,2,Yes,Yes,1,1,No,No,1,No,Yes,2,No,No,No,Residential,medium,29510115300
3338,38.58458,-90.26122,Ample,No,2,0,Yes,2,Yes,Yes,1,1,No,No,1,No,Yes,2,No,No,Yes,Residential,high,29510115300
3339,38.58591,-90.26121,Ample,Yes,2,0,No,2,Yes,Yes,1,1,No,No,2,No,Yes,2,No,No,No,Residential,INVALID,29510115200
333,38.60479,-90.30441,Some,No,2,0,Yes,2,No,Yes,0,0,No,No,1,No,Yes,2,No,No,No,Residential,high,29510103400
3340,38.58725,-90.26114,Some,No,2,0,Yes,2,Yes,Yes,1,1,No,No,1,No,Yes,2,No,No,No,Residential,high,29510115200
3342,38.59,-90.26118,Ample,No,2,0,Yes,2,Yes,Yes,1,1,No,No,1,No,Yes,2,No,No,No,Residential,high,29510115200
3343,38.5913,-90.26116,Ample,No,2,0,Yes,2,Yes,Yes,1,0,No,No,1,No,Yes,2,No,No,Yes,Residential,high,29510115200
3344,38.59287,-90.26116,Ample,No,2,0,Yes,2,Yes,Yes,1,1,No,No,1,No,Yes,2,No,No,No,Residential,high,29510115200
3345,38.59376,-90.26121,Ample,No,2,0,Yes,2,Yes,Yes,1,1,No,No,1,No,Yes,2,No,No,No,Residential,high,29510115200
3346,38.59535,-90.26194,Ample,No,2,0,Yes,2,No,Yes,0,0,No,No,1,No,Yes,2,No,No,No,Residential,low,29510115200
3349,38.59892,-90.26135,Ample,No,2,0,Yes,2,Yes,Yes,1,1,No,No,1,No,Yes,2,No,No,No,Residential,high,29510115200
334,38.60588,-90.30441,Ample,No,2,0,Yes,2,Yes,Yes,1,1,No,No,1,No,Yes,2,No,No,No,Residential,high,29510103400
3350,38.60072,-90.26119,Ample,Yes,2,0,Yes,2,No,Yes,1,1,No,No,1,No,Yes,2,No,No,No,Residential,high,29510116200
3351,38.60202,-90.26096,Ample,No,2,0,Yes,2,Yes,Yes,1,1,No,Yes,2,No,Yes,2,No,No,No,Residential,high,29510116200
3352,38.60346,-90.26132,Ample,No,2,0,Yes,2,Yes,Yes,1,1,Yes,No,1,No,Yes,2,No,No,No,Residential,low,29510116200
3353,38.60463,-90.26129,Ample,No,0,0,Yes,2,Yes,Yes,1,1,Yes,Yes,1,Yes,Yes,2,No,No,Yes,Residential,medium,29510116200
3354,38.60581,-90.2612,No,No,0,0,Yes,2,Yes,Yes,1,1,No,No,1,Yes,Yes,2,No,No,No,Residential,high,29510116200
3355,38.60748,-90.26127,Ample,No,0,0,Yes,2,Yes,Yes,1,1,No,No,1,Yes,Yes,2,No,No,No,Residential,medium,29510116200
3356,38.60909,-90.2612,Ample,Yes,0,0,Yes,2,Yes,Yes,1,0,No,No,1,Yes,Yes,2,No,No,No,Residential,high,29510117100
3357,38.61003,-90.26151,No,No,2,0,Yes,2,Yes,Yes,0,0,No,No,2,Yes,Yes,2,No,Yes,No,Residential,medium,29510117100
3358,38.61163,-90.26092,Ample,No,2,0,No,0,No,Yes,0,0,No,No,1,Yes,No,2,No,No,No,Residential,high,29510117100
3359,38.61286,-90.26121,No,No,2,0,Yes,2,No,Yes,0,0,No,No,2,Yes,Yes,2,No,Yes,No,Residential,high,29510117100
335,38.6072,-90.3044,Ample,No,2,0,Yes,2,No,Yes,1,1,No,No,1,No,Yes,2,No,No,No,Residential,medium,29510103400
3360,38.6142,-90.26117,Ample,No,2,0,Yes,2,Yes,Yes,1,1,No,No,1,Yes,Yes,2,No,No,No,Residential,medium,29510117100
3361,38.61574,-90.26113,Ample,No,2,0,Yes,2,No,Yes,1,1,No,No,1,No,Yes,2,No,No,No,Residential,low,29510117100
3362,38.61692,-90.26139,Ample,No,2,0,Yes,2,Yes,Yes,1,1,No,Yes,1,No,Yes,2,No,No,Yes,Commercial,medium,29510117100
3363,38.61815,-90.26118,Ample,No,0,0,Yes,2,Yes,Yes,0,1,Yes,No,1,No,Yes,2,No,No,No,Commercial,high,29510117100
3364,38.61995,-90.26098,Ample,No,2,0,Yes,2,Yes,Yes,1,0,No,No,1,No,Yes,2,No,No,Yes,Commercial,high,29510118100
3365,38.62068,-90.26081,No,No,2,0,Yes,2,No,Yes,1,1,No,No,2,No,Yes,2,No,Yes,No,Commercial,high,29510118100
3366,38.62272,-90.26141,Ample,No,2,0,Yes,2,Yes,Yes,1,1,No,No,1,No,Yes,2,No,No,No,Residential,high,29510118100
3367,38.62367,-90.2612,Ample,No,2,0,Yes,2,Yes,Yes,1,1,No,No,1,No,Yes,2,No,No,No,Residential,INVALID,29510118100
3368,38.62458,-90.26118,Ample,No,2,0,Yes,2,Yes,Yes,1,1,No,No,1,No,Yes,2,No,No,No,Residential,high,29510118100
3369,38.62637,-90.26127,Ample,No,2,0,Yes,2,Yes,Yes,1,1,No,No,1,No,Yes,2,No,No,No,Residential,high,29510118600
336,38.60874,-90.30428,Ample,No,2,0,No,2,Yes,Yes,1,0,No,No,1,No,Yes,2,No,No,No,Commercial,high,29510103400
3370,38.62774,-90.26119,Ample,No,2,0,Yes,2,Yes,Yes,1,1,Yes,No,1,No,Yes,2,No,No,Yes,Residential,high,29510118600
3371,38.629,-90.26108,Ample,No,2,0,Yes,2,Yes,Yes,1,0,No,No,1,No,Yes,2,No,No,No,Residential,high,29510118600
3372,38.6301,-90.26129,Some,No,2,0,Yes,2,No,Yes,1,0,No,No,1,No,Yes,2,No,No,No,Residential,medium,29510118600
3373,38.63158,-90.26128,Ample,No,2,0,Yes,2,Yes,Yes,1,1,No,No,1,No,Yes,2,No,No,No,Residential,high,29510118600
3374,38.63304,-90.26124,Ample,No,2,0,Yes,2,Yes,Yes,1,0,No,No,1,No,Yes,2,No,No,No,Residential,high,29510118600
3375,38.63459,-90.26085,Ample,No,2,0,Yes,2,Yes,Yes,1,1,No,No,2,Yes,Yes,2,No,Yes,No,Commercial,INVALID,29510118600
3376,38.63586,-90.2612,Ample,No,2,0,Yes,2,Yes,Yes,1,1,No,No,2,No,Yes,2,No,No,No,Commercial,high,29510118600
3378,38.63844,-90.26102,Ample,No,2,0,Yes,2,Yes,Yes,1,1,No,No,1,No,Yes,2,No,No,No,Commercial,medium,29510119101
3379,38.63951,-90.26133,Ample,Yes,2,0,Yes,2,Yes,Yes,1,1,No,No,1,No,Yes,2,No,No,No,Residential,high,29510119101
337,38.61005,-90.30415,Ample,No,2,0,Yes,2,Yes,Yes,1,1,No,No,1,No,Yes,2,No,No,No,Residential,high,29510103400
3380,38.64089,-90.26128,Some,Yes,2,0,Yes,2,Yes,Yes,1,1,No,No,1,No,Yes,2,No,No,No,Commercial,INVALID,29510119101
3381,38.64229,-90.26129,Ample,No,2,0,Yes,2,Yes,Yes,1,1,No,No,2,No,Yes,2,No,No,No,Commercial,INVALID,29510119102
3382,38.64388,-90.26116,Ample,No,2,1,Yes,2,Yes,Yes,1,1,No,No,1,No,Yes,2,No,No,No,Residential,high,29510112400
3383,38.64516,-90.26126,No,No,2,0,No,2,No,Yes,0,0,No,No,1,No,No,2,No,No,No,Commercial,low,29510112400
3384,38.64656,-90.26124,Ample,No,2,0,Yes,2,Yes,Yes,1,0,No,Yes,1,No,Yes,2,No,No,No,Residential,medium,29510112400
3385,38.64797,-90.26112,Some,No,2,0,Yes,2,Yes,Yes,1,1,No,No,1,No,Yes,2,No,No,No,Residential,medium,29510112400
3386,38.64913,-90.26134,Some,No,0,0,Yes,2,Yes,Yes,1,1,No,No,1,No,Yes,2,No,No,No,Residential,INVALID,29510112400
3387,38.65059,-90.26121,Ample,No,2,0,No,2,No,Yes,0,0,No,No,1,No,No,2,No,No,No,Commercial,INVALID,29510112400
3388,38.65191,-90.26155,Ample,No,2,0,No,2,Yes,Yes,1,1,No,No,1,No,Yes,2,No,No,No,Residential,high,29510112300
3389,38.65325,-90.261,No,No,0,0,Yes,2,No,Yes,1,1,No,No,1,No,Yes,2,No,No,No,Residential,high,29510112300
338,38.61144,-90.30423,Ample,No,2,0,Yes,2,No,Yes,1,1,No,No,1,No,Yes,2,No,No,No,Residential,high,29510103400
3390,38.65467,-90.26126,Some,No,2,0,Yes,2,No,Yes,0,0,No,No,1,No,Yes,2,No,No,No,Residential,high,29510112300
3391,38.65597,-90.26129,Ample,No,2,0,Yes,2,Yes,Yes,1,1,No,No,1,No,Yes,2,No,No,No,Residential,high,29510112300
3392,38.6573,-90.26106,Ample,No,2,0,Yes,2,Yes,Yes,1,1,No,No,1,No,Yes,2,No,No,No,Residential,medium,29510112300
3393,38.65858,-90.26118,Ample,No,2,0,Yes,2,Yes,Yes,1,1,No,No,1,No,Yes,2,No,No,No,Residential,high,29510112300
3394,38.65981,-90.26126,Ample,No,2,0,Yes,2,Yes,Yes,1,0,No,No,1,No,Yes,2,No,No,No,Residential,INVALID,29510106600
3395,38.66094,-90.26128,Ample,No,2,0,Yes,2,Yes,Yes,0,0,No,No,1,Yes,Yes,2,No,No,Yes,Commercial,INVALID,29510106600
3396,38.66292,-90.26111,Ample,No,2,0,Yes,2,Yes,Yes,1,1,Yes,Yes,1,No,Yes,2,No,No,Yes,Commercial,medium,29510106700
3397,38.66398,-90.26103,Ample,No,2,0,Yes,2,Yes,Yes,1,1,No,No,1,Yes,Yes,2,No,No,Yes,Residential,medium,29510106500
3399,38.66666,-90.26125,Some,No,0,0,Yes,2,No,Yes,0,0,No,No,1,No,Yes,2,No,No,No,Residential,medium,29510106500
3400,38.66789,-90.26139,Ample,No,0,0,Yes,2,No,Yes,1,1,No,No,1,No,Yes,2,No,No,No,Residential,INVALID,29510106500
3401,38.66952,-90.2611,Ample,No,2,0,Yes,2,Yes,Yes,1,1,No,Yes,1,No,Yes,2,No,No,No,Residential,medium,29510106500
3402,38.67075,-90.26132,Ample,No,2,0,Yes,2,No,Yes,1,1,No,No,1,No,Yes,2,No,No,No,Residential,medium,29510106500
3403,38.67231,-90.26103,Ample,No,0,0,Yes,2,No,Yes,0,0,No,No,1,No,Yes,2,No,No,No,Residential,high,29510106400
3404,38.67351,-90.26119,Ample,No,0,0,Yes,2,No,Yes,0,0,No,No,2,Yes,Yes,2,No,No,No,Residential,medium,29510106400
3405,38.67483,-90.26135,Ample,No,2,0,Yes,2,Yes,Yes,1,1,No,No,1,No,Yes,2,No,No,No,Residential,medium,29510106400
3406,38.6762,-90.26118,Ample,No,0,0,Yes,2,No,Yes,1,1,No,No,1,Yes,Yes,2,No,No,No,Residential,high,29510106400
3407,38.6775,-90.26127,Ample,No,0,0,Yes,2,No,Yes,0,0,No,No,1,No,Yes,2,No,No,No,Residential,high,29510106400
3408,38.67875,-90.26133,Ample,No,2,0,Yes,2,No,Yes,1,1,No,No,1,No,Yes,2,No,No,No,Residential,high,29510106400
3409,38.68028,-90.26143,Ample,No,2,0,Yes,2,Yes,Yes,1,1,No,Yes,1,No,Yes,2,No,No,No,Commercial,medium,29510106400
340,38.61435,-90.30439,Ample,No,2,0,No,2,Yes,Yes,1,1,No,No,1,No,Yes,2,No,No,No,Residential,high,29510126800
3410,38.68075,-90.26163,Ample,No,2,1,Yes,2,Yes,Yes,1,1,No,Yes,2,No,Yes,2,No,No,No,Commercial,high,29510126900
3419,38.69368,-90.26159,Ample,No,2,0,Yes,2,Yes,Yes,1,1,No,No,1,No,Yes,2,No,No,No,Commercial,high,29510126900
3420,38.69494,-90.26165,Ample,No,0,0,Yes,2,Yes,Yes,1,1,No,No,1,No,Yes,2,No,No,No,Residential,high,29510126900
3421,38.69643,-90.26178,Ample,No,0,0,Yes,2,Yes,Yes,1,0,No,No,1,No,Yes,2,No,No,No,Commercial,INVALID,29510126900
3422,38.69765,-90.26107,Ample,No,0,0,Yes,2,Yes,Yes,1,1,No,No,1,No,Yes,2,No,No,No,Residential,low,29510126900
3423,38.69895,-90.26147,Ample,No,0,0,No,2,Yes,Yes,1,0,No,No,1,No,Yes,2,No,No,No,Residential,high,29510126900
3424,38.70049,-90.26111,Ample,No,2,0,Yes,2,Yes,Yes,1,1,No,No,1,No,Yes,2,No,No,No,Residential,high,29510107300
3425,38.70189,-90.26108,Some,No,0,0,Yes,2,Yes,Yes,1,1,No,No,1,No,Yes,2,No,No,No,Residential,high,29510107300
3427,38.70444,-90.26129,Ample,No,2,0,Yes,2,Yes,Yes,1,1,No,No,1,No,Yes,2,No,No,No,Residential,medium,29510107300
3428,38.70569,-90.26134,Ample,No,2,0,Yes,2,Yes,Yes,1,1,No,No,1,No,Yes,2,No,No,No,Residential,high,29510107300
342,38.61677,-90.30435,Ample,No,2,0,Yes,2,Yes,Yes,1,1,Yes,No,1,No,Yes,2,No,Yes,No,Commercial,high,29510126800
3434,38.53994,-90.25967,Ample,No,2,0,No,2,Yes,Yes,1,1,No,No,1,No,Yes,2,No,No,No,Commercial,low,29510101800
3435,38.54135,-90.25981,Ample,No,2,0,Yes,2,No,Yes,1,1,No,No,1,No,Yes,2,No,No,No,Commercial,INVALID,29510101800
3436,38.54274,-90.25988,Ample,No,2,0,Yes,2,Yes,Yes,1,1,No,No,1,No,Yes,2,No,No,No,Commercial,low,29510101800
3437,38.54419,-90.25993,Ample,No,2,0,Yes,2,No,Yes,1,1,No,No,1,No,Yes,2,No,No,No,Residential,high,29510101800
3438,38.54559,-90.26001,Ample,No,2,0,Yes,2,Yes,Yes,1,0,Yes,No,1,No,Yes,2,No,No,No,Commercial,INVALID,29510101500
3439,38.54659,-90.25979,No,No,0,0,No,2,No,Yes,0,0,No,No,1,No,No,0,No,No,No,Residential,INVALID,29510101500
343,38.61804,-90.30423,Ample,No,2,0,Yes,2,Yes,Yes,1,1,No,No,1,No,Yes,2,No,No,No,Commercial,INVALID,29510126800
3440,38.5484,-90.26019,Ample,No,2,0,Yes,2,Yes,Yes,1,1,No,No,1,No,Yes,2,No,No,No,Residential,high,29510101500
3441,38.54946,-90.25985,Some,No,0,0,Yes,2,No,Yes,1,0,No,No,2,No,Yes,2,No,No,No,Residential,medium,29510101500
3442,38.5509,-90.25987,Ample,No,2,0,Yes,2,No,Yes,1,1,No,No,1,No,Yes,2,No,No,No,Residential,INVALID,29510101800
3443,38.55228,-90.25996,Some,No,2,0,Yes,2,Yes,Yes,1,1,No,No,1,No,Yes,2,No,No,No,Residential,low,29510101500
3444,38.55352,-90.25986,Ample,No,0,0,Yes,2,No,Yes,0,0,No,No,1,No,Yes,2,No,Yes,No,Residential,medium,29510101500
3445,38.55485,-90.25976,Ample,No,2,0,Yes,2,No,Yes,1,0,No,No,1,No,Yes,2,No,No,Yes,Residential,high,29510101500
3446,38.55631,-90.25993,Ample,No,2,0,No,2,Yes,Yes,1,0,No,No,1,No,Yes,2,No,No,No,Residential,high,29510101500
3447,38.55722,-90.26012,Ample,No,0,0,Yes,2,Yes,Yes,1,1,No,No,1,Yes,Yes,2,No,No,No,Residential,high,29510101300
344,38.61961,-90.30441,Ample,No,2,0,Yes,2,Yes,Yes,1,1,No,No,1,No,Yes,2,No,No,No,Residential,medium,29510126800
3450,38.56131,-90.25992,Ample,No,0,0,Yes,2,Yes,Yes,1,1,No,No,2,Yes,Yes,2,No,No,Yes,Residential,medium,29510101300
3451,38.56255,-90.25984,Ample,No,0,0,Yes,2,Yes,Yes,1,1,Yes,No,2,Yes,Yes,2,No,No,No,Residential,medium,29510101300
3452,38.56416,-90.25974,Ample,No,0,0,No,2,Yes,Yes,1,1,No,No,1,No,Yes,2,No,No,No,Residential,high,29510101300
3453,38.56564,-90.26013,No,No,2,0,Yes,2,Yes,Yes,1,0,No,No,1,No,Yes,2,No,No,Yes,Residential,medium,29510101300
3454,38.56702,-90.25997,Ample,No,2,0,Yes,2,No,Yes,0,0,No,No,1,No,Yes,2,No,No,No,Residential,medium,29510101300
3455,38.56821,-90.25943,Ample,No,2,0,Yes,2,Yes,Yes,0,0,No,No,1,No,Yes,2,No,No,No,Residential,high,29510101300
3456,38.56973,-90.25983,Ample,No,2,0,Yes,2,Yes,Yes,1,0,No,Yes,1,No,Yes,2,No,No,No,Residential,medium,29510101300
3457,38.57131,-90.25957,Ample,No,2,0,Yes,2,Yes,Yes,1,1,No,No,1,No,Yes,2,No,No,No,Residential,medium,29510115400
3458,38.57246,-90.26004,Some,No,2,0,Yes,2,No,Yes,1,1,No,No,1,No,Yes,2,No,No,No,Residential,medium,29510115400
3459,38.57375,-90.25985,Ample,No,2,0,Yes,2,Yes,Yes,1,1,No,No,1,No,Yes,2,No,No,No,Residential,medium,29510115400
345,38.62088,-90.30416,Ample,No,2,0,Yes,2,Yes,Yes,1,1,No,No,1,No,Yes,2,No,No,No,Residential,low,29510126800
3460,38.57499,-90.25998,Ample,No,2,0,Yes,2,Yes,Yes,1,1,No,No,1,No,Yes,2,No,No,No,Residential,medium,29510115400
3461,38.57652,-90.25997,Ample,No,2,0,Yes,2,No,Yes,1,1,No,No,1,No,Yes,2,No,No,No,Residential,medium,29510115400
3462,38.57779,-90.25988,Ample,No,2,0,Yes,2,Yes,Yes,1,1,No,No,1,No,Yes,2,No,No,No,Residential,medium,29510115400
3463,38.57924,-90.26005,Ample,No,2,0,Yes,2,Yes,Yes,1,1,No,No,1,No,Yes,2,No,No,No,Residential,medium,29510115300
3464,38.58043,-90.25969,Ample,No,2,0,Yes,2,No,Yes,1,0,No,No,1,No,Yes,2,No,No,No,Residential,high,29510115300
3465,38.58183,-90.25983,Ample,No,2,0,Yes,2,Yes,Yes,1,1,No,No,1,No,Yes,2,No,No,No,Residential,medium,29510115300
3466,38.58328,-90.25974,Some,No,2,0,Yes,2,No,Yes,1,0,No,No,1,No,Yes,2,No,No,No,Residential,INVALID,29510115300
3467,38.58462,-90.26038,Some,No,2,0,No,2,No,Yes,1,1,No,No,1,No,Yes,2,No,No,No,Residential,INVALID,29510115300
3468,38.58653,-90.26038,Ample,Yes,2,0,Yes,2,Yes,Yes,1,1,No,No,2,No,Yes,2,No,No,No,Residential,high,29510115300
3469,38.5872,-90.25993,Ample,Yes,2,0,Yes,2,Yes,Yes,1,1,No,No,2,No,Yes,2,No,No,Yes,Residential,medium,29510115200
346,38.62252,-90.30432,Ample,No,2,0,Yes,2,Yes,Yes,1,1,No,No,1,No,Yes,2,No,No,No,Residential,high,29510126800
3470,38.58894,-90.25959,Ample,No,2,0,Yes,2,Yes,Yes,1,1,No,No,1,No,Yes,2,No,No,No,Commercial,low,29510115200
3471,38.58998,-90.25985,No,Yes,0,0,Yes,2,Yes,Yes,1,1,No,No,1,No,Yes,2,No,No,No,Residential,high,29510115200
3472,38.59138,-90.25981,Some,No,2,0,Yes,2,Yes,Yes,1,1,No,Yes,1,No,Yes,2,No,No,No,Commercial,high,29510115200
3473,38.59273,-90.25959,Ample,No,0,0,Yes,2,Yes,Yes,1,1,No,No,1,No,Yes,2,No,No,No,Residential,medium,29510115200
3474,38.59393,-90.2594,Ample,No,2,0,Yes,2,Yes,Yes,1,1,No,No,1,No,Yes,2,No,No,No,Residential,low,29510115200
3477,38.59808,-90.26,Ample,No,0,0,No,2,No,Yes,1,1,No,No,1,Yes,Yes,2,No,No,No,Residential,high,29510115200
3478,38.5997,-90.25986,Ample,No,2,0,Yes,2,Yes,Yes,1,0,No,No,1,No,Yes,2,No,No,Yes,Residential,medium,29510116200
3479,38.6006,-90.25994,Ample,No,2,0,Yes,2,Yes,Yes,1,1,No,No,1,No,Yes,2,No,No,No,Residential,medium,29510116200
347,38.62362,-90.30437,Ample,No,2,0,Yes,2,Yes,Yes,1,1,No,No,1,No,Yes,2,No,No,No,Residential,high,29510126800
3480,38.60194,-90.25995,No,Yes,2,0,Yes,2,Yes,Yes,0,0,No,No,1,No,Yes,2,No,No,No,Residential,high,29510116200
3481,38.60347,-90.25984,Ample,No,2,0,Yes,2,Yes,Yes,1,1,No,No,1,No,Yes,2,No,No,Yes,Residential,medium,29510116200
3482,38.6045,-90.25992,Ample,No,2,0,Yes,2,Yes,Yes,1,0,No,No,1,Yes,Yes,2,No,No,No,Residential,high,29510116200
3484,38.60803,-90.26012,Ample,No,0,0,Yes,2,Yes,Yes,1,1,No,No,1,Yes,Yes,2,No,Yes,No,Residential,high,29510116200
3485,38.60896,-90.25984,Ample,No,0,0,Yes,2,Yes,Yes,1,0,No,No,1,Yes,Yes,2,No,No,No,Residential,high,29510116200
3486,38.61029,-90.26006,Ample,No,0,0,No,2,No,Yes,0,0,No,No,1,Yes,Yes,2,No,No,No,Residential,high,29510117100
3487,38.6115,-90.25983,Ample,No,0,0,Yes,2,Yes,Yes,0,0,No,No,2,Yes,Yes,2,No,No,No,Residential,medium,29510117100
3488,38.61284,-90.25986,No,No,0,0,Yes,2,No,Yes,0,0,No,No,1,Yes,Yes,2,No,Yes,No,Residential,medium,29510117100
3489,38.61422,-90.25991,Ample,No,2,0,Yes,2,Yes,Yes,0,0,No,No,2,Yes,Yes,2,No,No,No,Residential,medium,29510117100
348,38.62494,-90.30446,Ample,No,2,0,Yes,2,Yes,Yes,1,0,No,No,1,No,Yes,2,No,No,No,Residential,high,29510126800
3490,38.6156,-90.26012,Ample,No,2,0,Yes,2,Yes,Yes,1,1,No,No,1,No,Yes,2,No,No,No,Residential,high,29510117100
3491,38.61701,-90.25981,Ample,No,2,0,Yes,2,Yes,Yes,1,1,No,No,1,No,Yes,2,No,No,No,Residential,high,29510117100
3492,38.61842,-90.25989,Ample,No,0,0,No,2,Yes,Yes,1,1,No,No,1,No,Yes,2,No,No,No,Commercial,high,29510117100
3493,38.61946,-90.2599,Ample,No,2,0,Yes,2,Yes,Yes,1,1,No,No,1,No,Yes,2,No,No,No,Commercial,low,29510118100
3494,38.62098,-90.25995,Ample,No,2,0,Yes,2,Yes,Yes,1,0,No,No,1,No,No,2,No,Yes,No,Commercial,high,29510118100
3496,38.62341,-90.25981,Some,No,2,0,Yes,2,Yes,Yes,1,1,No,No,1,No,Yes,2,No,No,No,Residential,INVALID,29510118100
3497,38.62476,-90.25983,Ample,No,2,0,Yes,2,Yes,Yes,1,1,No,No,1,No,Yes,2,No,No,No,Residential,INVALID,29510118100
3498,38.62611,-90.25987,Ample,No,2,0,Yes,2,Yes,Yes,1,1,No,No,1,No,Yes,2,No,No,No,Residential,low,29510118100
3499,38.62748,-90.25998,Ample,No,2,0,Yes,2,Yes,Yes,1,1,No,No,1,No,Yes,2,No,No,No,Residential,high,29510118600
349,38.62652,-90.30435,Some,No,2,0,Yes,2,Yes,Yes,1,1,No,No,1,No,Yes,2,No,No,Yes,Residential,high,29510104200
34,38.59037,-90.31472,Ample,No,2,0,Yes,2,Yes,Yes,1,1,No,No,1,No,Yes,2,No,No,No,Residential,high,29510103100
3500,38.62889,-90.25995,Some,No,2,0,Yes,2,Yes,Yes,1,0,No,No,1,No,Yes,2,No,No,No,Residential,high,29510118600
3501,38.63035,-90.25986,Ample,No,2,0,Yes,2,Yes,Yes,1,0,No,No,1,No,Yes,2,No,No,No,Residential,high,29510118600
3502,38.63184,-90.25983,Ample,No,2,0,No,2,Yes,Yes,1,1,No,No,2,No,Yes,2,No,No,No,Commercial,low,29510118600
3503,38.63301,-90.25984,Ample,No,2,0,Yes,2,Yes,Yes,1,1,No,No,1,No,Yes,2,No,No,No,Commercial,low,29510118600
3504,38.63441,-90.25989,Ample,No,2,1,Yes,2,Yes,Yes,1,1,Yes,Yes,1,Yes,Yes,2,No,No,No,Commercial,medium,29510118600
3505,38.63555,-90.25994,Ample,No,2,1,Yes,2,Yes,Yes,1,1,No,No,2,No,Yes,2,No,Yes,Yes,Commercial,low,29510118600
3506,38.63705,-90.25973,Ample,No,2,0,Yes,2,Yes,Yes,1,1,Yes,No,1,No,Yes,2,No,No,Yes,Commercial,high,29510119101
3507,38.63837,-90.25987,Ample,No,2,0,No,2,Yes,Yes,0,1,No,No,2,No,Yes,2,No,No,No,Commercial,high,29510119101
3508,38.63985,-90.2598,Ample,No,2,0,Yes,2,Yes,Yes,1,0,No,No,1,No,Yes,2,No,No,No,Residential,INVALID,29510119101
3509,38.64132,-90.25976,Ample,No,2,0,Yes,2,Yes,Yes,1,1,No,No,1,Yes,Yes,2,No,No,No,Residential,high,29510119102
350,38.62753,-90.30438,Ample,No,2,0,Yes,2,Yes,Yes,1,1,No,No,1,No,Yes,2,No,No,No,Residential,medium,29510104200
3510,38.64284,-90.25976,Ample,No,2,0,Yes,2,Yes,Yes,1,1,No,No,1,No,Yes,2,No,No,Yes,Residential,medium,29510119102
3511,38.64375,-90.25985,Some,No,2,0,Yes,2,No,Yes,1,0,No,No,1,No,No,2,No,No,No,Residential,high,29510112400
3512,38.64513,-90.25983,No,No,2,0,Yes,2,No,Yes,1,1,No,Yes,1,No,Yes,2,No,No,Yes,Residential,high,29510112400
3513,38.64636,-90.25991,Ample,No,2,0,Yes,2,Yes,Yes,0,0,No,No,1,No,Yes,2,No,No,No,Residential,medium,29510112400
3514,38.64793,-90.25978,Ample,No,2,1,Yes,2,Yes,Yes,1,0,No,No,1,No,Yes,2,No,No,No,Residential,medium,29510112400
3515,38.64915,-90.25988,Ample,No,2,0,Yes,2,Yes,Yes,1,1,No,No,1,No,Yes,2,No,No,No,Residential,medium,29510112400
3516,38.65077,-90.25979,Some,No,0,0,Yes,2,No,Yes,1,1,No,No,2,No,Yes,2,No,No,No,Residential,high,29510112400
3517,38.65231,-90.2598,Some,No,2,0,Yes,2,Yes,Yes,1,1,No,No,1,No,Yes,2,No,No,No,Residential,INVALID,29510112300
3518,38.65326,-90.26023,Ample,No,2,0,Yes,2,Yes,Yes,1,0,No,No,1,No,Yes,2,No,No,No,Residential,medium,29510112300
3519,38.65455,-90.25986,Ample,No,2,0,Yes,2,No,Yes,1,1,No,No,1,No,Yes,2,No,No,No,Residential,high,29510112300
351,38.629,-90.30458,Ample,No,2,0,Yes,2,Yes,Yes,1,1,No,No,1,No,Yes,2,No,No,No,Residential,high,29510104200
3520,38.65596,-90.25976,Ample,No,2,0,Yes,2,Yes,Yes,1,1,No,No,1,Yes,Yes,2,No,No,No,Residential,high,29510112300
3521,38.65728,-90.25954,Ample,No,2,0,Yes,2,Yes,Yes,1,1,No,No,1,No,Yes,2,No,No,No,Residential,high,29510112300
3522,38.65845,-90.25989,Ample,No,2,0,Yes,2,No,Yes,1,1,No,No,1,No,Yes,2,No,No,Yes,Residential,medium,29510112300
3523,38.65998,-90.25988,Ample,No,2,0,Yes,2,Yes,Yes,1,1,No,No,1,No,Yes,2,No,No,Yes,Commercial,INVALID,29510106600
3524,38.66132,-90.25966,Ample,No,2,0,No,2,Yes,Yes,1,1,No,No,1,No,Yes,2,No,No,No,Commercial,high,29510106600
3525,38.66254,-90.26,Ample,No,2,0,Yes,2,Yes,Yes,1,1,No,No,1,No,Yes,2,No,No,No,Commercial,high,29510106700
3526,38.66372,-90.26007,Ample,No,2,0,Yes,2,Yes,Yes,1,1,No,No,1,Yes,Yes,2,No,No,No,Residential,medium,29510106700
3527,38.6654,-90.26,Ample,No,2,0,Yes,2,Yes,Yes,1,1,Yes,Yes,1,Yes,Yes,2,No,No,No,Commercial,medium,29510106500
3528,38.66667,-90.25996,Ample,No,2,0,Yes,2,Yes,Yes,1,1,No,No,1,No,Yes,2,No,No,Yes,Residential,high,29510106500
3529,38.66788,-90.25999,Ample,No,2,0,Yes,2,Yes,Yes,1,0,No,No,1,No,Yes,2,No,Yes,No,Residential,medium,29510106500
352,38.63035,-90.30435,Some,No,2,0,Yes,2,No,Yes,1,1,No,No,1,No,Yes,2,No,No,No,Residential,high,29510104200
3530,38.66949,-90.25979,Some,No,2,0,Yes,2,No,Yes,1,1,No,No,1,No,Yes,2,No,No,No,Residential,INVALID,29510106500
3531,38.67072,-90.25997,No,No,1,0,Yes,2,No,Yes,0,0,No,No,1,No,Yes,2,No,No,No,Residential,high,29510106500
3532,38.6723,-90.25977,Ample,No,2,0,Yes,2,Yes,Yes,1,1,No,No,1,No,Yes,2,No,No,No,Residential,medium,29510106400
3533,38.67348,-90.25987,Ample,No,2,0,Yes,2,Yes,Yes,1,1,No,No,1,No,Yes,2,No,No,No,Residential,high,29510106400
3535,38.67612,-90.25973,Some,No,0,0,Yes,2,No,Yes,1,1,No,No,1,No,Yes,2,No,No,No,Residential,high,29510106400
3536,38.6776,-90.26007,Some,No,2,0,Yes,2,No,Yes,1,0,No,No,1,No,Yes,2,No,No,No,Residential,INVALID,29510106400
3537,38.67883,-90.25977,Ample,No,2,0,No,2,Yes,Yes,1,1,No,No,1,No,Yes,2,No,No,No,Commercial,medium,29510106400
3538,38.68004,-90.26001,Ample,No,2,1,Yes,2,Yes,Yes,1,1,Yes,Yes,1,No,Yes,2,No,No,No,Commercial,low,29510126900
353,38.63171,-90.3043,Ample,No,2,0,Yes,2,Yes,Yes,1,0,Yes,No,1,No,Yes,2,No,No,Yes,Commercial,high,29510104200
3545,38.68947,-90.2597,Ample,No,2,0,Yes,2,Yes,Yes,1,1,No,No,1,No,Yes,2,No,No,No,Commercial,medium,29510126900
3547,38.69248,-90.25958,Ample,No,2,0,No,2,Yes,Yes,1,1,No,No,1,No,Yes,2,No,No,No,Commercial,INVALID,29510126900
3548,38.69372,-90.25988,Ample,No,2,0,Yes,2,Yes,Yes,1,1,No,No,1,No,Yes,2,No,No,No,Residential,high,29510107400
3549,38.695,-90.26006,Ample,No,2,0,Yes,2,Yes,Yes,1,1,No,No,1,No,Yes,2,No,No,No,Residential,high,29510107200
354,38.63308,-90.30443,Ample,No,2,0,Yes,2,Yes,Yes,1,1,No,Yes,1,Yes,Yes,2,No,No,No,Residential,medium,29510105198
3550,38.69631,-90.25994,Ample,No,2,0,Yes,2,No,Yes,1,1,No,No,1,No,Yes,2,No,No,No,Residential,low,29510107200
3551,38.6978,-90.25977,Ample,No,2,0,Yes,2,Yes,Yes,1,0,No,No,2,No,Yes,2,No,No,No,Residential,medium,29510107200
3552,38.69907,-90.25994,Ample,No,2,0,No,2,Yes,Yes,1,1,No,No,1,No,Yes,2,No,No,No,Residential,high,29510107200
3553,38.70045,-90.25992,No,No,0,0,Yes,2,No,Yes,0,0,No,No,1,No,Yes,2,No,No,No,Residential,high,29510107300
3554,38.70184,-90.25988,Ample,No,2,0,Yes,2,Yes,Yes,1,1,No,No,1,No,Yes,2,No,No,No,Residential,high,29510107300
3555,38.70318,-90.25984,Ample,No,2,0,Yes,2,Yes,Yes,1,0,No,No,1,No,Yes,2,No,No,No,Residential,medium,29510107300
3556,38.70477,-90.25968,Ample,No,2,0,Yes,2,Yes,Yes,1,1,No,No,1,Yes,Yes,2,No,No,No,Residential,medium,29510107300
3557,38.70593,-90.26022,Ample,No,2,0,Yes,2,Yes,Yes,1,1,No,No,1,No,Yes,2,No,No,No,Residential,high,29510107300
3558,38.707,-90.25945,Ample,No,2,0,Yes,2,Yes,Yes,1,0,No,No,1,Yes,Yes,2,No,No,Yes,Residential,high,29510107300
3559,38.70849,-90.25988,Ample,No,2,0,Yes,2,Yes,Yes,1,0,No,No,1,Yes,Yes,2,No,No,No,Residential,medium,29510107300
355,38.63436,-90.30403,Ample,No,2,0,Yes,2,Yes,Yes,1,1,Yes,No,2,Yes,Yes,2,No,No,No,Residential,medium,29510112100
3565,38.54022,-90.25843,Ample,No,2,0,Yes,2,No,Yes,1,0,No,No,1,No,Yes,2,No,No,No,Commercial,INVALID,29510101800
3567,38.54234,-90.2587,Ample,Yes,0,0,Yes,2,Yes,Yes,1,1,No,No,1,Yes,Yes,2,No,No,No,Residential,high,29510101800
3568,38.54407,-90.25851,Ample,Yes,0,0,Yes,2,Yes,Yes,1,1,No,No,1,No,Yes,2,No,No,No,Commercial,low,29510101800
3569,38.54547,-90.25848,Ample,No,2,0,Yes,2,No,Yes,1,1,No,No,1,No,Yes,2,No,No,No,Residential,high,29510101800
356,38.63588,-90.30448,Some,No,2,0,Yes,2,Yes,Yes,1,1,No,No,1,No,Yes,2,No,Yes,No,Residential,medium,29510105198
3570,38.54686,-90.25857,Ample,No,2,0,Yes,2,Yes,Yes,1,0,No,Yes,1,No,Yes,2,No,Yes,No,Commercial,high,29510101500
3571,38.54828,-90.25866,Ample,Yes,2,0,Yes,2,Yes,Yes,1,1,No,No,1,No,Yes,2,No,No,Yes,Residential,high,29510101500
3572,38.54969,-90.25872,Ample,No,2,0,Yes,2,Yes,Yes,1,1,No,No,1,No,Yes,2,No,No,No,Residential,high,29510101800
3573,38.55076,-90.25838,Ample,No,2,0,Yes,2,Yes,Yes,1,0,No,No,2,No,Yes,2,No,No,No,Residential,high,29510101800
3574,38.55217,-90.25842,Some,No,2,0,Yes,2,Yes,Yes,1,1,No,No,1,No,Yes,2,No,No,No,Residential,medium,29510101800
3575,38.55347,-90.25849,Some,No,0,0,Yes,2,Yes,Yes,1,1,No,No,1,No,Yes,2,No,No,No,Residential,high,29510101500
3576,38.55483,-90.25836,Ample,No,2,0,Yes,2,No,Yes,1,1,No,No,1,No,Yes,2,No,No,No,Residential,medium,29510101500
3577,38.55631,-90.25841,Ample,No,2,0,Yes,2,Yes,Yes,1,1,Yes,Yes,1,Yes,Yes,2,No,No,No,Residential,medium,29510101400
3578,38.55758,-90.25854,Ample,No,0,0,Yes,2,Yes,Yes,1,1,No,No,2,Yes,Yes,2,No,No,No,Residential,low,29510101300
357,38.63706,-90.30433,Some,No,2,0,Yes,2,Yes,Yes,1,1,No,No,1,No,Yes,2,No,No,No,Residential,high,29510105198
3580,38.56026,-90.25856,Ample,No,2,0,Yes,2,Yes,Yes,1,1,Yes,No,1,Yes,Yes,2,No,No,No,Commercial,high,29510101300
3581,38.56182,-90.25839,Ample,No,0,0,Yes,2,Yes,Yes,1,0,No,No,1,Yes,Yes,2,No,No,No,Residential,medium,29510101300
3582,38.56275,-90.25835,Ample,No,2,0,No,2,Yes,Yes,1,1,No,No,1,No,Yes,2,No,No,No,Residential,high,29510101400
3583,38.56445,-90.25871,Ample,No,2,0,Yes,2,No,Yes,1,1,No,No,1,No,Yes,2,No,No,No,Residential,high,29510101300
3584,38.56577,-90.25841,Ample,No,2,0,Yes,2,Yes,Yes,1,0,No,No,1,No,Yes,2,No,No,No,Residential,medium,29510101300
3585,38.56699,-90.25851,Ample,No,2,0,Yes,2,Yes,Yes,1,1,No,No,1,No,Yes,2,No,No,No,Residential,medium,29510101300
3586,38.5684,-90.25875,Ample,No,2,0,Yes,2,Yes,Yes,1,0,No,No,1,No,Yes,2,No,No,No,Residential,high,29510101300
3587,38.56974,-90.25863,Ample,No,2,0,Yes,2,No,Yes,0,0,No,No,2,No,Yes,2,No,No,No,Residential,medium,29510101300
3588,38.57088,-90.25878,Ample,No,2,0,Yes,2,Yes,Yes,1,1,Yes,No,1,No,Yes,2,No,No,No,Residential,medium,29510115400
3589,38.57255,-90.25846,Ample,No,2,0,Yes,2,No,Yes,1,1,No,No,1,No,Yes,2,No,No,No,Residential,high,29510115400
358,38.63847,-90.30436,Some,No,2,0,Yes,2,Yes,Yes,1,1,No,No,2,Yes,Yes,2,No,No,No,Residential,medium,29510105198
3590,38.57362,-90.25871,Ample,No,0,0,Yes,2,No,Yes,1,1,No,No,1,No,Yes,2,No,No,No,Residential,medium,29510115400
3591,38.57502,-90.2586,Some,No,2,0,Yes,2,No,Yes,1,1,No,No,1,No,Yes,2,No,No,No,Residential,medium,29510115400
3592,38.5765,-90.25848,Ample,No,2,0,Yes,2,No,Yes,1,0,No,No,1,No,Yes,2,No,No,No,Residential,high,29510115400
3593,38.57789,-90.25838,Ample,No,2,0,Yes,2,Yes,Yes,1,1,No,No,1,No,Yes,2,No,No,No,Residential,medium,29510115300
3594,38.57922,-90.25874,Some,No,2,0,Yes,2,Yes,Yes,1,1,No,No,1,No,Yes,2,No,No,No,Residential,high,29510115300
3595,38.58057,-90.25848,Ample,No,2,0,Yes,2,No,Yes,1,0,No,No,1,No,Yes,2,No,No,No,Residential,medium,29510115300
3596,38.58201,-90.25841,Ample,No,2,0,Yes,2,No,Yes,1,1,No,No,1,No,Yes,2,No,No,No,Residential,high,29510115300
3597,38.5832,-90.25866,Ample,No,0,0,Yes,2,No,Yes,1,0,No,No,1,No,Yes,2,No,No,No,Commercial,high,29510115300
3598,38.58445,-90.25816,Ample,No,0,0,Yes,2,No,Yes,1,1,No,No,1,No,Yes,2,No,No,No,Commercial,low,29510115300
359,38.63956,-90.30444,Ample,No,2,0,Yes,2,Yes,Yes,1,0,No,No,1,No,Yes,2,No,No,No,Residential,medium,29510105198
35,38.59143,-90.31511,No,No,2,0,Yes,2,Yes,Yes,1,1,No,No,2,No,Yes,2,No,No,No,Residential,medium,29510103100
3600,38.58763,-90.259,Ample,No,2,0,Yes,2,Yes,Yes,1,1,No,No,2,No,Yes,2,No,No,No,Commercial,high,29510115300
3601,38.58842,-90.25864,Ample,No,2,0,Yes,2,Yes,Yes,1,1,Yes,Yes,1,No,Yes,2,No,No,No,Commercial,medium,29510116100
3602,38.58993,-90.25854,Ample,No,2,0,Yes,2,Yes,Yes,1,1,Yes,No,2,No,Yes,2,No,No,Yes,Commercial,low,29510115200
3603,38.59125,-90.25855,Ample,No,2,0,Yes,2,Yes,Yes,1,1,No,No,1,No,Yes,2,No,No,No,Residential,high,29510115200
3604,38.5926,-90.25853,Ample,No,2,0,Yes,2,Yes,Yes,1,0,No,No,1,No,Yes,2,No,No,No,Residential,high,29510116100
3605,38.59435,-90.25849,Ample,No,2,0,Yes,2,Yes,Yes,1,1,No,No,1,No,Yes,2,No,No,No,Residential,medium,29510116100
3606,38.59522,-90.25852,Ample,No,2,0,Yes,2,Yes,Yes,1,1,No,No,1,No,Yes,2,No,No,No,Residential,high,29510116100
3607,38.59684,-90.25851,Ample,No,2,0,Yes,2,Yes,Yes,1,1,No,No,1,No,Yes,2,No,No,No,Residential,high,29510116100
3608,38.59806,-90.25878,Ample,No,2,0,Yes,2,Yes,Yes,1,1,No,No,2,No,Yes,2,No,No,No,Residential,high,29510115200
3609,38.59936,-90.25859,Ample,No,2,0,Yes,2,Yes,Yes,1,0,No,No,1,No,Yes,2,No,No,No,Residential,high,29510116200
360,38.64067,-90.3045,Ample,No,2,0,Yes,2,Yes,Yes,1,0,No,No,1,No,Yes,2,No,No,No,Residential,high,29510105198
3610,38.60074,-90.25839,Ample,No,2,0,Yes,2,Yes,Yes,1,0,No,No,1,No,Yes,2,No,No,No,Residential,high,29510116200
3611,38.60225,-90.25847,Ample,No,2,0,Yes,2,Yes,Yes,1,1,No,No,1,No,Yes,2,No,No,No,Residential,high,29510116200
3612,38.60335,-90.2585,Ample,No,2,0,Yes,2,Yes,Yes,1,1,No,No,1,No,Yes,2,No,No,No,Residential,medium,29510116200
3613,38.6048,-90.25882,Ample,No,0,0,Yes,2,Yes,Yes,1,0,Yes,Yes,2,Yes,Yes,2,No,No,No,Residential,high,29510116200
3614,38.60613,-90.25853,Ample,No,2,0,Yes,2,Yes,Yes,1,1,No,No,2,Yes,Yes,2,No,No,No,Residential,high,29510116200
3615,38.60737,-90.25821,Ample,No,0,0,Yes,2,Yes,Yes,1,1,No,No,1,Yes,Yes,2,No,No,No,Residential,high,29510116200
3616,38.60883,-90.25849,Ample,No,0,0,Yes,2,Yes,Yes,1,0,Yes,Yes,1,Yes,Yes,2,No,No,No,Residential,high,29510117100
3617,38.61022,-90.25864,Ample,No,2,0,Yes,2,Yes,Yes,1,0,No,No,2,Yes,Yes,2,No,No,No,Residential,medium,29510117100
3618,38.6114,-90.25856,Ample,No,2,0,Yes,2,Yes,Yes,1,1,No,No,2,Yes,Yes,2,No,No,No,Residential,high,29510117100
3619,38.61282,-90.25854,Ample,No,2,0,Yes,2,Yes,Yes,1,0,No,No,2,Yes,Yes,2,No,Yes,No,Residential,medium,29510117100
361,38.64243,-90.30404,Ample,No,2,0,Yes,2,Yes,Yes,1,0,No,No,1,No,Yes,2,No,No,No,Residential,high,29510105198
3620,38.61419,-90.25846,Ample,No,2,0,Yes,2,Yes,Yes,0,0,No,Yes,2,Yes,Yes,2,No,Yes,No,Residential,high,29510117100
3621,38.61551,-90.25837,Ample,No,2,0,Yes,2,No,Yes,0,0,No,No,1,No,No,2,No,No,No,Commercial,high,29510117100
3622,38.61688,-90.25854,Ample,No,2,0,Yes,2,Yes,Yes,1,1,No,No,1,Yes,Yes,2,No,No,No,Residential,high,29510117100
3623,38.61833,-90.25855,No,No,2,0,No,2,Yes,Yes,1,0,No,No,1,No,Yes,2,No,No,No,Residential,high,29510117100
3624,38.61966,-90.25863,Ample,No,0,0,Yes,2,Yes,Yes,1,1,No,No,1,No,Yes,2,No,No,No,Residential,low,29510118100
3626,38.62231,-90.25861,Some,No,0,0,Yes,2,No,Yes,1,1,No,No,1,No,Yes,2,No,No,No,Commercial,high,29510118100
3627,38.62358,-90.25857,Some,No,2,0,Yes,2,No,Yes,0,0,No,No,1,No,Yes,2,No,No,No,Residential,medium,29510118100
3628,38.62495,-90.25848,Ample,No,0,0,Yes,2,Yes,Yes,1,1,No,No,2,Yes,Yes,2,No,No,No,Residential,high,29510118100
3629,38.6263,-90.25855,Ample,No,2,0,Yes,2,Yes,Yes,0,0,No,No,2,No,Yes,2,No,No,No,Residential,INVALID,29510118100
362,38.5678,-90.30261,No,No,2,0,Yes,2,Yes,Yes,1,1,No,No,1,Yes,Yes,2,No,No,No,Residential,high,
3630,38.62765,-90.25853,Ample,No,2,0,Yes,2,No,Yes,1,1,No,No,1,No,Yes,2,No,No,No,Residential,high,29510118600
3631,38.62906,-90.25852,Ample,No,2,0,Yes,2,Yes,Yes,1,1,No,No,2,Yes,Yes,2,No,No,No,Residential,medium,29510118600
3632,38.63009,-90.25864,Ample,No,2,0,Yes,2,Yes,Yes,1,0,No,No,1,No,Yes,2,No,No,No,Residential,high,29510118600
3633,38.63167,-90.25858,Ample,No,2,0,No,2,Yes,Yes,1,1,No,No,1,No,Yes,2,No,No,No,Commercial,INVALID,29510118600
3634,38.63299,-90.25858,Ample,No,2,0,Yes,2,Yes,Yes,1,1,No,No,1,No,Yes,2,No,No,No,Commercial,high,29510118600
3635,38.63422,-90.25851,Ample,No,2,0,Yes,2,Yes,Yes,1,1,No,No,2,No,Yes,2,No,No,No,Commercial,low,29510118600
3636,38.63541,-90.25865,Ample,No,2,0,Yes,2,Yes,Yes,1,0,No,No,2,No,Yes,2,No,No,No,Commercial,low,29510118600
3637,38.63703,-90.2584,Ample,No,2,0,No,2,Yes,Yes,1,1,No,No,1,No,Yes,2,No,No,No,Commercial,high,29510119101
3638,38.63829,-90.25863,Ample,No,2,0,No,2,Yes,Yes,1,1,No,No,1,No,Yes,2,No,No,Yes,Commercial,high,29510119101
3639,38.63961,-90.25843,Ample,No,2,0,Yes,2,Yes,Yes,1,1,No,No,2,No,Yes,2,No,No,No,Residential,high,29510119101
363,38.5695,-90.3033,Ample,No,0,0,Yes,2,Yes,Yes,1,0,No,No,1,Yes,Yes,2,No,No,No,Residential,high,29510102100
3640,38.64107,-90.25852,Ample,No,2,0,Yes,2,Yes,Yes,1,1,Yes,Yes,1,Yes,Yes,2,No,No,No,Residential,high,29510119102
3641,38.64257,-90.25845,Ample,No,2,0,Yes,2,Yes,Yes,1,1,No,No,1,No,Yes,2,No,No,No,Residential,high,29510112400
3642,38.64411,-90.25845,Ample,No,2,0,Yes,2,Yes,Yes,1,1,No,No,1,No,Yes,2,No,No,No,Residential,high,29510112400
3643,38.64488,-90.25862,Some,No,2,0,Yes,2,No,Yes,1,1,No,No,1,No,Yes,2,No,No,No,Residential,high,29510112400
3644,38.64667,-90.25848,Some,No,2,0,Yes,2,No,Yes,1,1,No,No,1,No,Yes,2,No,No,No,Residential,medium,29510112400
3645,38.64796,-90.25852,Some,No,2,0,Yes,2,No,Yes,1,1,No,No,1,No,Yes,2,No,No,No,Residential,high,29510112400
3646,38.64914,-90.25856,Some,No,0,0,Yes,2,Yes,Yes,1,1,No,No,1,No,Yes,2,No,No,No,Residential,high,29510112400
3647,38.65065,-90.25855,No,No,2,0,Yes,2,No,Yes,1,1,No,No,1,No,Yes,2,No,No,No,Residential,high,29510112400
3648,38.65219,-90.25844,Ample,Yes,0,0,Yes,2,Yes,Yes,1,1,No,No,1,No,Yes,2,No,No,No,Residential,high,29510112300
3649,38.65328,-90.25869,Ample,No,0,0,Yes,2,Yes,Yes,1,1,No,No,1,No,Yes,2,No,No,No,Residential,high,29510112300
364,38.57111,-90.30296,Ample,No,2,0,Yes,2,Yes,Yes,1,1,No,No,1,Yes,Yes,2,No,Yes,No,Residential,high,29510102100
3650,38.65457,-90.25847,Ample,No,2,0,Yes,2,Yes,Yes,1,1,No,No,1,No,Yes,2,No,No,Yes,Residential,high,29510112300
3651,38.656,-90.25823,Ample,No,2,0,Yes,2,Yes,Yes,1,1,No,No,1,No,Yes,2,No,No,No,Residential,high,29510112300
3652,38.65728,-90.25876,No,No,0,0,Yes,2,No,Yes,0,0,No,No,1,No,Yes,2,No,No,No,Residential,medium,29510112300
3653,38.65862,-90.25853,Ample,No,0,0,Yes,2,No,Yes,0,0,No,No,1,No,Yes,2,No,No,No,Residential,high,29510112300
3654,38.66021,-90.25848,Ample,No,0,0,No,2,No,Yes,0,0,No,No,1,No,Yes,2,No,No,No,Residential,high,29510106600
3655,38.66135,-90.25846,Ample,No,1,0,Yes,2,Yes,Yes,1,1,No,No,1,No,Yes,2,No,No,No,Residential,medium,29510106600
3656,38.66258,-90.25862,Ample,No,0,0,Yes,2,No,Yes,1,1,No,No,1,No,Yes,2,No,No,No,Residential,low,29510106700
3657,38.66397,-90.25863,Ample,No,2,0,Yes,2,Yes,Yes,1,1,Yes,No,1,No,Yes,2,No,No,No,Residential,medium,29510106700
3658,38.66508,-90.2587,Ample,No,2,0,Yes,2,Yes,Yes,1,1,No,No,1,No,Yes,2,No,No,No,Residential,medium,29510106700
3659,38.66673,-90.25856,Ample,No,2,0,Yes,2,No,Yes,1,1,No,No,1,No,Yes,2,No,No,No,Residential,high,29510106700
3660,38.66829,-90.25833,Ample,No,2,0,Yes,2,Yes,Yes,1,1,No,No,1,No,Yes,2,No,No,Yes,Residential,medium,29510106500
3661,38.66949,-90.25845,Ample,No,2,0,Yes,2,Yes,Yes,1,1,No,No,1,No,Yes,2,No,No,No,Residential,high,29510106500
3662,38.67083,-90.25854,Ample,No,2,0,Yes,2,Yes,Yes,1,1,No,No,1,No,Yes,2,No,No,Yes,Residential,high,29510106400
3663,38.67209,-90.25832,Ample,No,0,0,No,2,No,Yes,0,0,No,No,1,No,Yes,2,No,No,No,Residential,high,29510106400
3664,38.67384,-90.25829,Ample,No,2,0,Yes,2,Yes,Yes,1,1,No,No,1,No,Yes,2,No,No,No,Residential,high,29510106400
3665,38.67463,-90.25849,Ample,No,2,0,Yes,2,Yes,Yes,1,1,No,No,1,No,Yes,2,No,No,No,Residential,high,29510106400
3666,38.67623,-90.25853,Ample,No,2,0,Yes,2,No,Yes,1,1,No,No,1,No,Yes,2,No,No,No,Residential,medium,29510106400
3667,38.67762,-90.25868,Ample,No,2,0,Yes,2,Yes,Yes,1,1,No,No,2,No,Yes,2,No,No,No,Residential,high,29510106400
3668,38.6789,-90.25851,Ample,No,2,0,Yes,2,Yes,Yes,1,0,Yes,No,1,No,Yes,2,No,No,No,Commercial,high,29510106400
3674,38.68694,-90.2585,Ample,No,0,0,Yes,2,Yes,Yes,1,1,No,No,2,No,Yes,2,No,No,No,Commercial,INVALID,29510126900
3676,38.68994,-90.259,Ample,No,2,0,Yes,2,Yes,Yes,1,1,No,No,1,No,Yes,2,No,No,No,Commercial,medium,29510126900
3677,38.6909,-90.2583,Ample,No,2,0,Yes,2,Yes,Yes,1,0,No,No,1,No,Yes,2,No,No,No,Commercial,high,29510126900
3678,38.69233,-90.25858,Ample,No,2,0,Yes,2,Yes,Yes,1,1,No,No,2,No,Yes,2,No,No,No,Residential,high,29510107400
3679,38.69365,-90.25846,No,Yes,2,0,Yes,2,No,Yes,1,0,No,No,1,No,Yes,2,No,No,No,Residential,high,29510107400
367,38.57522,-90.30266,Ample,No,2,0,Yes,2,Yes,Yes,1,1,No,No,1,No,Yes,2,No,No,No,Residential,high,29510102200
3680,38.69487,-90.25838,Some,No,2,0,Yes,2,No,Yes,1,1,No,No,1,No,Yes,2,No,No,No,Residential,high,29510107400
3681,38.69625,-90.25861,Ample,No,2,0,Yes,2,Yes,Yes,1,1,No,No,1,No,Yes,2,No,No,No,Residential,high,29510107200
3682,38.69775,-90.25852,Ample,No,0,0,No,2,No,Yes,0,0,No,No,1,No,Yes,2,No,No,No,Residential,medium,29510107200
3683,38.69925,-90.25834,Ample,No,2,0,Yes,2,No,Yes,1,1,No,No,2,Yes,Yes,2,No,No,No,Residential,high,29510107200
3684,38.70034,-90.25856,Ample,No,2,0,Yes,2,Yes,Yes,1,1,No,No,1,Yes,Yes,2,No,No,No,Residential,high,29510107300
3685,38.70185,-90.25849,Ample,No,2,0,Yes,2,No,Yes,1,0,No,No,1,No,Yes,2,No,No,No,Residential,high,29510107300
3686,38.70315,-90.2586,Ample,No,2,0,Yes,2,Yes,Yes,1,1,No,Yes,1,No,Yes,2,No,No,No,Residential,high,29510107300
3687,38.70447,-90.25859,Ample,No,2,0,Yes,2,Yes,Yes,1,1,No,No,2,No,Yes,2,No,No,No,Residential,high,29510107300
3688,38.70603,-90.25834,Ample,No,2,0,Yes,2,Yes,Yes,1,1,No,No,2,No,Yes,2,No,No,Yes,Residential,high,29510107300
3689,38.70732,-90.25921,Ample,No,0,0,Yes,2,Yes,Yes,1,1,No,No,1,No,Yes,2,No,No,No,Residential,high,29510107300
368,38.57637,-90.3031,Ample,No,2,0,Yes,2,Yes,Yes,1,1,No,No,1,No,Yes,2,No,No,No,Residential,high,29510102200
3690,38.70851,-90.25861,No,No,2,0,Yes,2,No,Yes,1,1,No,No,1,No,Yes,2,No,No,No,Residential,high,29510107300
3691,38.70991,-90.25859,Ample,No,2,0,Yes,2,Yes,Yes,1,0,No,No,1,No,Yes,2,No,No,Yes,Residential,medium,29510107300
369,38.5776,-90.30377,Ample,No,2,0,Yes,2,Yes,Yes,1,0,Yes,No,1,Yes,Yes,2,No,No,No,Residential,high,29510102200
36,38.59281,-90.3151,Ample,No,2,0,Yes,2,Yes,Yes,1,1,No,No,1,No,Yes,2,No,No,No,Residential,medium,29510103100
3700,38.54433,-90.25702,Ample,No,2,0,Yes,2,No,Yes,1,1,No,No,1,No,Yes,2,No,No,No,Commercial,INVALID,29510101800
3701,38.54557,-90.25702,Ample,No,2,0,Yes,2,No,Yes,1,1,No,No,1,No,Yes,2,No,No,No,Residential,high,29510101800
3702,38.5469,-90.2571,Ample,No,2,0,Yes,2,No,Yes,1,1,No,No,1,No,Yes,2,No,No,No,Residential,INVALID,29510101800
3703,38.5482,-90.25713,Ample,No,2,0,Yes,2,Yes,Yes,1,0,Yes,No,1,No,Yes,2,No,No,Yes,Commercial,high,29510101800
3704,38.54952,-90.25721,Ample,No,2,0,Yes,2,Yes,Yes,1,1,No,No,1,No,Yes,2,No,No,No,Residential,high,29510101800
3705,38.55082,-90.25727,Ample,No,2,0,Yes,2,Yes,Yes,1,1,Yes,No,1,No,Yes,2,No,No,No,Residential,medium,29510101800
3706,38.55208,-90.25728,Ample,No,2,0,Yes,2,Yes,Yes,1,0,No,No,1,No,Yes,2,No,No,No,Residential,high,29510101800
3707,38.55344,-90.25698,Some,No,2,0,Yes,2,No,Yes,1,1,No,No,1,No,Yes,2,No,No,No,Residential,high,29510101800
3708,38.55507,-90.25738,Ample,No,2,0,Yes,2,Yes,Yes,1,1,No,No,1,Yes,Yes,2,No,Yes,No,Residential,high,29510101500
3709,38.55632,-90.25738,Ample,No,2,0,Yes,2,Yes,Yes,1,1,No,No,2,No,Yes,2,No,No,No,Residential,medium,29510101400
370,38.57909,-90.30307,Ample,No,2,0,Yes,2,Yes,Yes,1,0,No,No,1,No,Yes,2,No,No,No,Residential,high,29510102200
3710,38.55768,-90.25723,Ample,No,2,0,Yes,2,No,Yes,1,1,No,No,1,No,Yes,2,No,No,No,Residential,high,29510101400
3711,38.55895,-90.25715,Ample,No,0,0,Yes,2,Yes,Yes,1,1,No,No,1,No,Yes,2,No,No,No,Residential,high,29510101300
3712,38.56065,-90.25687,Ample,No,2,0,Yes,2,Yes,Yes,1,1,No,No,1,Yes,Yes,2,No,No,No,Residential,high,29510101300
3713,38.56179,-90.25742,Ample,No,2,0,Yes,2,Yes,Yes,1,0,No,No,1,No,Yes,2,No,No,Yes,Residential,medium,29510101400
3714,38.56287,-90.25726,Ample,No,2,0,Yes,2,Yes,Yes,1,1,No,Yes,1,No,Yes,2,No,No,No,Residential,INVALID,29510101400
3715,38.56415,-90.2568,Ample,No,2,0,Yes,2,Yes,Yes,1,0,No,No,1,No,Yes,2,No,No,No,Residential,medium,29510101400
3716,38.56556,-90.25697,Ample,No,2,0,Yes,2,Yes,Yes,1,1,No,No,1,No,Yes,2,No,No,No,Residential,medium,29510101300
3717,38.5673,-90.25695,Ample,No,2,0,Yes,2,Yes,Yes,1,0,No,No,1,No,Yes,2,No,No,No,Residential,medium,29510101300
3718,38.56858,-90.25702,Ample,No,2,0,Yes,2,Yes,Yes,1,1,No,No,2,No,Yes,2,No,Yes,Yes,Residential,medium,29510101300
3719,38.56954,-90.25739,Some,No,2,0,Yes,2,No,Yes,1,1,No,No,1,No,Yes,2,No,No,No,Residential,low,29510101300
371,38.58014,-90.30361,Ample,No,2,0,Yes,2,Yes,Yes,1,1,No,No,1,No,Yes,2,No,No,No,Residential,high,29510102200
3720,38.57092,-90.25697,Ample,No,2,0,Yes,2,Yes,Yes,1,1,No,No,1,No,Yes,2,No,No,No,Residential,medium,29510115400
3721,38.57271,-90.25695,Ample,Yes,2,0,Yes,2,Yes,Yes,1,1,No,No,1,No,Yes,2,No,No,No,Commercial,high,29510115400
3722,38.5741,-90.25686,Ample,No,2,0,Yes,2,Yes,Yes,1,1,No,No,1,No,Yes,2,No,No,No,Commercial,high,29510115400
3723,38.57578,-90.25607,Ample,Yes,0,0,Yes,2,Yes,Yes,1,1,No,Yes,1,No,Yes,2,No,No,No,Commercial,high,29510115400
3724,38.57639,-90.25724,Ample,No,0,0,Yes,2,No,Yes,1,1,No,No,1,No,Yes,2,No,No,No,Residential,high,29510115300
3725,38.57774,-90.25728,Ample,No,2,0,Yes,2,No,Yes,1,0,No,No,1,No,Yes,2,No,No,No,Residential,high,29510115300
3726,38.57926,-90.25747,Ample,No,2,0,Yes,2,Yes,Yes,1,1,No,No,1,No,Yes,2,No,No,No,Residential,medium,29510115300
3727,38.58054,-90.25763,Ample,No,2,0,Yes,2,Yes,Yes,1,1,No,No,1,No,Yes,2,No,No,No,Residential,high,29510115300
372,38.58238,-90.30299,Ample,No,2,0,Yes,2,Yes,Yes,1,0,No,No,1,Yes,Yes,2,No,No,No,Residential,medium,29510114102
3730,38.58467,-90.25797,Ample,No,0,0,Yes,2,No,Yes,1,1,No,No,2,No,Yes,2,No,No,No,Commercial,high,29510115300
3731,38.5858,-90.25727,Ample,No,2,0,Yes,2,Yes,Yes,1,1,No,No,1,No,Yes,2,No,No,No,Residential,high,29510115300
3732,38.58722,-90.25723,Ample,No,2,0,Yes,2,Yes,Yes,1,1,No,No,1,No,Yes,2,No,No,No,Residential,medium,29510115300
3733,38.58866,-90.25712,Ample,No,2,0,Yes,2,Yes,Yes,1,0,No,No,1,No,Yes,2,No,No,No,Residential,INVALID,29510116100
3734,38.5899,-90.25724,Ample,No,2,0,Yes,2,Yes,Yes,1,1,Yes,No,1,No,Yes,2,No,No,No,Residential,low,29510116100
3735,38.59124,-90.25703,Ample,No,2,0,Yes,2,Yes,Yes,1,1,No,No,1,No,Yes,2,No,No,No,Residential,high,29510116100
3736,38.59246,-90.25723,Ample,No,2,0,Yes,2,Yes,Yes,1,0,No,No,1,No,Yes,2,No,No,No,Residential,high,29510116100
3737,38.59421,-90.25714,Ample,No,2,0,Yes,2,Yes,Yes,1,1,No,No,1,No,Yes,2,No,No,No,Residential,high,29510116100
3738,38.59509,-90.25724,Ample,No,2,0,Yes,2,Yes,Yes,1,1,No,No,1,No,Yes,2,No,No,No,Residential,high,29510116100
3739,38.59669,-90.25714,Ample,No,2,0,Yes,2,Yes,Yes,1,1,No,No,1,No,Yes,2,No,No,No,Residential,high,29510116100
3740,38.59761,-90.25726,Ample,No,2,0,Yes,2,Yes,Yes,1,1,No,No,1,No,Yes,2,No,No,No,Residential,high,29510116200
3741,38.59944,-90.25712,Ample,No,2,0,Yes,2,Yes,Yes,1,1,No,No,1,No,Yes,2,No,No,No,Residential,high,29510116200
3742,38.60035,-90.25722,Ample,No,2,0,Yes,2,Yes,Yes,1,0,No,No,1,No,Yes,2,No,No,No,Residential,high,29510116200
3743,38.60213,-90.25723,Ample,No,2,0,Yes,2,Yes,Yes,1,1,No,No,1,No,Yes,2,No,No,No,Residential,medium,29510116200
3744,38.60323,-90.25722,Ample,No,2,0,Yes,2,Yes,Yes,1,0,No,No,1,No,Yes,2,No,No,No,Residential,medium,29510116200
3746,38.60612,-90.25697,Ample,No,0,0,No,1,No,Yes,0,0,No,No,1,Yes,Yes,2,No,No,No,Residential,high,29510116200
3747,38.60767,-90.25688,Ample,No,2,0,Yes,2,No,Yes,1,0,No,Yes,1,Yes,Yes,2,No,Yes,Yes,Residential,high,29510116200
3748,38.60871,-90.2572,Ample,No,2,0,Yes,2,Yes,Yes,1,0,No,No,1,Yes,Yes,2,No,No,No,Residential,high,29510117200
3749,38.61026,-90.25718,Ample,No,2,0,Yes,2,Yes,Yes,1,1,No,No,1,No,Yes,2,No,No,No,Residential,high,29510117200
374,38.58436,-90.30344,Ample,No,0,0,No,0,No,Yes,0,0,No,No,1,Yes,No,2,No,No,No,Residential,high,29510114102
3750,38.61155,-90.25738,Ample,No,2,0,Yes,2,Yes,Yes,1,1,No,No,1,No,Yes,2,No,No,No,Residential,medium,29510117100
3751,38.61281,-90.25714,Ample,No,2,0,Yes,2,Yes,Yes,1,0,No,No,1,Yes,Yes,2,No,No,No,Residential,medium,29510117100
3752,38.61419,-90.25724,Ample,No,2,0,Yes,2,Yes,Yes,1,1,No,No,2,Yes,Yes,2,No,No,No,Residential,high,29510117100
3753,38.61518,-90.25708,No,No,2,0,Yes,2,Yes,Yes,1,0,No,No,2,No,Yes,2,No,No,No,Residential,medium,29510117100
3754,38.61676,-90.25716,Ample,No,2,0,Yes,2,Yes,Yes,1,0,No,No,1,No,Yes,2,No,No,No,Residential,high,29510117100
3755,38.6182,-90.25717,Ample,No,0,0,Yes,2,Yes,Yes,1,0,No,No,2,No,Yes,2,No,No,No,Residential,high,29510117100
3756,38.61971,-90.25711,Ample,No,2,0,Yes,2,Yes,Yes,1,1,No,No,1,No,Yes,2,No,No,No,Residential,high,29510118100
3757,38.6209,-90.2572,Ample,No,0,0,Yes,2,No,Yes,1,1,No,Yes,2,No,Yes,2,No,No,No,Commercial,low,29510118100
3759,38.62377,-90.25723,Ample,No,2,0,Yes,2,No,Yes,0,0,No,No,1,No,Yes,2,No,No,No,Residential,INVALID,29510118100
3760,38.62512,-90.25725,Ample,No,2,0,Yes,2,Yes,Yes,1,1,No,No,1,No,Yes,2,No,No,No,Residential,medium,29510118100
3761,38.62648,-90.2572,Ample,No,2,0,Yes,2,Yes,Yes,1,1,No,No,1,No,Yes,2,No,No,No,Residential,high,29510118100
3762,38.62782,-90.25707,Ample,No,2,0,Yes,2,Yes,Yes,1,1,No,No,1,No,Yes,2,No,No,No,Residential,medium,29510118600
3763,38.62877,-90.25721,Ample,No,2,0,Yes,2,Yes,Yes,1,1,No,No,1,No,Yes,2,No,No,No,Residential,high,29510118600
3764,38.63031,-90.25723,Ample,No,0,0,Yes,2,No,Yes,1,1,No,No,1,Yes,Yes,2,No,No,No,Residential,high,29510118600
3765,38.63163,-90.25717,Ample,No,0,0,Yes,2,Yes,Yes,1,0,No,No,2,No,Yes,2,No,No,No,Commercial,high,29510118600
3766,38.63297,-90.25723,Ample,No,2,0,Yes,2,Yes,Yes,1,1,Yes,Yes,1,No,Yes,2,No,Yes,No,Commercial,high,29510118600
3767,38.634,-90.25733,Ample,No,2,0,Yes,2,Yes,Yes,1,1,No,No,2,No,Yes,2,No,No,No,Commercial,INVALID,29510118600
3768,38.63569,-90.25685,Ample,No,2,0,Yes,2,Yes,Yes,1,1,No,No,2,Yes,Yes,2,No,No,No,Commercial,high,29510118600
3769,38.63736,-90.25738,Ample,No,2,0,No,1,No,Yes,0,0,No,No,0,No,No,2,No,Yes,No,Commercial,low,29510119101
3770,38.63865,-90.25716,No,No,2,0,Yes,2,Yes,Yes,1,1,No,No,1,No,Yes,2,No,No,No,Residential,low,29510119101
3771,38.64003,-90.2571,Some,No,2,0,Yes,2,Yes,Yes,1,0,No,No,1,No,Yes,2,No,No,No,Residential,high,29510119101
3772,38.64083,-90.2573,Ample,No,2,1,Yes,2,Yes,Yes,1,1,No,No,1,No,Yes,2,No,No,Yes,Residential,high,29510119102
3773,38.64233,-90.25725,Ample,No,2,0,Yes,2,Yes,Yes,1,1,No,Yes,1,Yes,Yes,2,No,No,No,Residential,medium,29510119102
3774,38.64384,-90.25717,Ample,No,2,0,Yes,2,Yes,Yes,1,0,Yes,No,1,No,Yes,2,No,No,No,Residential,high,29510119102
3775,38.64515,-90.25704,Ample,No,2,0,Yes,2,Yes,Yes,1,1,Yes,Yes,1,No,Yes,2,No,No,Yes,Residential,medium,29510112400
3776,38.6467,-90.25701,Ample,No,2,0,Yes,2,Yes,Yes,1,1,No,No,1,No,Yes,2,No,No,No,Residential,high,29510112400
3777,38.64795,-90.25712,Ample,No,2,0,Yes,2,Yes,Yes,1,1,No,No,1,No,Yes,2,No,No,No,Residential,medium,29510112400
3778,38.64916,-90.25721,Ample,No,2,0,Yes,2,Yes,Yes,1,1,Yes,Yes,1,Yes,Yes,2,No,No,No,Residential,medium,29510112400
3779,38.6505,-90.25715,Some,No,2,0,Yes,2,No,Yes,0,0,No,No,1,Yes,Yes,2,No,No,No,Residential,low,29510112400
377,38.58879,-90.30293,Ample,No,2,0,Yes,2,Yes,Yes,1,0,No,No,1,No,Yes,2,No,No,No,Residential,medium,29510114102
3780,38.65207,-90.25713,Ample,No,2,0,Yes,2,Yes,Yes,1,1,No,No,1,No,Yes,2,No,No,No,Residential,medium,29510112300
3781,38.65323,-90.25723,Ample,No,2,0,Yes,2,Yes,Yes,1,1,No,No,1,No,Yes,2,No,No,No,Residential,medium,29510112300
3782,38.65457,-90.25701,Ample,No,2,0,Yes,2,Yes,Yes,1,0,No,No,1,No,Yes,2,No,No,No,Residential,high,29510112300
3783,38.65591,-90.25719,Some,Yes,2,0,No,2,No,Yes,1,1,No,No,1,No,Yes,2,No,No,No,Residential,INVALID,29510112300
3784,38.65727,-90.25728,No,No,0,0,Yes,2,No,Yes,0,0,No,No,1,No,Yes,2,No,No,No,Residential,high,29510112300
3785,38.65862,-90.25705,Some,No,2,0,Yes,2,No,Yes,0,0,No,No,1,No,Yes,2,No,No,No,Residential,high,29510112300
3786,38.66,-90.25754,Ample,No,2,0,Yes,2,No,Yes,1,1,Yes,No,1,Yes,Yes,2,No,No,No,Residential,medium,29510106600
3787,38.66137,-90.25731,Ample,No,2,0,Yes,2,Yes,Yes,1,1,Yes,No,1,No,Yes,2,No,No,No,Residential,high,29510106600
3788,38.6626,-90.25723,Some,No,0,0,Yes,2,No,Yes,1,1,No,No,1,No,Yes,2,No,No,No,Residential,high,29510106700
3789,38.66403,-90.25718,Ample,No,2,0,Yes,2,Yes,Yes,1,1,No,No,1,No,Yes,2,No,No,No,Residential,high,29510106700
378,38.58974,-90.30299,Ample,No,2,0,Yes,2,Yes,Yes,1,0,No,No,1,No,Yes,2,No,No,No,Residential,medium,29510114102
3790,38.66555,-90.25713,Ample,No,2,0,Yes,2,Yes,Yes,1,1,No,No,1,No,Yes,2,No,No,No,Residential,medium,29510106700
3791,38.6667,-90.25718,Ample,No,2,0,Yes,2,No,Yes,1,1,No,No,1,No,Yes,2,No,No,No,Residential,high,29510106700
3792,38.6683,-90.25705,Some,No,2,0,Yes,2,No,Yes,1,1,No,No,2,Yes,Yes,2,No,No,No,Residential,medium,29510106700
3793,38.66934,-90.257,Ample,No,2,0,Yes,2,Yes,Yes,1,1,No,No,1,No,Yes,2,No,No,No,Residential,high,29510106500
3794,38.67077,-90.25705,Some,No,2,0,No,2,No,Yes,1,1,No,No,1,No,Yes,2,No,No,Yes,Residential,INVALID,29510106400
3795,38.67225,-90.25713,Ample,No,2,0,Yes,2,Yes,Yes,1,0,No,Yes,1,No,Yes,2,No,No,Yes,Residential,medium,29510106400
3796,38.67336,-90.2572,Ample,No,2,0,Yes,2,Yes,Yes,1,1,No,No,1,No,Yes,2,No,No,No,Residential,high,29510106400
3797,38.67511,-90.25703,Some,No,2,0,Yes,2,Yes,Yes,0,0,No,No,2,Yes,Yes,2,No,No,No,Residential,INVALID,29510106400
3798,38.67614,-90.25717,No,No,2,0,Yes,2,Yes,Yes,1,1,No,No,1,No,Yes,2,No,No,No,Residential,INVALID,29510106400
3799,38.67759,-90.25711,Ample,No,2,0,Yes,2,Yes,Yes,1,1,No,No,1,Yes,Yes,2,No,No,No,Residential,medium,29510106400
379,38.5913,-90.30313,Ample,No,2,0,Yes,2,Yes,Yes,1,1,No,No,1,No,Yes,2,No,Yes,No,Commercial,high,29510114102
37,38.59371,-90.31519,Ample,No,2,0,Yes,2,Yes,Yes,1,1,No,No,1,No,Yes,2,No,No,No,Residential,medium,29510103800
3800,38.67877,-90.25726,Ample,No,2,0,Yes,2,Yes,Yes,1,0,No,No,1,Yes,Yes,2,No,No,No,Commercial,INVALID,29510126900
3801,38.68035,-90.2575,Ample,No,2,0,Yes,2,Yes,Yes,1,1,No,No,1,No,Yes,2,No,Yes,No,Commercial,INVALID,29510126900
3802,38.68138,-90.25677,Ample,No,2,0,Yes,2,Yes,Yes,1,1,Yes,No,1,Yes,Yes,2,No,No,No,Commercial,medium,29510126900
3806,38.68719,-90.25832,Ample,No,2,0,Yes,2,Yes,Yes,1,1,No,No,2,No,Yes,2,No,No,No,Commercial,high,29510126900
3807,38.68838,-90.25749,Ample,No,2,0,Yes,2,Yes,Yes,1,1,No,No,2,No,Yes,2,No,No,No,Commercial,INVALID,29510126900
3808,38.68942,-90.25676,Ample,No,0,0,Yes,2,Yes,Yes,1,1,No,No,2,No,Yes,2,No,No,No,Residential,medium,29510126900
3809,38.69102,-90.25715,Ample,No,2,0,No,2,Yes,Yes,1,0,No,No,1,No,Yes,2,No,No,No,Residential,high,29510126900
380,38.59246,-90.30304,Ample,No,2,0,Yes,2,Yes,Yes,1,1,Yes,No,1,Yes,Yes,2,No,No,Yes,Residential,medium,29510103800
3810,38.69219,-90.25708,Ample,No,0,0,Yes,2,No,Yes,1,0,No,No,1,No,Yes,2,No,No,No,Residential,high,29510107400
3811,38.69375,-90.2572,Ample,No,2,0,Yes,2,No,Yes,1,1,No,No,1,No,Yes,2,No,No,No,Residential,high,29510107400
3812,38.69496,-90.25715,Ample,No,2,0,Yes,2,Yes,Yes,1,1,No,No,1,No,Yes,2,No,No,No,Residential,medium,29510107400
3813,38.69655,-90.25701,Ample,No,2,0,Yes,2,Yes,Yes,1,0,No,No,1,No,Yes,2,No,No,Yes,Residential,medium,29510107200
3814,38.69767,-90.25718,Ample,No,2,0,Yes,2,Yes,Yes,1,0,No,No,1,No,Yes,2,No,No,No,Residential,medium,29510107200
3815,38.69883,-90.2574,Ample,No,2,0,Yes,2,Yes,Yes,1,1,No,No,1,Yes,Yes,2,No,No,No,Residential,medium,29510107200
3816,38.7006,-90.25729,Ample,No,2,0,Yes,2,Yes,Yes,1,1,No,Yes,1,Yes,Yes,2,No,No,No,Residential,high,29510107200
3817,38.70177,-90.25715,Ample,No,2,0,Yes,2,Yes,Yes,1,1,No,No,1,No,Yes,2,No,No,No,Residential,medium,29510107300
3818,38.70288,-90.25736,Ample,No,2,0,Yes,2,Yes,Yes,1,1,No,No,1,No,Yes,2,No,No,No,Residential,medium,29510107300
3819,38.70465,-90.25753,Ample,No,2,0,Yes,2,Yes,Yes,1,1,No,No,1,No,Yes,2,No,No,No,Residential,high,29510107300
381,38.59378,-90.30305,No,No,2,0,Yes,2,Yes,Yes,0,0,No,No,1,No,Yes,2,No,No,No,Residential,INVALID,29510103800
3820,38.70557,-90.25731,Ample,No,2,0,Yes,2,Yes,Yes,1,1,No,No,2,No,Yes,2,No,No,No,Residential,high,29510107300
3821,38.70726,-90.25713,Ample,No,2,0,Yes,2,Yes,Yes,1,0,Yes,No,1,No,Yes,2,No,No,No,Residential,high,29510107300
3822,38.70849,-90.25715,Ample,No,2,0,Yes,2,Yes,Yes,1,1,No,No,1,No,Yes,2,No,No,No,Residential,high,29510107300
3823,38.7099,-90.25733,Ample,No,2,0,Yes,2,Yes,Yes,1,1,No,No,1,No,Yes,2,No,No,No,Residential,high,29510107300
3824,38.71115,-90.2571,No,Yes,2,0,Yes,2,No,Yes,0,0,No,No,1,No,Yes,2,No,No,No,Residential,high,29510107300
382,38.59511,-90.30299,Ample,No,2,0,Yes,2,Yes,Yes,1,1,No,Yes,1,No,Yes,2,No,No,Yes,Residential,high,29510103800
3831,38.54377,-90.2562,Some,Yes,0,0,Yes,2,No,Yes,1,1,No,No,1,No,Yes,2,No,No,No,Commercial,low,29510101800
3832,38.54579,-90.25545,Some,No,2,0,Yes,2,No,Yes,1,1,No,No,1,No,Yes,2,No,No,No,Commercial,low,29510101800
3834,38.54876,-90.25608,Ample,No,0,0,Yes,2,No,Yes,1,0,No,No,1,No,Yes,2,No,No,No,Commercial,high,29510101800
3835,38.54943,-90.25565,Ample,No,2,0,Yes,2,Yes,Yes,1,0,No,No,1,No,Yes,2,No,No,No,Commercial,medium,29510101800
3836,38.55082,-90.25578,Ample,No,2,0,Yes,2,Yes,Yes,1,1,No,No,1,Yes,Yes,2,No,Yes,No,Residential,high,29510101800
3837,38.55224,-90.25584,Ample,No,2,0,Yes,2,No,Yes,1,1,No,No,1,No,Yes,2,No,No,No,Residential,high,29510101800
3838,38.55361,-90.25576,Ample,No,2,0,Yes,2,Yes,Yes,1,1,Yes,No,1,No,Yes,2,No,No,Yes,Residential,medium,29510101800
3839,38.55491,-90.25579,Ample,No,2,0,Yes,2,Yes,Yes,1,1,Yes,No,1,No,Yes,2,No,No,No,Residential,high,29510101800
383,38.59686,-90.30293,Ample,No,2,0,Yes,2,Yes,Yes,1,0,No,No,1,No,Yes,2,No,No,No,Residential,medium,29510103800
3840,38.55632,-90.25598,Ample,No,2,0,Yes,2,Yes,Yes,1,1,No,No,1,No,Yes,2,No,No,No,Residential,medium,29510101400
3841,38.55765,-90.25585,Ample,No,2,0,Yes,2,Yes,Yes,1,1,No,No,1,No,Yes,2,No,No,Yes,Residential,medium,29510101400
3842,38.55891,-90.25585,Ample,No,2,0,Yes,2,No,Yes,1,1,Yes,No,1,No,Yes,2,No,No,No,Residential,medium,29510101400
3843,38.56043,-90.25592,Ample,No,0,0,Yes,2,No,Yes,1,1,Yes,Yes,1,Yes,Yes,2,No,No,No,Residential,high,29510101300
3844,38.56174,-90.25607,Ample,No,2,0,Yes,2,Yes,Yes,1,1,No,No,1,No,Yes,2,No,No,Yes,Residential,high,29510101400
3845,38.56295,-90.25575,Some,No,2,0,Yes,2,No,Yes,1,0,No,No,1,No,Yes,2,No,No,No,Residential,INVALID,29510101400
3846,38.56456,-90.25568,No,No,2,0,Yes,2,Yes,Yes,1,1,No,No,1,No,Yes,2,No,No,No,Residential,medium,29510101400
3847,38.56564,-90.25587,Ample,No,2,0,Yes,2,Yes,Yes,1,1,No,No,1,No,Yes,2,No,No,No,Residential,medium,29510101400
3848,38.567,-90.25573,Ample,No,2,0,Yes,2,Yes,Yes,1,0,No,No,1,No,Yes,2,No,No,Yes,Residential,medium,29510101300
3849,38.56821,-90.25602,Ample,No,2,0,Yes,2,Yes,Yes,1,1,No,No,1,Yes,Yes,2,No,No,No,Residential,high,29510101300
384,38.59826,-90.30301,No,No,2,0,Yes,2,Yes,Yes,0,0,No,No,1,No,Yes,2,No,No,No,Residential,high,29510103800
3850,38.56942,-90.25603,Ample,No,2,0,Yes,2,Yes,Yes,1,1,No,No,1,No,Yes,2,No,No,No,Residential,medium,29510115400
3851,38.57113,-90.25581,Ample,No,2,0,Yes,2,Yes,Yes,1,1,No,No,1,No,Yes,2,No,No,No,Residential,high,29510115400
3852,38.57237,-90.25574,Ample,No,2,0,Yes,2,Yes,Yes,1,1,No,No,1,No,Yes,2,No,No,No,Residential,medium,29510115400
3853,38.57372,-90.25594,Ample,No,2,0,Yes,2,Yes,Yes,1,1,No,No,1,No,Yes,2,No,No,No,Commercial,medium,29510115400
3854,38.57496,-90.25508,Ample,No,2,0,Yes,2,Yes,Yes,1,1,No,No,1,No,Yes,2,No,No,No,Commercial,low,29510115400
3856,38.57821,-90.25545,Ample,No,0,0,Yes,2,Yes,Yes,1,1,No,No,1,No,Yes,2,No,No,No,Residential,high,29510115300
3857,38.57914,-90.25594,Ample,Yes,0,0,Yes,2,No,Yes,1,1,Yes,No,1,No,Yes,2,No,No,Yes,Commercial,high,29510115300
3858,38.58047,-90.25565,Ample,No,2,0,Yes,2,Yes,Yes,1,1,No,No,1,No,Yes,2,No,No,No,Commercial,medium,29510115300
385,38.59935,-90.30297,Some,No,2,0,Yes,2,Yes,Yes,1,1,No,No,1,No,Yes,2,No,No,No,Residential,high,29510103800
3861,38.58489,-90.25558,Ample,No,2,0,Yes,2,Yes,Yes,1,1,No,No,1,No,Yes,2,No,No,No,Commercial,high,29510115300
3862,38.58646,-90.25495,Ample,No,2,0,Yes,2,Yes,Yes,1,1,No,No,1,No,Yes,2,No,No,Yes,Residential,INVALID,29510116100
3863,38.58715,-90.25569,Ample,No,2,0,Yes,2,Yes,Yes,1,1,No,No,1,No,Yes,2,No,No,No,Residential,high,29510116100
3864,38.58853,-90.25582,Ample,No,2,0,Yes,2,Yes,Yes,1,1,No,No,2,No,Yes,2,No,No,Yes,Residential,low,29510116100
3865,38.59005,-90.25581,Some,Yes,2,0,No,2,No,Yes,1,1,No,No,1,No,Yes,2,No,No,No,Residential,INVALID,29510116100
3866,38.5914,-90.2558,Ample,No,2,0,Yes,2,Yes,Yes,1,0,No,No,1,No,Yes,2,No,No,No,Residential,medium,29510116100
3867,38.59231,-90.25585,Ample,No,2,0,Yes,2,Yes,Yes,1,1,No,No,1,No,Yes,2,No,No,No,Residential,INVALID,29510116100
3868,38.59406,-90.25578,Ample,No,2,0,Yes,2,Yes,Yes,1,1,No,No,1,No,Yes,2,No,No,No,Residential,high,29510116100
3869,38.59535,-90.25588,No,No,2,0,Yes,2,Yes,Yes,1,1,No,No,1,No,Yes,2,No,No,No,Residential,high,29510116100
386,38.60095,-90.30295,Ample,No,2,0,Yes,2,Yes,Yes,1,0,No,No,1,No,Yes,2,No,No,No,Residential,medium,29510103800
3870,38.59656,-90.25589,Ample,No,2,0,Yes,2,Yes,Yes,1,1,No,No,1,No,Yes,2,No,No,No,Residential,medium,29510116100
3871,38.59806,-90.25599,Ample,No,2,0,Yes,2,Yes,Yes,1,0,No,No,1,No,Yes,2,No,No,Yes,Residential,high,29510116200
3872,38.59936,-90.25578,Ample,No,2,0,Yes,2,Yes,Yes,1,1,No,No,1,No,Yes,2,No,No,No,Residential,high,29510116200
3873,38.60066,-90.25559,Some,No,2,0,Yes,2,Yes,Yes,1,1,Yes,Yes,1,No,Yes,2,No,No,No,Residential,high,29510116200
3874,38.602,-90.25587,Ample,No,2,0,Yes,2,Yes,Yes,1,1,No,No,1,No,Yes,2,No,No,No,Residential,medium,29510116200
3875,38.60359,-90.25581,Some,No,2,0,Yes,2,No,Yes,1,1,No,No,1,No,Yes,2,No,No,No,Residential,high,29510116200
3877,38.60633,-90.25576,Ample,No,2,0,Yes,2,Yes,Yes,0,0,Yes,No,1,Yes,Yes,2,No,No,No,Residential,high,29510116200
3878,38.60739,-90.25564,Ample,No,2,0,Yes,2,Yes,Yes,1,1,No,No,2,Yes,Yes,2,No,Yes,No,Residential,medium,29510116200
3879,38.60858,-90.25583,Some,No,0,0,Yes,2,Yes,Yes,1,0,No,No,1,Yes,Yes,2,No,No,No,Residential,medium,29510116200
387,38.60204,-90.30307,Ample,No,2,0,Yes,2,Yes,Yes,1,1,No,No,1,No,Yes,2,No,No,No,Residential,medium,29510103800
3880,38.61012,-90.25585,Ample,No,2,0,Yes,2,Yes,Yes,1,0,No,No,1,No,Yes,2,No,No,No,Residential,high,29510117200
3881,38.61146,-90.25586,Ample,No,2,0,Yes,2,No,Yes,1,0,No,No,1,No,Yes,2,No,No,No,Residential,high,29510117200
3882,38.61279,-90.2558,Ample,No,2,0,Yes,2,Yes,Yes,1,0,No,No,1,No,Yes,2,No,No,No,Residential,high,29510117200
3883,38.61394,-90.2559,Ample,No,2,0,Yes,2,Yes,Yes,1,1,No,No,1,No,Yes,2,No,No,No,Residential,high,29510117200
3884,38.61554,-90.25574,Some,No,2,0,Yes,2,No,Yes,0,0,No,No,1,No,Yes,2,No,No,No,Residential,low,29510117200
3885,38.61688,-90.25584,Ample,No,2,0,Yes,2,Yes,Yes,1,0,No,No,1,No,Yes,2,No,No,No,Residential,medium,29510117200
3886,38.61826,-90.25584,Ample,Yes,0,0,No,2,Yes,Yes,1,1,No,No,1,No,Yes,2,No,No,No,Residential,high,29510117200
3887,38.61959,-90.25582,Ample,No,2,0,Yes,2,Yes,Yes,1,1,Yes,Yes,1,No,Yes,2,No,No,No,Commercial,high,29510118100
3888,38.62095,-90.25578,Ample,No,2,0,No,2,Yes,Yes,1,1,No,No,1,No,Yes,2,No,No,Yes,Commercial,low,29510118100
3889,38.62227,-90.25585,Ample,No,0,0,Yes,2,Yes,Yes,1,1,Yes,Yes,1,No,Yes,2,No,No,No,Commercial,low,29510118100
388,38.60309,-90.30304,Ample,No,2,0,Yes,2,Yes,Yes,1,0,No,No,1,No,Yes,2,No,No,No,Residential,high,29510103400
3890,38.62352,-90.25577,Ample,No,2,0,Yes,2,Yes,Yes,1,1,No,No,1,No,Yes,2,No,No,No,Residential,high,29510118100
3891,38.62485,-90.25584,Some,No,2,0,Yes,2,Yes,Yes,1,0,No,No,2,No,Yes,2,No,No,No,Residential,high,29510118100
3892,38.62622,-90.25578,Ample,No,2,0,Yes,2,Yes,Yes,1,0,No,No,1,No,Yes,2,No,No,No,Residential,high,29510118100
3893,38.62754,-90.25586,Ample,No,2,0,Yes,2,Yes,Yes,1,1,No,No,1,Yes,Yes,2,No,No,No,Residential,high,29510118600
3894,38.62898,-90.25589,Ample,No,2,0,Yes,2,Yes,Yes,1,1,No,No,1,No,Yes,2,No,No,No,Residential,high,29510118600
3895,38.6303,-90.25573,Ample,No,2,0,Yes,2,Yes,Yes,1,1,Yes,No,1,No,Yes,2,No,No,No,Residential,low,29510118600
3896,38.6315,-90.25627,Ample,No,0,0,Yes,2,Yes,Yes,1,1,No,No,1,No,Yes,2,No,No,Yes,Commercial,high,29510118600
3897,38.63293,-90.25578,Ample,No,2,0,Yes,2,Yes,Yes,1,1,No,No,1,No,Yes,2,No,No,No,Commercial,INVALID,29510118600
3898,38.6345,-90.25633,Ample,No,0,0,Yes,2,Yes,Yes,1,1,Yes,No,1,No,Yes,2,No,No,No,Commercial,INVALID,29510118600
3899,38.63574,-90.25591,Ample,No,2,0,Yes,2,No,Yes,1,1,Yes,No,1,Yes,Yes,2,No,No,No,Commercial,high,29510118600
389,38.60441,-90.30304,Ample,No,2,0,Yes,2,Yes,Yes,1,1,No,No,1,No,Yes,2,No,No,No,Residential,high,29510103400
38,38.59472,-90.31517,Ample,No,2,0,Yes,2,Yes,Yes,1,1,No,No,1,No,Yes,2,No,No,No,Residential,medium,29510103800
3900,38.63709,-90.25582,Ample,No,2,0,Yes,2,Yes,Yes,1,1,Yes,No,1,Yes,Yes,2,No,No,No,Commercial,high,29510119101
3901,38.63838,-90.25588,Some,No,2,0,Yes,2,Yes,Yes,1,1,No,No,1,No,Yes,2,No,No,No,Residential,low,29510119101
3902,38.63977,-90.25588,No,No,2,0,Yes,2,Yes,Yes,1,1,No,No,1,No,Yes,2,No,No,No,Residential,high,29510119101
3903,38.64126,-90.25584,Ample,No,2,0,Yes,2,Yes,Yes,1,1,No,No,1,No,Yes,2,No,No,Yes,Residential,low,29510119102
3904,38.64279,-90.25575,Some,No,2,0,Yes,2,No,Yes,1,1,No,No,1,No,Yes,2,No,No,No,Residential,high,29510119102
3905,38.64359,-90.25596,Ample,No,2,0,No,2,Yes,Yes,1,0,Yes,Yes,1,No,Yes,2,No,No,No,Residential,high,29510119102
3906,38.64503,-90.25585,Ample,No,2,0,Yes,2,Yes,Yes,1,1,No,No,1,No,Yes,2,No,No,No,Residential,medium,29510119102
3907,38.64662,-90.25606,Ample,No,2,0,Yes,2,Yes,Yes,1,1,No,No,1,No,Yes,2,No,No,No,Residential,medium,29510112400
3908,38.64791,-90.25575,Some,No,2,0,Yes,2,No,Yes,1,1,No,No,1,No,Yes,2,No,No,No,Residential,low,29510112400
3909,38.64923,-90.25587,No,No,2,0,Yes,2,No,Yes,1,1,No,No,1,No,Yes,2,No,No,No,Residential,high,29510112400
390,38.60609,-90.30297,Ample,No,2,0,Yes,2,Yes,Yes,1,0,No,No,2,No,Yes,2,No,No,No,Residential,high,29510103400
3910,38.65039,-90.25585,Some,No,2,0,Yes,2,Yes,Yes,1,1,No,No,2,No,Yes,2,No,No,No,Residential,low,29510112400
3911,38.65195,-90.25584,Ample,No,2,0,Yes,2,Yes,Yes,1,1,No,No,1,No,Yes,2,No,No,No,Residential,medium,29510112300
3912,38.65334,-90.25572,Some,No,0,0,Yes,2,No,Yes,0,0,No,No,1,No,Yes,2,No,No,No,Residential,high,29510112300
3913,38.65483,-90.25575,Ample,No,2,0,Yes,2,Yes,Yes,1,0,No,No,1,No,Yes,2,No,No,No,Residential,high,29510112300
3914,38.65602,-90.25584,Ample,No,2,0,Yes,2,Yes,Yes,1,1,No,No,1,No,Yes,2,No,No,No,Residential,medium,29510112300
3915,38.65708,-90.25587,Ample,No,0,0,Yes,2,Yes,Yes,1,1,No,No,1,No,Yes,2,No,No,No,Residential,medium,29510112300
3916,38.65844,-90.25592,Ample,No,2,0,Yes,2,Yes,Yes,1,1,No,No,1,No,Yes,2,No,Yes,No,Residential,high,29510106600
3917,38.66002,-90.25578,Ample,No,2,0,Yes,2,No,Yes,1,1,No,No,1,No,Yes,2,No,No,Yes,Residential,medium,29510106600
3918,38.66115,-90.256,Ample,No,2,0,Yes,2,Yes,Yes,1,0,Yes,No,1,No,Yes,2,No,No,No,Commercial,high,29510106700
3919,38.66276,-90.25584,Ample,No,0,0,Yes,2,Yes,Yes,1,1,No,No,1,No,Yes,2,No,No,No,Residential,high,29510106700
391,38.60746,-90.30339,Ample,No,2,0,Yes,2,Yes,Yes,1,1,No,No,1,Yes,Yes,2,No,Yes,No,Residential,medium,29510103400
3920,38.66428,-90.2556,Ample,No,0,0,Yes,2,No,Yes,1,1,No,No,1,No,Yes,2,No,No,No,Residential,medium,29510106700
3921,38.6653,-90.25563,Some,No,2,0,Yes,2,No,Yes,0,0,No,No,1,No,Yes,2,No,No,No,Residential,INVALID,29510106700
3922,38.66666,-90.25582,Some,No,0,0,Yes,2,No,Yes,0,0,No,No,1,No,Yes,2,No,No,No,Residential,high,29510106700
3923,38.66828,-90.2557,Ample,No,2,0,Yes,2,Yes,Yes,1,1,No,No,1,No,Yes,2,No,No,No,Residential,medium,29510106700
3924,38.6694,-90.25581,Ample,No,2,0,Yes,2,Yes,Yes,1,1,No,No,1,No,Yes,2,No,No,No,Residential,medium,29510106700
3925,38.6708,-90.25587,Ample,No,2,0,Yes,2,Yes,Yes,1,1,No,No,1,Yes,Yes,2,No,No,No,Residential,medium,29510106400
3926,38.6722,-90.25578,Ample,No,0,0,No,2,No,Yes,0,0,No,No,1,No,Yes,2,No,No,No,Residential,high,29510106400
3928,38.67477,-90.25574,Ample,No,2,0,Yes,2,Yes,Yes,1,1,No,No,1,No,Yes,2,No,No,No,Residential,medium,29510106400
3929,38.67606,-90.25585,Ample,No,2,0,Yes,2,Yes,Yes,1,0,No,No,1,No,Yes,2,No,No,No,Residential,INVALID,29510106400
392,38.60884,-90.30298,Ample,No,2,0,Yes,2,No,Yes,1,1,No,No,1,No,Yes,2,No,No,No,Residential,high,29510103400
3930,38.67753,-90.25579,Some,Yes,0,0,Yes,2,No,Yes,1,1,No,No,1,No,No,2,No,No,No,Residential,medium,29510106400
3931,38.6788,-90.25577,Ample,No,2,0,Yes,2,Yes,Yes,1,1,No,No,2,No,Yes,2,No,No,No,Commercial,medium,29510126900
3932,38.68114,-90.25694,Ample,No,2,0,Yes,2,Yes,Yes,1,1,No,No,1,No,Yes,2,No,No,No,Commercial,high,29510126900
3933,38.68129,-90.25601,Ample,No,2,0,Yes,2,Yes,Yes,1,1,No,No,1,No,Yes,2,No,No,No,Commercial,low,29510126900
3934,38.68285,-90.25575,Ample,No,2,0,Yes,2,Yes,Yes,1,1,No,No,1,No,Yes,2,No,No,No,Commercial,low,29510126900
3935,38.68391,-90.25499,Ample,No,2,0,Yes,2,Yes,Yes,1,1,No,No,1,Yes,Yes,2,No,No,No,Residential,high,29510126900
3939,38.68974,-90.25654,Ample,No,2,0,Yes,2,Yes,Yes,1,1,No,No,1,No,Yes,2,No,No,No,Commercial,medium,29510126900
393,38.61009,-90.30292,Ample,No,0,0,No,2,Yes,Yes,0,1,No,No,1,No,Yes,2,No,No,No,Residential,high,29510103400
3940,38.69084,-90.25588,Ample,No,0,0,Yes,2,Yes,Yes,1,1,No,No,2,No,Yes,2,No,No,No,Residential,high,29510107400
3941,38.69231,-90.25587,Ample,No,2,0,Yes,2,Yes,Yes,1,0,No,No,1,No,Yes,2,No,No,No,Residential,INVALID,29510107400
3942,38.69389,-90.25595,No,No,0,0,Yes,2,No,Yes,1,1,No,No,1,No,Yes,2,No,No,No,Residential,high,29510107400
3943,38.69505,-90.25592,Ample,No,0,0,Yes,2,No,Yes,1,1,No,No,1,No,Yes,2,No,No,No,Residential,high,29510107400
3944,38.69632,-90.25573,No,No,2,0,No,2,No,Yes,1,0,No,No,1,No,Yes,2,No,No,No,Residential,high,29510107400
3945,38.69762,-90.25585,Some,No,0,0,Yes,2,No,Yes,0,0,No,No,1,No,Yes,2,No,No,No,Residential,medium,29510107200
3946,38.69877,-90.25555,Ample,No,0,0,Yes,2,No,Yes,0,0,No,No,1,Yes,Yes,2,No,No,No,Residential,high,29510107200
3948,38.7017,-90.25587,Ample,No,0,0,Yes,2,Yes,Yes,1,1,No,No,1,No,Yes,2,No,No,No,Residential,high,29510107300
3949,38.70321,-90.25576,Ample,No,2,0,Yes,2,Yes,Yes,1,1,No,No,1,No,Yes,2,No,No,No,Residential,medium,29510107300
394,38.61148,-90.30302,Ample,No,2,0,No,2,Yes,Yes,1,0,No,No,1,No,Yes,2,No,No,No,Residential,low,29510103400
3950,38.70432,-90.25597,Ample,No,2,0,Yes,2,Yes,Yes,1,1,No,No,1,No,Yes,2,No,No,No,Residential,high,29510107300
3951,38.70581,-90.25588,Ample,Yes,2,0,Yes,2,Yes,Yes,1,1,No,No,1,No,Yes,2,No,No,No,Residential,high,29510107300
3952,38.70711,-90.25573,Ample,No,2,0,Yes,2,Yes,Yes,1,0,No,No,1,No,Yes,2,No,No,No,Residential,medium,29510107300
3953,38.70852,-90.25594,Ample,No,2,0,Yes,2,No,Yes,1,1,No,No,1,No,Yes,2,No,No,Yes,Residential,high,29510107300
3954,38.70998,-90.25576,Ample,No,2,0,Yes,2,Yes,Yes,1,1,No,No,1,No,Yes,2,No,No,No,Residential,high,29510107300
3955,38.71114,-90.25584,Some,No,0,0,No,2,No,Yes,0,0,No,No,1,No,Yes,2,No,No,No,Residential,high,29510107300
3956,38.71262,-90.25604,Some,No,0,0,Yes,2,No,Yes,0,0,No,No,2,No,Yes,2,No,No,No,Residential,medium,29510107300
395,38.61248,-90.30268,Ample,No,0,0,Yes,2,No,Yes,1,1,No,No,1,No,Yes,2,No,No,No,Residential,low,29510103400
3963,38.5453,-90.25469,Ample,No,0,0,Yes,2,No,Yes,1,1,No,No,1,No,Yes,2,No,No,No,Residential,INVALID,29510101800
3966,38.5503,-90.25467,Ample,No,2,0,Yes,2,Yes,Yes,1,0,Yes,Yes,1,No,Yes,2,No,No,No,Residential,low,29510101800
3967,38.55104,-90.2547,Ample,No,2,0,Yes,2,No,Yes,1,0,No,No,1,No,Yes,2,No,No,No,Residential,high,29510101800
3968,38.55211,-90.25431,Ample,No,2,0,Yes,2,Yes,Yes,1,1,No,No,2,No,Yes,2,No,No,No,Commercial,low,29510101800
3969,38.55347,-90.25445,Ample,No,2,0,Yes,2,No,Yes,1,1,No,No,1,No,Yes,2,No,No,No,Residential,medium,29510101800
396,38.61409,-90.30292,Ample,No,2,0,No,2,Yes,Yes,1,1,No,No,1,No,Yes,2,No,No,No,Commercial,high,29510126800
3970,38.55492,-90.25446,Ample,No,2,0,Yes,2,Yes,Yes,1,1,No,Yes,1,No,Yes,2,No,No,Yes,Residential,medium,29510101800
3971,38.55628,-90.25457,Ample,No,2,0,Yes,2,No,Yes,1,1,No,No,1,No,Yes,2,No,No,No,Residential,high,29510101400
3972,38.5576,-90.2545,Ample,No,2,0,Yes,2,Yes,Yes,1,0,No,No,1,No,Yes,2,No,No,No,Residential,medium,29510101400
3973,38.55891,-90.25444,Ample,No,2,0,Yes,2,No,Yes,1,1,No,Yes,1,No,Yes,2,No,No,Yes,Residential,medium,29510101400
3974,38.56043,-90.25453,Ample,No,0,0,Yes,2,Yes,Yes,1,1,No,No,2,Yes,Yes,2,No,No,No,Residential,high,29510101400
3975,38.56146,-90.2546,Ample,Yes,2,0,Yes,2,Yes,Yes,1,1,No,No,1,No,Yes,2,No,No,Yes,Residential,medium,29510101400
3976,38.56315,-90.2549,Ample,No,2,0,Yes,2,No,Yes,1,1,No,No,1,No,Yes,2,No,No,Yes,Residential,medium,29510101400
3977,38.56434,-90.25456,No,No,2,0,Yes,2,No,Yes,0,0,No,No,1,No,Yes,2,No,No,No,Residential,high,29510101400
3978,38.56549,-90.25459,Ample,No,2,0,Yes,2,Yes,Yes,1,0,No,No,1,No,Yes,2,No,No,No,Residential,high,29510101400
3979,38.56719,-90.25432,Ample,No,2,0,Yes,2,Yes,Yes,1,1,No,No,1,Yes,Yes,2,No,No,No,Residential,high,29510101400
3980,38.56837,-90.25456,Ample,No,2,1,Yes,2,Yes,Yes,1,1,No,Yes,1,No,Yes,2,No,No,No,Commercial,medium,29510101300
3981,38.56987,-90.25482,Ample,No,2,0,Yes,2,Yes,Yes,1,0,No,No,1,No,Yes,2,No,No,No,Residential,high,29510115400
3982,38.57131,-90.25433,Ample,No,2,0,Yes,2,Yes,Yes,1,1,No,No,1,Yes,Yes,2,No,No,No,Residential,high,29510115400
3983,38.57235,-90.25427,Ample,No,2,0,Yes,2,Yes,Yes,1,1,No,No,1,No,Yes,2,No,No,No,Residential,medium,29510115400
3984,38.57383,-90.25451,Ample,No,2,0,Yes,2,Yes,Yes,1,1,No,No,1,No,Yes,2,No,No,No,Residential,medium,29510115400
3985,38.57498,-90.25454,Ample,No,2,0,Yes,2,Yes,Yes,1,1,No,No,1,No,Yes,2,No,No,No,Residential,high,29510115300
3986,38.57648,-90.25461,Ample,No,0,0,Yes,2,Yes,Yes,1,1,No,No,2,No,Yes,2,No,No,No,Residential,high,29510115300
3987,38.57771,-90.25458,Ample,Yes,2,0,Yes,2,Yes,Yes,1,0,No,No,1,Yes,Yes,2,No,No,No,Residential,medium,29510115300
3988,38.57903,-90.25454,Ample,No,0,0,Yes,2,Yes,Yes,1,1,No,No,1,No,Yes,2,No,No,No,Residential,medium,29510115300
3989,38.5803,-90.25414,Ample,No,2,0,Yes,2,Yes,Yes,0,0,No,No,1,No,Yes,2,No,No,No,Residential,high,29510115300
398,38.61713,-90.30288,Ample,No,2,0,Yes,2,Yes,Yes,1,1,No,No,1,No,Yes,2,No,No,Yes,Commercial,high,29510126800
3991,38.58325,-90.25478,Ample,No,2,0,Yes,2,Yes,Yes,1,1,No,No,1,No,Yes,2,No,No,No,Commercial,medium,29510115300
3992,38.58438,-90.25463,Ample,Yes,0,0,Yes,2,Yes,Yes,1,1,No,No,1,No,Yes,2,No,No,No,Commercial,low,29510115300
3993,38.58611,-90.25429,Ample,No,2,0,Yes,2,No,Yes,1,1,No,No,1,No,Yes,2,No,No,Yes,Residential,medium,29510116100
3994,38.58732,-90.25447,Ample,No,2,0,Yes,2,Yes,Yes,1,0,No,No,1,No,Yes,2,No,No,No,Residential,medium,29510116100
3995,38.5884,-90.25459,Ample,No,2,0,Yes,2,Yes,Yes,1,1,No,No,1,No,Yes,2,No,No,No,Residential,high,29510116100
3996,38.59006,-90.25454,Ample,No,2,0,Yes,2,Yes,Yes,1,1,No,No,1,No,Yes,2,No,No,No,Commercial,high,29510116100
3997,38.59126,-90.25446,Ample,No,2,0,Yes,2,Yes,Yes,1,1,No,No,1,No,Yes,2,No,No,No,Residential,high,29510116100
3998,38.59244,-90.25425,Ample,No,2,0,Yes,2,No,Yes,1,1,No,No,1,No,Yes,2,No,No,No,Residential,high,29510116100
3999,38.59394,-90.25454,Some,No,2,0,Yes,2,Yes,Yes,1,1,No,No,1,No,Yes,2,No,No,No,Residential,high,29510116100
399,38.61819,-90.30292,Ample,No,2,1,No,2,Yes,Yes,1,1,No,No,1,No,Yes,2,No,No,No,Commercial,high,29510126800
39,38.59698,-90.31512,Ample,No,2,0,Yes,2,Yes,Yes,1,1,No,No,1,No,Yes,2,No,No,No,Residential,medium,29510103800
3,38.59496,-90.31951,Ample,No,0,0,Yes,2,Yes,Yes,1,1,No,No,2,No,Yes,2,No,No,No,Residential,high,29510103800
4000,38.59521,-90.25453,No,No,2,0,Yes,2,No,Yes,1,0,No,No,1,No,Yes,2,No,No,No,Residential,high,29510116100
4001,38.59642,-90.25453,Ample,No,2,0,Yes,2,Yes,Yes,1,0,No,No,1,No,Yes,2,No,No,No,Residential,high,29510116100
4002,38.59829,-90.2544,Ample,No,2,0,Yes,2,Yes,Yes,1,0,No,No,1,No,Yes,2,No,No,No,Residential,high,29510116200
4003,38.59919,-90.25451,Ample,No,2,0,Yes,2,Yes,Yes,1,0,No,No,1,No,Yes,2,No,No,No,Residential,high,29510116200
4004,38.60097,-90.25442,Ample,No,2,0,Yes,2,Yes,Yes,1,1,No,No,1,No,Yes,2,No,No,No,Residential,high,29510116200
4005,38.60188,-90.25455,Ample,No,2,0,Yes,2,Yes,Yes,1,1,No,No,1,Yes,Yes,2,No,No,No,Residential,INVALID,29510116200
4006,38.60347,-90.25453,Some,No,2,0,Yes,2,No,Yes,1,1,No,No,1,No,Yes,2,No,No,No,Residential,high,29510116200
4008,38.60589,-90.25462,Ample,No,2,0,Yes,2,Yes,Yes,1,0,No,No,1,Yes,Yes,2,No,Yes,No,Residential,high,29510116200
4009,38.60749,-90.25502,Ample,No,2,0,Yes,2,Yes,Yes,1,1,No,No,1,Yes,Yes,2,No,Yes,No,Residential,medium,29510116200
400,38.61986,-90.30294,Ample,No,2,0,Yes,2,Yes,Yes,1,1,No,No,1,Yes,Yes,2,No,No,No,Residential,high,29510126800
4010,38.60879,-90.25473,Ample,No,2,0,Yes,2,Yes,Yes,1,0,No,No,1,No,Yes,2,No,No,No,Residential,high,29510117200
4011,38.61013,-90.25453,Ample,No,2,0,Yes,2,Yes,Yes,1,1,No,No,1,No,Yes,2,No,No,No,Residential,high,29510117200
4012,38.61147,-90.25432,Ample,No,2,0,Yes,2,Yes,Yes,1,0,No,No,1,No,Yes,2,No,No,No,Residential,high,29510117200
4013,38.61267,-90.25455,Ample,No,2,0,Yes,2,Yes,Yes,1,0,No,No,1,No,Yes,2,No,No,No,Residential,high,29510117200
4014,38.61436,-90.25449,Some,No,0,0,Yes,2,No,Yes,0,0,No,No,2,No,Yes,2,No,No,No,Residential,high,29510117200
4015,38.61564,-90.25449,Ample,No,2,0,Yes,2,Yes,Yes,1,1,No,No,1,No,Yes,2,No,No,No,Residential,high,29510117200
4016,38.61652,-90.25457,Ample,No,2,0,Yes,2,Yes,Yes,1,0,No,No,1,No,Yes,2,No,No,No,Residential,high,29510117200
4017,38.61814,-90.25452,Ample,No,0,0,No,2,Yes,Yes,1,0,No,No,1,No,Yes,2,No,No,No,Commercial,low,29510117200
4018,38.61947,-90.25454,Ample,No,2,0,Yes,2,Yes,Yes,1,1,No,No,1,No,Yes,2,No,No,No,Residential,high,29510118100
4019,38.62085,-90.25451,Some,No,2,0,Yes,2,No,Yes,1,1,No,No,1,No,Yes,2,No,No,No,Commercial,high,29510118100
401,38.62102,-90.30301,Ample,No,2,0,Yes,2,Yes,Yes,1,0,No,No,1,Yes,Yes,2,No,No,No,Residential,high,29510126800
4020,38.62219,-90.25443,Ample,No,0,1,Yes,2,Yes,Yes,1,0,No,No,1,No,Yes,2,No,No,No,Commercial,high,29510118100
4021,38.62368,-90.25454,Ample,No,0,0,Yes,2,No,Yes,1,1,Yes,No,1,No,Yes,2,No,No,No,Residential,medium,29510118100
4022,38.62503,-90.2545,No,No,2,0,Yes,2,No,Yes,1,1,No,No,1,No,Yes,2,No,No,No,Residential,high,29510118100
4023,38.62639,-90.25455,Ample,No,2,0,Yes,2,Yes,Yes,1,0,No,No,1,No,Yes,2,No,No,No,Residential,high,29510118100
4024,38.62777,-90.25448,Ample,No,2,0,Yes,2,No,Yes,0,1,No,No,1,No,Yes,2,No,No,No,Residential,high,29510118600
4025,38.62917,-90.25445,Ample,No,2,0,Yes,2,Yes,Yes,1,0,No,No,1,No,Yes,2,No,No,No,Residential,high,29510118600
4026,38.63052,-90.25437,Ample,No,2,0,Yes,2,No,Yes,1,1,No,No,1,No,Yes,2,No,No,No,Commercial,INVALID,29510118600
4027,38.63173,-90.25447,Ample,No,2,0,Yes,2,Yes,Yes,1,0,No,No,1,No,Yes,2,No,No,No,Residential,medium,29510118600
4028,38.63297,-90.25464,Ample,No,2,0,Yes,2,Yes,Yes,1,1,Yes,No,1,No,Yes,2,No,Yes,Yes,Commercial,low,29510118600
402,38.62239,-90.30298,Ample,No,2,0,Yes,2,Yes,Yes,1,1,No,No,1,Yes,Yes,2,No,No,No,Residential,high,29510126800
4030,38.6359,-90.25442,Ample,Yes,2,0,Yes,2,Yes,Yes,1,1,No,No,1,No,Yes,2,No,No,No,Commercial,low,29510119101
4031,38.63723,-90.25442,Ample,No,2,0,Yes,2,Yes,Yes,1,1,No,No,1,No,Yes,2,No,No,No,Residential,medium,29510119101
4032,38.63866,-90.25439,Ample,No,2,0,Yes,2,Yes,Yes,1,1,No,No,1,No,Yes,2,No,No,No,Residential,medium,29510119101
4033,38.63949,-90.25455,Some,No,2,0,Yes,2,Yes,Yes,1,1,No,No,1,No,Yes,2,No,No,No,Residential,medium,29510119101
4034,38.64109,-90.25448,Ample,No,2,0,Yes,2,Yes,Yes,1,1,No,No,1,No,Yes,2,No,No,Yes,Residential,low,29510119102
4035,38.64249,-90.2545,No,No,2,0,Yes,2,Yes,Yes,1,0,No,No,1,No,Yes,2,No,Yes,No,Commercial,medium,29510119102
4037,38.6455,-90.25427,Ample,No,2,0,Yes,2,Yes,Yes,1,1,No,No,1,No,Yes,2,No,No,No,Residential,medium,29510119200
4038,38.6467,-90.25432,Ample,No,2,0,Yes,2,Yes,Yes,1,1,No,No,1,No,Yes,2,No,No,No,Residential,medium,29510119200
4039,38.64796,-90.25447,Ample,No,2,0,Yes,2,Yes,Yes,1,1,No,No,1,No,Yes,2,No,No,No,Commercial,INVALID,29510119200
403,38.62348,-90.30296,Ample,No,2,0,Yes,2,Yes,Yes,1,1,No,No,1,No,Yes,2,No,No,No,Residential,medium,29510126800
4040,38.64911,-90.25428,Ample,No,0,0,Yes,2,Yes,Yes,1,1,Yes,No,1,No,Yes,2,No,No,Yes,Residential,low,29510112400
4041,38.65065,-90.2544,Ample,No,2,0,Yes,2,Yes,Yes,1,1,No,No,1,Yes,Yes,2,No,No,No,Residential,INVALID,29510112300
4042,38.65182,-90.25446,Ample,No,2,0,Yes,2,Yes,Yes,1,1,No,No,2,No,Yes,2,No,No,No,Residential,medium,29510112300
4043,38.65289,-90.25457,Some,No,0,0,Yes,2,No,Yes,1,1,No,No,1,No,Yes,2,No,No,No,Residential,INVALID,29510112300
4044,38.65472,-90.25449,Ample,No,2,0,Yes,2,Yes,Yes,1,0,No,No,1,No,Yes,2,No,No,No,Residential,high,29510112300
4045,38.6559,-90.2545,Ample,No,2,0,Yes,2,Yes,Yes,1,1,No,No,1,No,Yes,2,No,No,No,Residential,medium,29510112300
4046,38.65734,-90.25448,Some,No,0,0,Yes,2,No,Yes,0,0,No,No,1,No,Yes,2,No,No,No,Residential,high,29510112300
4047,38.65869,-90.25462,Ample,No,2,0,Yes,2,No,Yes,1,1,No,No,1,No,Yes,2,No,No,No,Residential,medium,29510106600
4048,38.66002,-90.25441,Ample,Yes,0,0,Yes,2,No,Yes,1,1,No,No,1,No,Yes,2,No,No,No,Residential,high,29510106600
4049,38.66139,-90.25447,Some,No,0,0,Yes,2,No,Yes,0,0,No,No,1,No,No,2,No,No,No,Residential,high,29510106700
404,38.62504,-90.30336,Ample,No,2,0,Yes,2,Yes,Yes,1,1,No,No,1,No,Yes,2,No,No,Yes,Residential,high,29510126800
4050,38.66287,-90.25433,Some,No,0,0,No,2,No,Yes,1,0,No,No,1,No,Yes,2,No,No,No,Residential,high,29510106700
4051,38.66383,-90.2546,Ample,No,2,0,Yes,2,No,Yes,1,1,No,No,1,No,Yes,2,No,No,No,Residential,medium,29510106700
4052,38.66542,-90.25438,No,No,0,0,Yes,2,Yes,Yes,1,1,No,No,1,No,Yes,2,No,No,No,Residential,high,29510106700
4053,38.66664,-90.25453,Ample,No,0,0,Yes,2,No,Yes,1,1,No,No,1,No,Yes,2,No,No,No,Residential,medium,29510106700
4054,38.66803,-90.2543,Ample,No,2,0,Yes,2,Yes,Yes,1,1,No,No,1,No,Yes,2,No,No,No,Residential,medium,29510106700
4055,38.66947,-90.25445,No,No,2,0,Yes,2,No,Yes,1,1,No,No,1,No,Yes,2,No,No,No,Residential,medium,29510106700
4056,38.67063,-90.2546,Some,No,2,0,Yes,2,Yes,Yes,1,1,No,No,2,No,Yes,2,No,No,No,Residential,high,29510106700
4057,38.67211,-90.25437,Ample,No,2,0,Yes,2,Yes,Yes,1,1,No,No,1,No,Yes,2,No,No,No,Residential,medium,29510106700
4058,38.67334,-90.25409,Ample,No,2,0,Yes,2,Yes,Yes,1,1,No,No,2,Yes,Yes,2,No,No,No,Residential,medium,29510106400
405,38.62638,-90.30299,Ample,No,2,0,Yes,2,Yes,Yes,1,1,No,No,1,No,Yes,2,No,No,No,Residential,high,29510104200
4060,38.67626,-90.25465,Ample,No,2,0,Yes,2,Yes,Yes,1,1,No,No,1,No,Yes,2,No,No,No,Residential,high,29510106400
4061,38.67751,-90.2545,Ample,No,2,0,Yes,2,Yes,Yes,1,1,No,No,1,No,Yes,2,No,No,No,Commercial,high,29510126900
4062,38.67889,-90.25443,Ample,No,0,0,Yes,2,Yes,Yes,1,1,No,No,1,No,Yes,2,No,No,No,Commercial,INVALID,29510126900
4063,38.68033,-90.25473,Ample,No,2,0,Yes,2,Yes,Yes,1,1,No,No,1,No,Yes,2,No,No,Yes,Commercial,INVALID,29510126900
4064,38.68138,-90.25399,Ample,No,0,0,Yes,2,Yes,Yes,1,1,No,No,1,No,Yes,2,No,No,No,Commercial,INVALID,29510126900
4066,38.68428,-90.25446,Ample,No,0,0,Yes,2,Yes,Yes,1,1,No,No,1,No,Yes,2,No,No,No,Commercial,low,29510126900
4067,38.68539,-90.25351,Ample,No,0,0,No,2,Yes,Yes,1,1,No,No,2,No,Yes,2,No,No,No,Commercial,high,29510126900
406,38.62782,-90.30294,Ample,No,2,0,Yes,2,Yes,Yes,0,0,No,No,1,No,Yes,2,No,No,No,Residential,high,29510104200
4070,38.68959,-90.25448,Ample,No,2,0,Yes,2,Yes,Yes,1,1,No,No,2,No,Yes,2,No,No,No,Residential,high,29510126900
4071,38.69094,-90.25441,Ample,No,2,0,Yes,2,No,Yes,1,1,No,No,1,No,Yes,2,No,No,Yes,Residential,high,29510107400
4072,38.69244,-90.25464,Ample,No,0,0,Yes,2,No,Yes,1,1,No,No,1,No,Yes,2,No,No,No,Residential,medium,29510107400
4073,38.69365,-90.25439,Ample,No,0,0,Yes,2,No,Yes,0,0,No,No,1,No,Yes,2,No,No,No,Residential,medium,29510107400
4074,38.69515,-90.25465,Ample,No,2,0,Yes,2,Yes,Yes,1,1,No,No,1,No,Yes,2,No,No,No,Residential,high,29510107400
4075,38.6964,-90.25451,Ample,No,2,0,Yes,2,Yes,Yes,1,1,No,No,2,Yes,Yes,2,No,No,No,Residential,high,29510107400
4076,38.69763,-90.25443,Ample,No,2,0,Yes,2,Yes,Yes,1,0,No,No,1,No,Yes,2,No,No,Yes,Residential,high,29510107200
4077,38.69925,-90.25467,Ample,No,0,0,Yes,2,No,Yes,0,0,No,No,1,Yes,Yes,2,No,No,No,Residential,medium,29510107200
4078,38.70061,-90.25417,Ample,No,2,0,Yes,2,Yes,Yes,1,0,No,No,1,No,Yes,2,No,No,No,Residential,medium,29510107200
4079,38.70202,-90.25407,Ample,No,2,0,Yes,2,Yes,Yes,1,1,No,No,2,No,Yes,2,No,No,No,Residential,high,29510107200
407,38.62907,-90.30303,Ample,No,2,0,Yes,2,Yes,Yes,1,0,No,Yes,1,No,Yes,2,No,No,No,Residential,high,29510104200
4080,38.70291,-90.25435,Ample,No,2,0,Yes,2,No,Yes,1,1,No,No,1,No,Yes,2,No,No,No,Residential,high,29510107300
4081,38.70442,-90.25444,Ample,No,2,0,Yes,2,Yes,Yes,1,1,No,No,1,No,Yes,2,No,No,No,Residential,high,29510107300
4082,38.70574,-90.25453,Ample,No,2,0,Yes,2,Yes,Yes,1,1,No,No,1,No,Yes,2,No,No,No,Residential,high,29510107300
4083,38.70723,-90.25444,No,No,0,0,Yes,2,No,Yes,0,0,No,No,1,No,Yes,2,No,No,No,Residential,high,29510107300
4084,38.70837,-90.25457,Ample,No,2,0,Yes,2,No,Yes,1,0,No,No,1,No,Yes,2,No,No,No,Residential,medium,29510107300
4085,38.70979,-90.25443,Ample,Yes,0,0,Yes,2,No,Yes,0,0,No,No,1,No,Yes,2,No,No,No,Residential,high,29510107300
4086,38.71135,-90.25427,Some,No,2,0,Yes,2,No,Yes,1,0,No,No,1,No,Yes,2,No,No,No,Residential,medium,29510107300
4087,38.71256,-90.25454,Ample,No,2,0,Yes,2,Yes,Yes,1,1,No,No,1,No,Yes,2,No,No,No,Commercial,low,29510107300
4088,38.71389,-90.25444,Ample,No,2,1,Yes,2,Yes,Yes,1,1,No,No,1,No,Yes,2,No,No,Yes,Residential,medium,29510107300
4089,38.71526,-90.25355,Ample,No,2,0,Yes,2,Yes,Yes,1,1,No,No,1,No,Yes,2,No,No,No,Residential,INVALID,29510107300
408,38.63039,-90.30313,Ample,No,2,0,Yes,2,Yes,Yes,1,1,No,No,1,No,Yes,2,No,No,No,Residential,high,29510104200
409,38.63175,-90.30296,Ample,No,2,0,Yes,2,Yes,Yes,1,1,No,No,2,No,Yes,2,No,No,No,Residential,INVALID,29510104200
40,38.59799,-90.31516,Ample,No,2,0,Yes,2,Yes,Yes,1,1,No,No,1,No,Yes,2,No,No,No,Residential,medium,29510103800
4100,38.55228,-90.2533,Ample,No,2,0,Yes,2,No,Yes,1,0,No,No,1,No,Yes,2,No,No,No,Residential,high,29510101800
4101,38.5534,-90.25285,Ample,No,2,0,Yes,2,No,Yes,1,1,No,Yes,1,No,Yes,2,No,No,No,Residential,medium,29510101800
4102,38.55477,-90.25296,Ample,No,2,0,Yes,2,Yes,Yes,1,1,No,No,1,No,Yes,2,No,No,No,Residential,medium,29510101800
4103,38.55619,-90.25302,Ample,No,2,0,Yes,2,Yes,Yes,1,0,No,No,1,No,Yes,2,No,No,No,Residential,high,29510101800
4104,38.55752,-90.25313,Ample,No,2,0,Yes,2,Yes,Yes,1,1,No,No,1,No,Yes,2,No,No,Yes,Residential,high,29510101400
4105,38.55906,-90.2531,Ample,No,2,0,Yes,2,Yes,Yes,1,1,No,No,1,No,Yes,2,No,No,No,Residential,medium,29510101400
4106,38.56027,-90.25317,Ample,No,2,0,Yes,2,Yes,Yes,1,0,No,No,1,No,Yes,2,No,No,No,Residential,medium,29510101400
4107,38.5616,-90.25319,Ample,Yes,2,0,Yes,2,No,Yes,1,0,Yes,No,1,No,Yes,2,No,No,No,Residential,high,29510101400
4108,38.56315,-90.25301,Ample,No,2,0,Yes,2,No,Yes,1,1,No,No,1,No,Yes,2,No,No,No,Residential,high,29510101400
4109,38.56423,-90.25319,Ample,No,2,0,Yes,2,Yes,Yes,1,1,No,No,1,No,Yes,2,No,No,No,Residential,medium,29510101400
410,38.6331,-90.30299,Ample,No,0,0,Yes,2,Yes,Yes,1,1,No,No,1,Yes,Yes,2,No,No,No,Residential,high,29510112100
4110,38.5654,-90.25335,Ample,No,2,0,Yes,2,Yes,Yes,1,0,Yes,No,1,No,Yes,2,No,No,No,Residential,medium,29510101400
4111,38.56698,-90.25313,Ample,No,2,0,Yes,2,No,Yes,1,1,No,No,1,Yes,Yes,2,No,No,Yes,Residential,medium,29510101400
4112,38.56839,-90.25305,Ample,No,2,0,Yes,2,Yes,Yes,1,1,No,No,1,No,Yes,2,No,No,No,Residential,high,29510115500
4113,38.56972,-90.25313,Ample,No,2,0,Yes,2,Yes,Yes,1,1,No,No,1,No,Yes,2,No,No,No,Residential,medium,29510115500
4114,38.57079,-90.25335,Ample,Yes,2,0,Yes,2,Yes,Yes,1,0,No,No,1,No,Yes,2,No,No,No,Residential,medium,29510115400
4115,38.57229,-90.25322,Ample,No,2,0,Yes,2,Yes,Yes,1,0,No,No,2,No,Yes,2,No,No,No,Residential,medium,29510115400
4116,38.57372,-90.2531,Ample,No,2,0,Yes,2,Yes,Yes,1,1,No,No,1,No,Yes,2,No,No,No,Residential,high,29510115400
4117,38.57459,-90.25378,Ample,No,2,0,Yes,2,Yes,Yes,1,1,No,No,1,No,Yes,2,No,No,Yes,Residential,high,29510115300
4118,38.57681,-90.25287,Ample,No,2,0,Yes,2,Yes,Yes,1,1,No,No,2,Yes,Yes,2,No,No,Yes,Residential,high,29510115300
4119,38.57763,-90.25283,Ample,No,2,0,Yes,2,Yes,Yes,1,1,No,No,1,No,Yes,2,No,No,No,Residential,medium,29510115300
411,38.63405,-90.30316,Ample,No,0,0,Yes,2,Yes,Yes,1,0,No,No,2,Yes,Yes,2,No,No,No,Residential,high,29510112100
4120,38.57911,-90.25309,Ample,No,2,0,Yes,2,Yes,Yes,1,0,No,No,1,No,Yes,2,No,No,No,Residential,medium,29510115300
4121,38.58066,-90.2533,Ample,No,2,0,Yes,2,Yes,Yes,1,0,No,No,1,No,Yes,2,No,No,No,Residential,medium,29510115300
4122,38.58187,-90.25322,Ample,No,2,0,Yes,2,No,Yes,1,1,No,No,1,No,Yes,2,No,No,No,Residential,high,29510115300
4123,38.58348,-90.25293,Some,No,0,0,Yes,2,Yes,Yes,1,0,No,No,1,No,Yes,2,No,No,No,Residential,high,29510115300
4124,38.58455,-90.25306,Ample,No,2,0,Yes,2,No,Yes,0,0,No,No,1,No,Yes,2,No,No,No,Residential,high,29510115300
4125,38.586,-90.25307,Some,No,2,0,Yes,2,No,Yes,1,0,No,No,1,No,Yes,2,No,No,No,Residential,high,29510116100
4126,38.58718,-90.25316,Ample,No,2,0,Yes,2,Yes,Yes,1,0,No,No,1,No,Yes,2,No,No,No,Residential,high,29510116100
4127,38.58876,-90.25309,No,No,2,0,Yes,2,No,Yes,1,1,No,No,1,No,Yes,2,No,No,No,Residential,high,29510116100
4128,38.59005,-90.25326,Some,No,2,0,Yes,2,No,Yes,1,1,No,No,1,No,Yes,2,No,No,No,Commercial,INVALID,29510116100
4129,38.59124,-90.25305,Some,No,2,0,Yes,2,No,Yes,1,1,No,No,1,No,Yes,2,No,No,Yes,Residential,high,29510116100
412,38.63604,-90.30334,Ample,No,0,1,Yes,2,Yes,Yes,1,1,No,No,2,Yes,Yes,2,No,No,Yes,Residential,high,29510112100
4130,38.5929,-90.25306,Ample,No,2,0,Yes,2,Yes,Yes,1,0,No,No,1,No,Yes,2,No,No,No,Residential,medium,29510116100
4131,38.59379,-90.25319,Ample,No,2,0,Yes,2,Yes,Yes,1,1,No,No,1,No,Yes,2,No,No,No,Residential,high,29510116100
4132,38.59547,-90.25312,Ample,No,2,0,Yes,2,Yes,Yes,1,1,No,No,1,No,Yes,2,No,No,No,Residential,high,29510116100
4133,38.59667,-90.2535,Ample,No,2,1,Yes,2,Yes,Yes,1,1,No,No,1,No,Yes,2,No,No,No,Residential,high,29510116100
4134,38.59806,-90.25327,Ample,No,2,0,Yes,2,Yes,Yes,1,1,No,No,1,No,Yes,2,No,No,Yes,Residential,high,29510116200
4135,38.59935,-90.25308,Some,No,2,0,Yes,2,Yes,Yes,1,0,No,No,1,No,Yes,2,No,No,No,Residential,high,29510116200
4136,38.60084,-90.25306,Ample,No,2,0,Yes,2,Yes,Yes,1,1,No,No,1,No,Yes,2,No,No,No,Residential,high,29510116200
4137,38.60174,-90.25314,Ample,No,2,0,Yes,2,Yes,Yes,1,0,No,No,1,No,Yes,2,No,No,No,Residential,medium,29510116200
4138,38.60334,-90.25317,No,No,2,0,Yes,2,Yes,Yes,1,1,No,No,1,No,Yes,2,No,No,No,Residential,high,29510116200
413,38.63708,-90.30317,Ample,No,0,0,Yes,2,No,Yes,0,0,No,No,2,Yes,Yes,2,No,No,Yes,Residential,medium,29510112100
4140,38.60609,-90.25311,Ample,No,2,0,Yes,2,Yes,Yes,1,0,No,No,1,Yes,Yes,2,No,No,No,Residential,high,29510116200
4142,38.60832,-90.25315,Ample,No,0,0,Yes,2,Yes,Yes,1,1,No,No,1,Yes,Yes,2,No,No,No,Residential,high,29510117200
4143,38.61031,-90.25311,Some,No,2,0,Yes,2,Yes,Yes,1,1,No,No,1,No,Yes,2,No,No,No,Residential,high,29510117200
4144,38.61165,-90.25307,Ample,No,2,0,Yes,2,Yes,Yes,1,0,No,No,1,No,Yes,2,No,No,No,Residential,high,29510117200
4145,38.61298,-90.25308,No,No,2,0,Yes,2,Yes,Yes,1,1,No,No,1,No,Yes,2,No,No,No,Residential,high,29510117200
4146,38.61423,-90.25311,Ample,No,2,0,Yes,2,Yes,Yes,1,1,No,No,1,No,Yes,2,No,No,No,Residential,high,29510117200
4147,38.61552,-90.25314,Ample,No,2,0,Yes,2,Yes,Yes,1,1,No,No,1,No,Yes,2,No,No,No,Residential,high,29510117200
4148,38.61676,-90.25309,Some,No,2,0,No,2,No,Yes,0,0,No,No,1,No,Yes,2,No,No,No,Residential,INVALID,29510117200
4149,38.61842,-90.25315,Ample,No,0,0,Yes,2,No,Yes,1,1,No,No,1,No,Yes,2,No,No,No,Residential,high,29510117200
414,38.63842,-90.30308,Ample,No,0,1,Yes,2,Yes,Yes,0,0,No,No,2,Yes,Yes,2,No,Yes,Yes,Residential,medium,29510112100
4150,38.61958,-90.25308,Ample,No,2,0,Yes,2,Yes,Yes,1,1,No,No,1,No,Yes,2,No,No,No,Residential,high,29510118100
4151,38.62097,-90.25322,Ample,No,2,0,No,2,No,Yes,1,1,No,No,1,No,No,2,No,No,No,Commercial,high,29510118100
4152,38.62251,-90.25323,Ample,No,0,2+,No,2,No,Yes,1,0,No,No,2,No,Yes,2,No,No,No,Commercial,low,29510118100
4153,38.62364,-90.25306,Ample,No,2,0,No,2,Yes,Yes,1,1,No,No,1,No,Yes,2,No,No,No,Commercial,low,29510118100
4154,38.62513,-90.25343,Some,No,2,0,Yes,2,Yes,Yes,1,1,No,No,1,No,Yes,2,No,No,No,Residential,high,29510118100
4155,38.62633,-90.2533,Some,No,2,0,Yes,2,No,Yes,0,1,No,No,1,No,Yes,2,No,No,No,Residential,INVALID,29510118100
4156,38.62752,-90.25306,Ample,No,2,0,Yes,2,Yes,Yes,1,0,Yes,No,1,No,Yes,2,No,No,Yes,Commercial,high,29510118600
4157,38.62891,-90.2532,Ample,No,2,0,Yes,2,Yes,Yes,1,1,No,No,1,No,Yes,2,No,No,No,Residential,high,29510118600
4158,38.63026,-90.25315,Ample,No,2,0,Yes,2,Yes,Yes,1,1,Yes,Yes,1,No,Yes,2,No,No,No,Commercial,medium,29510118600
4159,38.63172,-90.2531,Ample,No,2,0,Yes,2,Yes,Yes,1,1,Yes,No,1,No,Yes,2,No,No,No,Commercial,low,29510118600
415,38.63977,-90.30296,Ample,No,0,0,Yes,2,Yes,Yes,1,1,No,No,2,Yes,Yes,2,No,No,Yes,Residential,medium,29510112100
4160,38.63306,-90.25314,Ample,No,2,0,Yes,2,Yes,Yes,1,1,Yes,No,1,Yes,Yes,2,No,No,Yes,Commercial,high,29510118600
4161,38.63434,-90.25283,Ample,No,2,1,Yes,2,Yes,Yes,1,1,Yes,Yes,1,No,Yes,2,No,No,No,Commercial,low,29510118600
4162,38.63573,-90.25324,Ample,No,2,0,Yes,2,Yes,Yes,1,1,Yes,No,1,No,Yes,2,No,No,No,Commercial,high,29510119101
4163,38.63714,-90.25313,Ample,No,2,0,Yes,2,Yes,Yes,1,0,No,No,1,No,Yes,2,No,No,No,Residential,high,29510119101
4164,38.63844,-90.25316,Ample,No,2,0,Yes,2,Yes,Yes,1,0,No,Yes,1,No,Yes,2,No,No,No,Residential,medium,29510119101
4165,38.63993,-90.25303,Ample,No,2,0,Yes,2,Yes,Yes,1,0,No,No,1,No,Yes,2,No,No,No,Residential,high,29510119102
4166,38.64144,-90.25298,Ample,No,2,0,Yes,2,Yes,Yes,1,1,No,No,1,No,Yes,2,No,No,No,Residential,medium,29510119102
4167,38.64226,-90.25323,Some,Yes,2,0,Yes,2,No,Yes,1,1,No,No,1,No,Yes,2,No,No,No,Residential,low,29510119102
4168,38.64391,-90.25306,Ample,No,2,0,Yes,2,Yes,Yes,1,1,No,No,1,No,Yes,2,No,No,No,Residential,high,29510119102
4169,38.64512,-90.25313,Ample,No,2,0,Yes,2,Yes,Yes,1,1,No,No,1,No,Yes,2,No,No,Yes,Residential,high,29510119200
416,38.64107,-90.30281,Ample,No,0,0,Yes,2,Yes,Yes,1,1,No,No,1,Yes,Yes,2,No,No,No,Residential,medium,29510105198
4170,38.6467,-90.253,Ample,No,2,0,Yes,2,Yes,Yes,1,1,No,No,1,No,Yes,2,No,No,No,Residential,low,29510119200
4171,38.64792,-90.25304,Ample,No,2,0,Yes,2,No,Yes,1,1,No,No,2,No,Yes,2,No,No,No,Commercial,medium,29510119200
4172,38.6494,-90.25296,Some,No,2,0,Yes,2,Yes,Yes,0,0,No,No,2,No,Yes,2,No,No,No,Residential,low,29510119200
4173,38.65056,-90.25324,Ample,No,2,0,Yes,2,Yes,Yes,1,1,No,No,1,Yes,Yes,2,No,No,No,Residential,low,29510112300
4174,38.65212,-90.25297,Ample,No,0,0,Yes,2,No,Yes,0,0,No,No,2,No,Yes,2,No,No,No,Residential,high,29510112300
4175,38.65333,-90.25303,Ample,No,2,0,Yes,2,No,Yes,1,1,No,No,1,No,Yes,2,No,No,No,Residential,medium,29510112300
4176,38.65456,-90.2532,No,No,2,0,Yes,2,Yes,Yes,1,1,No,No,1,No,Yes,2,No,No,No,Residential,medium,29510112300
4177,38.65579,-90.25321,Ample,No,2,0,Yes,2,Yes,Yes,1,0,No,No,1,No,Yes,2,No,No,No,Residential,medium,29510112300
4178,38.65725,-90.25322,Ample,Yes,2,0,Yes,2,Yes,Yes,1,1,Yes,Yes,1,No,Yes,2,No,No,No,Residential,high,29510112300
4179,38.65855,-90.25319,Ample,No,2,0,Yes,2,No,Yes,1,1,No,No,1,No,Yes,2,No,No,No,Residential,high,29510111200
4180,38.66001,-90.25307,Ample,No,2,0,Yes,2,Yes,Yes,1,1,No,No,1,No,Yes,2,No,Yes,No,Commercial,high,29510111200
4181,38.66152,-90.25302,Some,No,0,0,Yes,2,No,Yes,1,1,No,No,1,Yes,Yes,2,No,No,No,Residential,high,29510106700
4182,38.6624,-90.25327,Some,No,0,0,Yes,2,No,Yes,0,0,No,No,1,No,Yes,2,No,No,No,Residential,high,29510106700
4183,38.66404,-90.25313,No,No,0,0,Yes,2,No,Yes,1,1,No,No,1,No,No,2,No,No,No,Residential,high,29510106700
4184,38.66557,-90.253,Ample,No,0,0,Yes,2,No,Yes,1,0,No,No,1,No,No,2,No,No,No,Residential,medium,29510106700
4185,38.66663,-90.25325,Ample,No,2,0,Yes,2,Yes,Yes,1,1,No,No,1,No,Yes,2,No,No,No,Residential,high,29510106700
4186,38.66812,-90.25316,Some,No,0,0,Yes,2,No,Yes,0,0,No,No,1,No,Yes,2,No,No,No,Residential,high,29510106700
4187,38.66951,-90.25325,Ample,No,2,0,Yes,2,Yes,Yes,1,0,No,No,1,No,Yes,2,No,No,No,Residential,medium,29510106700
4188,38.67097,-90.253,Some,No,0,0,No,2,No,Yes,0,0,No,No,1,No,Yes,2,No,No,No,Residential,high,29510106700
4189,38.67227,-90.2531,Ample,No,2,0,Yes,2,No,Yes,1,1,No,No,2,Yes,Yes,2,No,Yes,No,Residential,medium,29510106700
418,38.64385,-90.30295,Ample,No,2,0,Yes,2,Yes,Yes,1,1,No,No,1,No,Yes,2,No,No,No,Residential,medium,29510105198
4190,38.67368,-90.25356,Ample,No,2,0,Yes,2,Yes,Yes,1,1,No,No,1,Yes,Yes,2,No,No,No,Residential,high,29510106400
4191,38.67477,-90.25308,Ample,No,2,0,Yes,2,Yes,Yes,1,1,Yes,No,1,No,Yes,2,No,No,No,Residential,high,29510106400
4192,38.67695,-90.25322,Ample,No,2,0,Yes,2,Yes,Yes,1,0,No,No,1,No,Yes,2,No,No,Yes,Commercial,high,29510126900
4193,38.67718,-90.25373,Ample,No,2,0,Yes,2,Yes,Yes,1,1,No,No,1,No,Yes,2,No,No,No,Commercial,high,29510126900
4195,38.68096,-90.25263,Ample,No,2,0,Yes,2,Yes,Yes,1,1,No,Yes,1,No,Yes,2,No,No,No,Commercial,high,29510126900
4196,38.68128,-90.25336,Ample,No,0,0,Yes,2,Yes,Yes,1,1,No,No,1,No,Yes,2,No,No,No,Residential,high,29510126900
4197,38.68285,-90.25297,Ample,No,0,0,Yes,2,Yes,Yes,1,1,No,No,1,No,Yes,2,No,No,No,Commercial,high,29510126900
4199,38.68571,-90.25329,Ample,No,2,0,No,2,Yes,Yes,1,1,No,No,2,No,Yes,2,No,No,No,Commercial,high,29510126900
419,38.64515,-90.30249,Ample,No,2,0,No,2,Yes,Yes,1,1,No,No,1,Yes,Yes,2,No,No,No,Residential,medium,29510105198
41,38.59926,-90.31501,Ample,No,0,0,Yes,2,Yes,Yes,1,0,No,No,1,No,Yes,2,No,No,No,Residential,high,29510103800
4202,38.68962,-90.25308,Ample,No,0,0,Yes,2,No,Yes,1,1,No,No,1,No,Yes,2,No,No,No,Residential,INVALID,29510107500
4203,38.69108,-90.25316,Ample,No,2,0,Yes,2,No,Yes,1,1,No,No,1,No,Yes,2,No,No,No,Residential,high,29510107400
4204,38.69222,-90.25309,Ample,No,2,0,Yes,2,No,Yes,1,0,No,No,1,No,Yes,2,Yes,No,No,Residential,medium,29510107400
4205,38.69375,-90.25322,Ample,No,2,0,Yes,2,Yes,Yes,1,1,No,No,1,No,Yes,2,No,No,No,Residential,high,29510107400
4206,38.69495,-90.25303,Ample,No,2,0,Yes,2,No,Yes,1,1,No,No,1,No,Yes,2,No,No,No,Residential,high,29510107400
4207,38.6965,-90.25326,Ample,No,0,0,No,2,No,Yes,1,0,No,No,1,No,Yes,2,No,No,No,Residential,high,29510107400
4208,38.69773,-90.25315,Ample,No,0,0,Yes,2,No,Yes,1,1,No,No,1,No,Yes,2,No,No,No,Residential,high,29510107400
4209,38.69919,-90.25293,Ample,No,2,0,Yes,2,Yes,Yes,1,0,No,No,1,No,Yes,2,No,No,No,Residential,high,29510107200
420,38.64675,-90.3028,Ample,No,2,0,Yes,2,Yes,Yes,1,1,No,No,1,No,Yes,2,No,No,No,Commercial,high,29510105198
4210,38.70061,-90.25325,Ample,No,2,0,Yes,2,Yes,Yes,1,1,No,No,1,No,Yes,2,No,No,No,Residential,high,29510107200
4211,38.70184,-90.25317,Ample,No,2,0,Yes,2,Yes,Yes,1,1,No,No,2,No,Yes,2,No,No,No,Residential,INVALID,29510107200
4212,38.70311,-90.2531,Ample,No,2,0,Yes,2,Yes,Yes,1,1,Yes,No,1,Yes,Yes,2,No,No,No,Residential,high,29510107200
4213,38.70417,-90.25336,Ample,No,2,0,Yes,2,Yes,Yes,1,1,No,No,1,No,Yes,2,No,No,No,Residential,high,29510107300
4214,38.7057,-90.25328,Ample,No,0,0,Yes,2,No,Yes,1,0,No,No,1,Yes,Yes,2,No,No,No,Residential,medium,29510107300
4215,38.70715,-90.2531,Ample,No,2,0,Yes,2,Yes,Yes,1,0,No,No,1,No,Yes,2,No,No,No,Residential,high,29510107300
4216,38.70848,-90.25308,Ample,No,2,0,Yes,2,No,Yes,1,1,No,No,1,No,Yes,2,No,No,No,Residential,high,29510107300
4217,38.70986,-90.25321,Some,No,2,1,Yes,2,Yes,Yes,1,1,No,No,2,No,Yes,2,No,No,No,Residential,high,29510107300
4218,38.71115,-90.25328,Ample,No,2,0,Yes,2,Yes,Yes,1,1,No,Yes,1,No,Yes,2,No,No,No,Residential,high,29510107300
4219,38.71246,-90.25314,Ample,No,2,0,Yes,2,Yes,Yes,1,1,No,No,1,No,Yes,2,No,No,No,Residential,medium,29510107300
421,38.64783,-90.303,Ample,No,2,0,Yes,2,Yes,Yes,1,0,No,No,1,Yes,Yes,2,No,No,No,Residential,high,29510105198
4220,38.71395,-90.25318,Ample,No,2,0,Yes,2,Yes,Yes,1,1,No,No,1,No,Yes,2,No,No,No,Residential,high,29510107300
4221,38.7153,-90.25313,Ample,No,2,0,Yes,2,Yes,Yes,1,1,No,No,1,No,Yes,2,No,No,No,Residential,low,29510107300
4222,38.71657,-90.25293,Ample,No,2,0,Yes,2,Yes,Yes,1,1,No,No,1,No,Yes,2,No,No,No,Residential,high,29510108100
4231,38.55225,-90.2518,Ample,No,2,0,Yes,2,Yes,Yes,1,1,Yes,No,1,No,Yes,2,No,No,No,Commercial,INVALID,29510101800
4232,38.55357,-90.25181,Ample,No,2,0,Yes,2,Yes,Yes,1,1,No,No,1,No,Yes,2,No,No,No,Commercial,INVALID,29510101800
4233,38.55484,-90.25189,Ample,No,2,0,Yes,2,No,Yes,1,1,No,No,2,No,Yes,2,No,No,No,Residential,medium,29510101800
4234,38.55624,-90.25186,Ample,No,2,0,Yes,2,Yes,Yes,1,1,No,No,1,No,Yes,2,No,No,No,Residential,high,29510101800
4235,38.55779,-90.25167,Ample,No,2,0,Yes,2,No,Yes,1,1,No,No,2,No,Yes,2,No,No,No,Commercial,INVALID,29510101800
4236,38.55887,-90.25156,Ample,No,2,0,Yes,2,Yes,Yes,1,1,No,No,1,No,Yes,2,No,No,No,Residential,high,29510101400
4237,38.56028,-90.25177,Ample,No,2,0,Yes,2,Yes,Yes,1,1,No,No,1,No,Yes,2,No,No,No,Residential,medium,29510101400
4238,38.56177,-90.25189,Ample,No,0,0,Yes,2,Yes,Yes,1,0,No,No,1,No,Yes,2,No,No,No,Residential,medium,29510101400
4239,38.56301,-90.2518,No,No,2,0,Yes,2,No,Yes,1,1,No,No,1,No,Yes,2,No,No,No,Residential,high,29510101400
423,38.56821,-90.30185,Ample,No,0,0,Yes,2,Yes,Yes,1,1,Yes,No,1,Yes,Yes,2,No,No,Yes,Residential,medium,29510102100
4240,38.56449,-90.25162,Ample,No,2,0,Yes,2,Yes,Yes,1,1,No,No,1,No,Yes,2,No,No,No,Residential,medium,29510101400
4241,38.56583,-90.25171,Ample,No,2,0,Yes,2,Yes,Yes,1,1,No,No,1,Yes,Yes,2,No,No,No,Residential,medium,29510101400
4242,38.56714,-90.25169,Ample,No,2,0,Yes,2,Yes,Yes,1,0,No,No,1,No,Yes,2,No,No,No,Residential,medium,29510115500
4243,38.56829,-90.25155,Ample,No,2,0,Yes,2,Yes,Yes,1,1,No,No,1,No,Yes,2,No,No,No,Residential,medium,29510115500
4244,38.56977,-90.25181,Ample,No,2,0,Yes,2,Yes,Yes,1,1,No,No,1,No,Yes,2,No,No,No,Residential,medium,29510115500
4245,38.57097,-90.25157,Ample,No,2,0,Yes,2,Yes,Yes,1,1,No,No,2,No,Yes,2,No,No,No,Residential,medium,29510115500
4246,38.57216,-90.25134,Ample,No,2,0,Yes,2,Yes,Yes,1,1,No,No,1,No,Yes,2,No,No,No,Residential,high,29510115400
4247,38.57363,-90.25195,Ample,No,0,0,Yes,2,Yes,Yes,1,0,No,No,2,Yes,Yes,2,No,No,No,Residential,high,29510115300
4249,38.57633,-90.25193,Ample,No,2,0,Yes,2,Yes,Yes,1,0,No,No,2,No,Yes,2,No,No,No,Residential,high,29510115300
424,38.56963,-90.30174,Ample,No,2,0,Yes,2,Yes,Yes,1,1,No,No,2,Yes,Yes,2,No,No,Yes,Residential,high,29510102100
4250,38.57773,-90.25185,Ample,No,2,0,Yes,2,Yes,Yes,1,1,No,No,1,No,Yes,2,No,No,Yes,Residential,high,29510115300
4251,38.57911,-90.25189,Ample,No,2,0,Yes,2,Yes,Yes,1,0,No,No,1,No,Yes,2,No,No,No,Residential,medium,29510115300
4252,38.58053,-90.25189,Ample,No,2,0,Yes,2,Yes,Yes,1,1,No,No,1,No,Yes,2,No,Yes,No,Residential,medium,29510115300
4253,38.5817,-90.25195,Ample,No,2,0,Yes,2,Yes,Yes,1,0,No,No,1,No,Yes,2,No,No,No,Residential,low,29510115300
4254,38.58327,-90.25209,Ample,No,2,0,Yes,2,Yes,Yes,1,1,No,No,1,No,Yes,2,No,No,No,Residential,high,29510115300
4255,38.58471,-90.25165,No,No,2,0,Yes,2,Yes,Yes,1,1,No,No,1,No,Yes,2,No,No,No,Residential,medium,29510115700
4256,38.58596,-90.25173,Ample,No,2,0,Yes,2,Yes,Yes,1,1,No,No,1,No,Yes,2,No,No,No,Residential,high,29510115700
4257,38.58723,-90.25199,Ample,No,2,0,Yes,2,Yes,Yes,1,1,No,Yes,1,Yes,Yes,2,No,No,No,Residential,high,29510116100
4258,38.5886,-90.25178,Ample,No,2,0,Yes,2,Yes,Yes,1,1,Yes,No,1,No,Yes,2,No,No,No,Residential,medium,29510116100
4259,38.58992,-90.25168,Ample,No,2,0,Yes,2,Yes,Yes,1,0,No,No,1,No,Yes,2,No,No,No,Residential,high,29510116100
4260,38.59126,-90.25176,Ample,No,2,0,Yes,2,Yes,Yes,1,1,No,No,1,No,Yes,2,No,No,No,Commercial,medium,29510116100
4261,38.59264,-90.25175,Ample,Yes,2,0,Yes,2,Yes,Yes,1,1,No,No,1,No,Yes,2,No,No,No,Residential,high,29510116100
4262,38.59406,-90.25173,No,No,2,0,Yes,2,No,Yes,0,0,No,No,1,No,Yes,2,No,No,No,Residential,low,29510116100
4263,38.59534,-90.25177,Ample,No,2,0,Yes,2,Yes,Yes,1,1,No,No,1,No,Yes,2,No,No,No,Residential,medium,29510116100
4264,38.59702,-90.25168,Ample,No,2,0,Yes,2,Yes,Yes,1,1,No,No,1,No,Yes,2,No,No,No,Residential,medium,29510116200
4265,38.59804,-90.25181,No,No,2,0,Yes,2,Yes,Yes,1,1,No,No,1,No,Yes,2,No,No,No,Residential,medium,29510116200
4266,38.59942,-90.25218,Ample,No,2,0,Yes,2,No,Yes,0,0,No,No,1,No,Yes,2,No,No,No,Residential,high,29510116200
4267,38.60073,-90.25183,Ample,No,2,0,Yes,2,Yes,Yes,1,0,No,No,1,No,Yes,2,No,No,No,Residential,high,29510116200
4268,38.60162,-90.25183,Ample,No,2,0,Yes,2,Yes,Yes,1,1,Yes,No,1,No,Yes,2,No,No,No,Residential,medium,29510116200
4269,38.60321,-90.25181,Ample,No,2,0,Yes,2,No,Yes,1,0,No,No,1,No,Yes,2,No,No,No,Residential,high,29510116200
4271,38.60595,-90.25177,Ample,No,2,0,Yes,2,Yes,Yes,1,0,No,No,1,Yes,Yes,2,No,No,No,Residential,high,29510116200
4273,38.60877,-90.25173,Ample,No,2,0,Yes,2,Yes,Yes,1,1,No,No,1,Yes,Yes,2,No,Yes,No,Residential,high,29510117200
4274,38.61019,-90.25176,Ample,No,2,0,Yes,2,Yes,Yes,0,0,No,No,1,No,Yes,2,No,No,No,Residential,high,29510117200
4275,38.61153,-90.2518,Ample,No,2,0,Yes,2,Yes,Yes,1,0,No,No,1,No,Yes,2,No,No,No,Residential,high,29510117200
4276,38.61286,-90.25176,Some,No,2,0,Yes,2,Yes,Yes,1,1,No,No,1,No,Yes,2,No,No,No,Residential,high,29510117200
4277,38.61411,-90.25176,No,No,2,0,Yes,2,Yes,Yes,1,1,No,No,1,No,Yes,2,No,No,No,Residential,high,29510117200
4278,38.61539,-90.25184,Ample,No,2,0,Yes,2,Yes,Yes,1,0,No,No,1,No,Yes,2,No,No,No,Residential,high,29510117200
4279,38.61734,-90.25175,Ample,No,0,0,Yes,2,Yes,Yes,1,1,No,No,1,No,Yes,2,No,No,No,Residential,high,29510117200
427,38.57368,-90.30181,Ample,No,2,0,Yes,2,Yes,Yes,1,0,No,No,1,Yes,Yes,2,No,No,No,Residential,high,29510102100
4280,38.61829,-90.25173,Some,No,0,0,Yes,2,Yes,Yes,1,1,No,No,1,No,Yes,2,No,No,No,Residential,high,29510117200
4281,38.61968,-90.25176,No,No,2,0,Yes,2,Yes,Yes,1,1,No,No,1,No,Yes,2,No,No,Yes,Residential,low,29510118100
4282,38.62106,-90.25179,Ample,No,2,0,Yes,2,No,Yes,1,1,No,No,1,No,Yes,2,No,No,No,Residential,low,29510118100
4283,38.62196,-90.25182,Ample,No,0,0,Yes,2,Yes,Yes,1,1,No,No,2,No,Yes,2,No,No,No,Commercial,high,29510118100
4284,38.62356,-90.25177,Ample,No,0,0,Yes,2,Yes,Yes,1,1,No,No,1,No,Yes,2,No,No,No,Commercial,low,29510118100
4285,38.62505,-90.25172,Ample,No,2,0,Yes,2,Yes,Yes,1,1,No,No,1,No,Yes,2,No,No,No,Commercial,high,29510118100
4286,38.62634,-90.25187,Some,No,2,0,Yes,2,No,Yes,1,1,No,No,2,No,Yes,2,No,No,No,Residential,high,29510118100
4287,38.62769,-90.25175,Ample,No,2,0,Yes,2,Yes,Yes,1,0,Yes,Yes,1,No,Yes,2,No,No,No,Commercial,low,29510118600
4288,38.62901,-90.25172,Ample,No,2,0,Yes,2,Yes,Yes,1,1,No,No,1,No,Yes,2,No,No,No,Residential,low,29510118600
4289,38.63028,-90.25178,Ample,No,2,0,Yes,2,Yes,Yes,1,1,No,No,1,No,Yes,2,No,No,No,Commercial,high,29510118600
428,38.57515,-90.30159,Ample,No,2,0,No,2,Yes,Yes,1,1,No,No,1,No,Yes,2,No,No,No,Residential,medium,29510102200
4290,38.6319,-90.2517,Ample,No,2,0,Yes,2,Yes,Yes,1,1,No,No,1,No,Yes,2,No,No,No,Commercial,low,29510118600
4291,38.63278,-90.25186,Ample,No,2,0,Yes,2,Yes,Yes,1,1,No,No,1,No,Yes,2,No,No,No,Commercial,INVALID,29510118600
4292,38.63423,-90.25185,Ample,No,2,1,Yes,2,Yes,Yes,1,1,No,No,1,No,Yes,2,No,No,No,Commercial,high,29510118600
4293,38.63538,-90.25194,Ample,No,2,0,Yes,2,Yes,Yes,1,1,Yes,No,1,No,Yes,2,No,No,No,Commercial,high,29510118600
4294,38.63712,-90.25188,Ample,No,2,0,Yes,2,Yes,Yes,1,1,No,Yes,1,No,Yes,2,No,No,No,Commercial,INVALID,29510119101
4295,38.63837,-90.25147,Ample,No,2,0,Yes,2,Yes,Yes,1,0,No,No,1,No,Yes,2,No,No,No,Residential,INVALID,29510119101
4296,38.63968,-90.25182,Ample,No,2,0,Yes,2,Yes,Yes,1,0,No,No,1,Yes,Yes,2,No,No,No,Residential,medium,29510119101
4297,38.64119,-90.2518,Ample,No,2,0,Yes,2,Yes,Yes,1,1,No,No,1,No,Yes,2,No,No,No,Residential,high,29510119102
4298,38.64268,-90.25166,Ample,No,2,0,No,2,Yes,Yes,1,0,No,No,1,No,Yes,2,No,No,No,Residential,high,29510119102
4299,38.64356,-90.25186,Ample,No,0,0,Yes,2,Yes,Yes,1,1,No,No,2,No,Yes,2,No,No,Yes,Residential,high,29510119102
429,38.57641,-90.30166,Ample,No,2,0,Yes,2,Yes,Yes,1,1,No,No,1,No,Yes,2,No,No,No,Residential,medium,29510102200
42,38.60071,-90.31545,Ample,No,0,0,Yes,2,Yes,Yes,0,0,No,No,1,No,Yes,2,No,No,No,Commercial,low,29510126800
4300,38.64504,-90.25189,Some,No,2,0,Yes,2,No,Yes,1,1,No,No,1,No,Yes,2,No,No,No,Residential,medium,29510119200
4301,38.64673,-90.2517,Ample,No,2,0,Yes,2,Yes,Yes,1,1,No,No,1,No,Yes,2,No,No,No,Residential,low,29510119200
4302,38.6477,-90.25143,Ample,No,2,0,Yes,2,Yes,Yes,1,0,No,No,1,No,Yes,2,No,No,No,Residential,high,29510119200
4303,38.64945,-90.25168,Ample,No,2,0,Yes,2,Yes,Yes,1,0,No,No,1,Yes,Yes,2,No,No,No,Residential,high,29510119200
4304,38.65068,-90.25165,Ample,No,2,0,Yes,2,Yes,Yes,1,1,No,No,1,No,Yes,2,No,No,No,Residential,medium,29510111100
4305,38.65167,-90.25192,Some,No,0,1,Yes,2,No,Yes,1,1,No,No,1,No,Yes,2,No,No,No,Residential,low,29510111100
4306,38.65333,-90.2517,Ample,No,2,0,Yes,2,Yes,Yes,1,1,No,No,1,No,Yes,2,No,No,No,Residential,high,29510112300
4307,38.6547,-90.25176,Some,No,2,0,Yes,2,No,Yes,1,0,No,No,1,No,Yes,2,No,No,No,Residential,high,29510112300
4308,38.65594,-90.2518,Some,No,2,0,Yes,2,No,Yes,0,0,No,No,2,No,Yes,2,No,Yes,No,Residential,high,29510112300
4309,38.65732,-90.25183,Some,No,0,0,Yes,2,No,Yes,1,1,No,No,2,No,Yes,2,No,No,No,Residential,high,29510111200
430,38.57794,-90.30112,Ample,No,2,0,Yes,2,Yes,Yes,1,0,No,No,1,No,Yes,2,No,No,No,Residential,medium,29510102200
4310,38.65853,-90.25188,Ample,No,0,0,Yes,2,No,Yes,0,0,No,No,1,No,Yes,2,No,No,No,Residential,high,29510111200
4311,38.66001,-90.25173,Ample,No,0,0,Yes,2,No,Yes,0,0,No,No,2,No,Yes,2,No,No,No,Residential,medium,29510111200
4312,38.66133,-90.25167,Ample,No,2,0,Yes,2,Yes,Yes,1,0,No,No,2,Yes,Yes,2,No,No,No,Residential,high,29510111200
4313,38.66271,-90.25174,Ample,No,2,0,Yes,2,Yes,Yes,1,1,No,No,1,No,Yes,2,No,No,No,Residential,medium,29510106700
4314,38.6642,-90.25165,Ample,No,2,0,Yes,2,Yes,Yes,1,1,No,No,1,No,Yes,2,No,No,No,Residential,high,29510106700
4315,38.66543,-90.2517,Some,No,2,0,Yes,2,No,Yes,1,1,No,No,1,No,Yes,2,No,No,No,Residential,low,29510106700
4316,38.66687,-90.25167,Some,Yes,2,0,Yes,2,No,Yes,1,1,No,No,1,No,Yes,2,No,No,Yes,Residential,high,29510106700
4317,38.668,-90.25179,Ample,No,2,0,Yes,2,Yes,Yes,1,1,No,No,1,No,Yes,2,No,No,No,Residential,high,29510106700
4318,38.66934,-90.25187,Ample,No,2,0,Yes,2,Yes,Yes,1,1,No,No,2,No,Yes,2,No,No,No,Residential,INVALID,29510106700
4319,38.67075,-90.25166,Some,No,0,0,Yes,2,No,Yes,1,1,No,No,1,No,Yes,2,No,No,No,Residential,high,29510106700
431,38.57916,-90.3016,Ample,No,2,0,Yes,2,Yes,Yes,1,0,No,No,1,No,Yes,2,No,No,No,Residential,high,29510102200
4320,38.67216,-90.25171,Ample,No,2,0,Yes,2,No,Yes,1,1,No,No,1,No,Yes,2,No,No,No,Residential,medium,29510106700
4321,38.67335,-90.25141,Ample,No,2,0,Yes,2,Yes,Yes,1,0,No,No,1,No,Yes,2,No,No,No,Residential,medium,29510106700
4322,38.67452,-90.25196,Ample,No,2,0,Yes,2,No,Yes,1,1,No,No,1,No,Yes,2,No,No,No,Residential,high,29510106700
4323,38.67618,-90.2518,Ample,No,2,1,Yes,2,Yes,Yes,1,1,Yes,Yes,1,No,Yes,2,No,No,No,Commercial,high,29510106400
4324,38.67769,-90.2517,Ample,No,2,0,Yes,2,Yes,Yes,1,1,No,No,1,No,Yes,2,No,Yes,No,Commercial,high,29510126900
4325,38.67813,-90.25271,Ample,No,2,0,Yes,2,Yes,Yes,1,1,No,No,2,No,Yes,2,No,No,No,Commercial,low,29510126900
4326,38.68049,-90.25155,Ample,No,2,0,Yes,2,Yes,Yes,1,1,No,Yes,1,No,Yes,2,No,No,No,Commercial,INVALID,29510126900
4327,38.68204,-90.25171,Ample,No,2,0,Yes,2,No,Yes,1,1,No,No,1,No,Yes,2,No,No,No,Commercial,low,29510126900
4328,38.6833,-90.25155,Ample,No,2,0,Yes,2,Yes,Yes,1,1,No,No,1,No,Yes,2,No,No,No,Commercial,INVALID,29510126900
4329,38.68431,-90.25192,Ample,No,2,0,Yes,2,No,Yes,1,1,No,No,1,No,Yes,2,No,No,No,Commercial,low,29510126900
432,38.58072,-90.30215,Ample,No,2,0,Yes,2,Yes,Yes,1,0,No,No,1,No,Yes,2,No,No,No,Residential,high,29510102200
4330,38.68533,-90.2512,Ample,No,2,0,Yes,2,No,Yes,1,0,No,No,2,No,Yes,2,No,No,No,Commercial,INVALID,29510126900
4331,38.68714,-90.25229,Ample,No,2,0,Yes,2,Yes,Yes,1,1,No,No,2,No,Yes,2,No,No,No,Commercial,INVALID,29510126900
4332,38.68829,-90.25186,Ample,No,2,0,Yes,2,Yes,Yes,1,1,No,No,1,No,Yes,2,No,No,No,Commercial,medium,29510126900
4333,38.68968,-90.25176,Ample,No,2,0,Yes,2,No,Yes,1,1,No,No,1,No,Yes,2,No,No,No,Residential,medium,29510107500
4334,38.69103,-90.2518,Ample,No,0,0,Yes,2,No,Yes,1,1,No,No,2,No,Yes,2,No,No,No,Residential,medium,29510107500
4335,38.69234,-90.25185,Ample,No,2,0,Yes,2,Yes,Yes,1,1,No,No,1,No,Yes,2,No,No,Yes,Residential,high,29510107400
4336,38.6937,-90.25172,Ample,No,2,0,Yes,2,Yes,Yes,1,1,Yes,No,1,No,Yes,2,No,No,No,Residential,high,29510107400
4337,38.69507,-90.2518,Ample,No,0,0,Yes,2,No,Yes,1,0,No,No,2,No,Yes,2,No,No,No,Residential,high,29510107400
4338,38.69624,-90.25164,Ample,No,0,0,Yes,2,No,Yes,0,0,No,No,1,Yes,Yes,2,No,No,No,Residential,high,29510107400
4339,38.69781,-90.25173,Ample,No,2,0,Yes,2,Yes,Yes,1,0,No,No,1,No,Yes,2,No,No,No,Residential,medium,29510107400
433,38.58192,-90.30147,Ample,No,2,0,Yes,2,Yes,Yes,1,0,No,No,1,Yes,Yes,2,No,No,No,Residential,medium,29510102200
4340,38.69909,-90.25173,Ample,No,2,0,Yes,2,No,Yes,1,1,No,No,1,No,Yes,2,No,No,No,Residential,high,29510107200
4341,38.7003,-90.25164,Ample,No,2,0,Yes,2,Yes,Yes,1,1,No,No,1,No,Yes,2,No,No,No,Residential,high,29510107200
4342,38.70183,-90.25159,Ample,No,2,0,Yes,2,Yes,Yes,1,1,No,No,1,No,Yes,2,No,No,Yes,Residential,INVALID,29510107200
4343,38.70317,-90.25183,Some,No,0,0,Yes,2,No,Yes,1,1,No,No,1,No,No,2,No,No,No,Residential,high,29510107200
4344,38.70446,-90.25182,Ample,Yes,2,0,Yes,2,Yes,Yes,1,1,Yes,No,1,Yes,Yes,2,No,No,Yes,Residential,high,29510107300
4345,38.706,-90.25169,Ample,No,2,0,Yes,2,No,Yes,1,0,No,No,1,No,Yes,2,No,No,No,Residential,medium,29510107300
4346,38.70719,-90.25183,Ample,No,2,0,Yes,2,No,Yes,1,0,No,No,1,No,Yes,2,No,No,No,Residential,high,29510107300
4347,38.70839,-90.2515,Ample,No,2,0,Yes,2,Yes,Yes,1,1,No,No,1,No,Yes,2,No,No,No,Residential,high,29510107300
4348,38.70976,-90.25207,Ample,No,2,0,Yes,2,Yes,Yes,1,1,No,No,1,No,Yes,2,No,No,No,Residential,medium,29510107300
4349,38.71168,-90.25138,Some,No,2,0,Yes,2,No,Yes,1,1,No,No,2,No,Yes,2,No,No,No,Residential,low,29510107300
434,38.58225,-90.30176,Ample,No,2,0,Yes,2,Yes,Yes,1,0,Yes,No,1,Yes,Yes,2,No,No,No,Residential,medium,29510114102
4350,38.71252,-90.25183,Ample,No,2,0,Yes,2,Yes,Yes,1,1,No,No,2,No,Yes,2,No,No,No,Residential,medium,29510107300
4351,38.71401,-90.25195,Ample,No,2,0,Yes,2,Yes,Yes,1,1,No,No,1,No,Yes,2,No,No,No,Residential,medium,29510107300
4352,38.71545,-90.25169,Ample,No,2,0,Yes,2,Yes,Yes,1,1,No,No,1,No,Yes,2,No,No,No,Residential,medium,29510108100
4353,38.71647,-90.25151,Ample,No,2,0,Yes,2,Yes,Yes,1,1,No,No,1,No,Yes,2,No,No,No,Residential,medium,29510108100
4354,38.71784,-90.25149,No,No,2,0,Yes,2,Yes,Yes,1,1,No,No,1,No,Yes,2,No,No,No,Residential,high,29510108100
435,38.58427,-90.30135,Ample,No,2,0,Yes,2,Yes,Yes,1,1,No,No,1,Yes,Yes,2,No,Yes,No,Residential,medium,29510114102
4362,38.55256,-90.2504,Ample,No,0,0,Yes,2,Yes,Yes,1,1,Yes,No,1,No,Yes,2,No,No,No,Commercial,high,29510101800
4363,38.55375,-90.25026,Ample,No,2,0,Yes,2,Yes,Yes,1,1,Yes,No,1,No,Yes,2,No,No,No,Commercial,low,29510101800
4364,38.55482,-90.25041,Ample,No,2,0,Yes,2,No,Yes,1,0,No,No,1,No,Yes,2,No,No,No,Residential,high,29510101800
4365,38.55689,-90.25036,No,No,2,0,Yes,2,Yes,Yes,1,0,No,No,2,No,Yes,2,No,No,No,Residential,high,29510101800
4366,38.55765,-90.25052,Ample,No,2,0,Yes,2,Yes,Yes,1,1,No,No,1,No,Yes,2,No,No,No,Residential,medium,29510101800
4367,38.55904,-90.25064,Ample,No,2,0,Yes,2,No,Yes,1,1,No,No,1,No,Yes,2,No,No,No,Residential,INVALID,29510101800
4368,38.56027,-90.25039,Ample,No,2,0,Yes,2,Yes,Yes,1,0,No,No,1,No,Yes,2,No,No,No,Residential,high,29510101400
4369,38.5616,-90.25042,Ample,No,0,0,No,2,Yes,Yes,1,1,No,No,1,No,Yes,2,No,No,No,Residential,high,29510101400
4370,38.56285,-90.25056,Ample,No,2,0,Yes,2,Yes,Yes,1,1,No,No,1,No,Yes,2,No,No,No,Residential,high,29510101400
4371,38.564,-90.25068,Ample,No,2,0,Yes,2,Yes,Yes,1,1,No,No,1,No,Yes,2,No,No,No,Residential,medium,29510101400
4372,38.56555,-90.25056,Ample,No,2,0,Yes,2,Yes,Yes,1,1,No,No,1,Yes,Yes,2,No,No,No,Residential,high,29510101400
4373,38.56704,-90.25042,Some,No,2,0,Yes,2,No,Yes,1,0,No,No,1,No,Yes,2,No,No,No,Residential,INVALID,29510115500
4374,38.56835,-90.25053,Ample,No,2,0,Yes,2,Yes,Yes,1,1,No,No,1,No,Yes,2,No,No,No,Residential,medium,29510115500
4375,38.5697,-90.25036,Ample,No,2,0,Yes,2,Yes,Yes,1,1,No,No,1,No,Yes,2,No,No,No,Residential,medium,29510115500
4376,38.57114,-90.25067,Ample,No,2,0,Yes,2,Yes,Yes,1,1,No,No,1,No,Yes,2,No,No,No,Residential,medium,29510115500
4377,38.5724,-90.25037,Ample,No,2,0,Yes,2,No,Yes,1,1,No,No,1,No,Yes,2,No,No,No,Residential,high,29510115500
4378,38.57362,-90.25012,Ample,No,2,0,Yes,2,Yes,Yes,1,0,No,No,2,Yes,Yes,2,No,No,No,Residential,medium,29510115300
4379,38.57534,-90.25031,Ample,No,2,0,Yes,2,Yes,Yes,1,1,No,No,2,Yes,Yes,2,No,No,No,Residential,high,29510115300
437,38.58768,-90.30159,Ample,No,2,0,Yes,2,Yes,Yes,1,0,No,No,1,Yes,Yes,2,No,No,No,Residential,high,29510114102
4380,38.57661,-90.25066,Ample,No,2,0,Yes,2,Yes,Yes,1,1,No,No,1,No,Yes,2,No,No,No,Residential,medium,29510115300
4381,38.57781,-90.2504,Ample,No,2,0,Yes,2,No,Yes,1,0,No,No,1,No,Yes,2,No,No,No,Residential,high,29510115300
4382,38.57926,-90.25069,No,No,2,0,Yes,2,No,Yes,1,1,No,No,1,No,Yes,2,No,No,No,Residential,INVALID,29510115300
4383,38.5805,-90.2504,Ample,No,2,0,Yes,2,Yes,Yes,1,1,No,No,1,No,Yes,2,No,No,No,Residential,medium,29510115300
4384,38.58198,-90.25067,Ample,No,2,0,Yes,2,Yes,Yes,1,1,No,No,2,No,Yes,2,No,No,No,Residential,medium,29510115300
4385,38.58318,-90.25046,Ample,No,2,0,Yes,2,Yes,Yes,1,0,No,No,1,No,Yes,2,No,No,No,Residential,medium,29510115300
4386,38.58457,-90.2504,Some,No,2,0,Yes,2,No,Yes,1,0,No,No,1,No,Yes,2,No,No,No,Residential,high,29510115700
4387,38.58583,-90.25045,Ample,No,2,0,Yes,2,Yes,Yes,1,1,No,No,1,No,Yes,2,No,No,No,Residential,high,29510116302
4388,38.58691,-90.25055,Ample,No,2,0,Yes,2,Yes,Yes,1,0,No,No,1,No,Yes,2,No,No,No,Residential,high,29510116302
4389,38.58848,-90.25052,Some,No,2,0,Yes,2,No,Yes,1,1,No,No,1,No,Yes,2,No,No,No,Residential,medium,29510116302
438,38.58866,-90.30158,Ample,No,2,0,Yes,2,Yes,Yes,1,0,No,No,1,No,Yes,2,No,No,No,Residential,high,29510114102
4390,38.58993,-90.25054,Some,No,2,0,Yes,2,No,Yes,1,1,No,No,1,No,Yes,2,No,No,No,Residential,high,29510116302
4391,38.59127,-90.25032,Ample,No,2,0,Yes,2,Yes,Yes,1,1,Yes,Yes,1,No,Yes,2,No,No,No,Residential,high,29510116302
4392,38.5926,-90.25043,Ample,No,2,0,No,2,Yes,Yes,1,1,No,No,1,No,Yes,2,No,No,No,Commercial,INVALID,29510116302
4393,38.59408,-90.25065,Ample,No,0,0,No,2,No,Yes,1,1,No,No,1,No,Yes,2,No,No,No,Commercial,high,29510116302
4394,38.59536,-90.25083,Ample,No,2,0,Yes,2,Yes,Yes,1,1,Yes,Yes,1,No,Yes,2,No,No,No,Residential,medium,29510116100
4395,38.59675,-90.25038,Ample,No,2,0,Yes,2,Yes,Yes,1,1,Yes,No,1,No,Yes,2,No,No,No,Residential,medium,29510116301
4396,38.59802,-90.2504,Ample,No,2,0,Yes,2,Yes,Yes,1,1,Yes,No,1,No,Yes,2,No,No,Yes,Residential,low,29510116200
4397,38.59927,-90.25067,Ample,No,2,0,No,2,No,Yes,0,0,No,No,1,No,Yes,2,No,No,No,Residential,medium,29510116200
4398,38.6006,-90.25047,Ample,No,2,0,Yes,2,Yes,Yes,1,1,No,No,1,No,Yes,2,No,No,No,Residential,medium,29510116200
4399,38.60153,-90.25081,Ample,No,2,0,Yes,2,Yes,Yes,1,0,No,No,1,No,Yes,2,No,No,No,Residential,medium,29510116200
439,38.59005,-90.30157,Some,No,2,0,Yes,2,Yes,Yes,0,0,No,No,1,No,Yes,2,No,No,No,Residential,high,29510114102
43,38.60209,-90.31526,Ample,No,0,0,Yes,2,Yes,Yes,1,1,No,No,2,No,Yes,2,No,No,No,Residential,high,29510126800
4400,38.6036,-90.25045,Ample,No,0,0,Yes,2,Yes,Yes,1,0,No,No,1,Yes,Yes,2,No,No,No,Residential,high,29510116200
4402,38.60583,-90.25045,Ample,No,2,0,Yes,2,Yes,Yes,1,0,No,No,1,Yes,Yes,2,No,No,No,Residential,high,29510116200
4404,38.60882,-90.25045,Ample,No,2,0,Yes,2,Yes,Yes,1,1,No,No,1,No,Yes,2,No,No,No,Residential,medium,29510117200
4405,38.61007,-90.25048,Ample,No,2,0,Yes,2,Yes,Yes,0,0,No,No,1,No,Yes,2,No,No,No,Residential,high,29510117200
4406,38.61141,-90.25049,Ample,No,2,0,Yes,2,Yes,Yes,1,0,No,No,1,No,Yes,2,No,No,No,Residential,high,29510117200
4407,38.61274,-90.2505,No,No,2,0,Yes,2,Yes,Yes,1,1,No,No,1,No,Yes,2,No,No,No,Residential,high,29510117200
4408,38.61399,-90.2505,Ample,No,2,0,Yes,2,Yes,Yes,0,0,No,No,2,No,Yes,2,No,No,No,Residential,high,29510117200
4409,38.61555,-90.25069,Ample,No,2,0,Yes,2,Yes,Yes,1,1,Yes,No,1,No,Yes,2,No,No,No,Residential,high,29510117200
440,38.59144,-90.30168,Ample,No,2,0,Yes,2,Yes,Yes,1,0,No,No,1,No,Yes,2,No,No,No,Residential,medium,29510114102
4410,38.61689,-90.25049,Ample,No,2,0,Yes,2,Yes,Yes,1,0,No,No,1,No,Yes,2,No,No,No,Residential,high,29510117200
4411,38.61818,-90.25048,Ample,No,0,0,Yes,2,No,Yes,1,1,Yes,No,1,No,Yes,2,No,No,No,Residential,high,29510117200
4412,38.61956,-90.25039,Some,No,2,0,Yes,2,No,Yes,1,1,No,No,1,No,Yes,2,No,No,No,Residential,INVALID,29510118100
4413,38.62094,-90.25042,Ample,No,2,0,Yes,2,Yes,Yes,1,1,No,No,1,No,Yes,2,No,No,No,Residential,low,29510118100
4414,38.62185,-90.25056,Ample,No,0,0,Yes,2,Yes,Yes,1,1,No,No,1,No,Yes,2,No,No,No,Residential,high,29510118100
4415,38.62401,-90.25066,Some,No,0,0,Yes,2,No,Yes,1,1,No,No,2,No,Yes,2,No,No,No,Commercial,low,29510118100
4416,38.62507,-90.25029,Ample,No,2,0,Yes,2,Yes,Yes,1,1,No,No,1,No,Yes,2,No,No,No,Commercial,low,29510118100
4417,38.62644,-90.25052,Ample,No,2,0,Yes,2,Yes,Yes,1,1,No,No,1,No,Yes,2,No,No,No,Commercial,INVALID,29510118100
4418,38.62786,-90.25053,Ample,Yes,2,0,Yes,2,Yes,Yes,1,0,Yes,Yes,1,No,Yes,2,No,No,No,Commercial,low,29510118600
4419,38.62883,-90.25051,Ample,No,2,0,No,2,No,Yes,1,1,No,No,1,No,Yes,2,No,No,No,Residential,low,29510118600
441,38.59257,-90.30159,Ample,No,2,0,Yes,2,Yes,Yes,1,1,Yes,No,1,No,Yes,2,No,No,No,Commercial,medium,29510114102
4420,38.63041,-90.25047,Ample,No,0,0,Yes,2,Yes,Yes,1,1,No,No,2,No,Yes,2,No,No,No,Residential,high,29510118600
4421,38.63166,-90.2506,Ample,No,2,0,Yes,2,Yes,Yes,1,0,No,No,1,No,Yes,2,No,No,No,Commercial,high,29510118600
4422,38.6325,-90.25033,Ample,No,0,0,Yes,2,Yes,Yes,1,1,No,No,1,No,Yes,2,No,No,No,Commercial,medium,29510118600
4423,38.63405,-90.25061,No,No,2,0,No,2,No,Yes,0,0,No,No,1,No,No,2,No,Yes,No,Commercial,low,29510118600
4424,38.6364,-90.25039,Ample,No,2,0,Yes,2,Yes,Yes,1,1,No,No,1,No,Yes,2,No,No,No,Commercial,high,29510118600
4425,38.63659,-90.25042,Ample,No,2,0,Yes,2,Yes,Yes,1,0,No,No,1,No,Yes,2,No,No,No,Commercial,high,29510118600
4426,38.63864,-90.25042,Ample,No,2,0,Yes,2,Yes,Yes,1,0,No,No,1,No,Yes,2,No,No,No,Residential,high,29510119101
4427,38.64012,-90.25038,Ample,No,2,0,Yes,2,Yes,Yes,1,1,No,No,1,No,Yes,2,No,No,No,Commercial,low,29510119102
4428,38.64114,-90.25053,Ample,No,2,0,Yes,2,Yes,Yes,1,1,Yes,Yes,1,No,Yes,2,No,No,No,Commercial,high,29510119102
4429,38.64245,-90.25052,Ample,No,2,0,Yes,2,Yes,Yes,1,0,No,No,1,No,Yes,2,No,No,No,Residential,high,29510119102
442,38.59399,-90.30154,Ample,No,2,0,Yes,2,Yes,Yes,1,1,No,No,1,Yes,Yes,2,No,No,No,Residential,medium,29510114102
4430,38.6438,-90.25043,Ample,No,2,0,Yes,2,Yes,Yes,1,0,No,No,1,No,Yes,2,No,No,No,Residential,medium,29510119200
4431,38.64504,-90.25059,Ample,No,2,0,Yes,2,No,Yes,1,1,No,No,1,No,Yes,2,No,No,No,Residential,high,29510119200
4432,38.64672,-90.25028,Some,No,0,0,Yes,2,Yes,Yes,1,0,No,No,2,No,Yes,2,No,No,No,Residential,high,29510119200
4433,38.64774,-90.25052,Ample,No,2,0,Yes,2,No,Yes,1,1,No,No,1,No,Yes,2,No,No,Yes,Residential,medium,29510119200
4434,38.64921,-90.25034,Ample,No,2,0,Yes,2,Yes,Yes,1,0,No,No,1,No,Yes,2,No,No,No,Residential,high,29510119200
4435,38.65024,-90.25065,Ample,No,2,0,Yes,2,Yes,Yes,1,1,No,No,1,No,Yes,2,No,No,No,Residential,high,29510111100
4436,38.65171,-90.25061,No,No,2,0,Yes,2,Yes,Yes,1,0,No,No,1,No,Yes,2,No,No,No,Residential,high,29510111100
4437,38.65359,-90.25071,Ample,No,2,0,Yes,2,Yes,Yes,1,1,Yes,No,1,Yes,Yes,2,No,No,Yes,Commercial,high,29510111200
4438,38.65465,-90.25039,Ample,No,0,0,Yes,2,Yes,Yes,1,1,Yes,No,1,Yes,Yes,2,No,No,No,Residential,medium,29510112300
4439,38.65603,-90.25042,Ample,No,0,0,Yes,2,Yes,Yes,1,1,No,No,1,No,Yes,2,No,No,No,Residential,medium,29510111200
443,38.59535,-90.30164,Ample,No,2,0,No,2,Yes,Yes,1,1,No,No,1,No,Yes,2,No,No,No,Residential,high,29510103800
4440,38.65732,-90.25037,Some,No,2,0,Yes,2,Yes,Yes,1,1,No,No,1,No,Yes,2,No,No,No,Residential,high,29510111200
4441,38.65882,-90.25035,Ample,No,2,0,Yes,2,Yes,Yes,1,1,No,No,1,No,Yes,2,No,No,No,Commercial,medium,29510111200
4442,38.65992,-90.25047,Ample,No,2,0,Yes,2,Yes,Yes,1,1,No,No,1,No,Yes,2,No,No,No,Residential,high,29510111200
4443,38.66133,-90.25037,Ample,No,2,0,Yes,2,No,Yes,1,1,No,No,1,No,Yes,2,No,No,No,Residential,medium,29510111200
4444,38.66279,-90.25063,Ample,No,2,0,Yes,2,No,Yes,1,1,No,No,1,No,Yes,2,No,No,No,Residential,high,29510111200
4445,38.66403,-90.25045,Ample,No,2,0,Yes,2,Yes,Yes,1,1,No,No,1,No,Yes,2,No,No,No,Residential,high,29510111200
4446,38.66541,-90.25048,Some,No,2,0,Yes,2,No,Yes,1,1,No,No,1,No,Yes,2,No,No,No,Residential,high,29510106700
4447,38.66683,-90.25035,Some,No,0,0,Yes,2,No,Yes,0,0,No,No,1,No,Yes,2,No,No,No,Residential,high,29510106700
4448,38.668,-90.25056,Some,No,0,0,Yes,2,No,Yes,0,0,No,No,1,No,Yes,2,No,No,No,Residential,medium,29510106700
4449,38.66924,-90.25053,Some,No,0,0,Yes,2,No,Yes,1,1,No,No,1,No,Yes,2,No,No,No,Residential,medium,29510106700
444,38.59673,-90.30167,Ample,No,2,0,Yes,2,Yes,Yes,1,0,No,No,1,No,Yes,2,No,No,No,Residential,high,29510103800
4450,38.67091,-90.25034,Ample,No,2,0,Yes,2,Yes,Yes,1,1,No,No,1,No,Yes,2,No,No,No,Residential,medium,29510106700
4451,38.67217,-90.25035,Ample,No,2,0,Yes,2,Yes,Yes,1,1,No,No,2,Yes,Yes,2,No,No,No,Residential,medium,29510106700
4452,38.67349,-90.25039,Ample,No,2,0,Yes,2,Yes,Yes,1,1,No,No,2,Yes,Yes,2,No,No,No,Residential,medium,29510106700
4453,38.67474,-90.25053,Ample,No,0,0,Yes,2,Yes,Yes,1,1,No,No,1,No,Yes,2,No,No,No,Residential,high,29510106700
4454,38.67584,-90.25064,Ample,No,2,0,Yes,2,Yes,Yes,1,1,No,Yes,1,No,Yes,2,No,No,Yes,Commercial,high,29510126900
4455,38.67766,-90.25071,Ample,No,2,0,Yes,2,Yes,Yes,1,1,No,No,1,Yes,Yes,2,No,No,No,Commercial,medium,29510126900
4456,38.67882,-90.25027,Ample,No,2,0,Yes,2,Yes,Yes,1,1,No,No,1,No,Yes,2,No,No,Yes,Residential,medium,29510126900
4457,38.68005,-90.25053,Ample,No,0,0,Yes,2,Yes,Yes,1,1,No,No,1,No,Yes,2,No,No,No,Commercial,medium,29510126900
4458,38.68151,-90.25049,Ample,No,2,0,Yes,2,Yes,Yes,1,1,No,No,1,No,Yes,2,No,No,No,Commercial,INVALID,29510126900
4459,38.68281,-90.25044,Ample,No,0,0,Yes,2,Yes,Yes,1,1,No,No,1,Yes,Yes,2,No,No,No,Commercial,high,29510126900
445,38.59807,-90.3016,No,No,2,0,Yes,2,Yes,Yes,1,1,No,No,1,No,Yes,2,No,No,No,Residential,high,29510103800
4460,38.68448,-90.2518,Ample,No,0,0,Yes,2,No,Yes,1,1,No,No,1,No,Yes,2,No,No,No,Commercial,high,29510126900
4461,38.68583,-90.25086,Ample,No,2,0,Yes,2,Yes,Yes,1,1,No,No,2,No,Yes,2,No,No,No,Commercial,INVALID,29510126900
4462,38.6868,-90.25018,Ample,No,0,0,Yes,2,No,Yes,1,1,No,No,2,No,Yes,2,No,No,No,Commercial,low,29510126900
4463,38.68823,-90.25052,Ample,No,0,0,No,2,Yes,Yes,1,1,No,No,1,No,Yes,2,No,No,No,Commercial,high,29510126900
4464,38.68958,-90.2505,Ample,No,2,0,Yes,2,No,Yes,1,1,No,No,1,Yes,Yes,2,No,No,No,Residential,high,29510107500
4465,38.69098,-90.25037,Ample,No,2,0,Yes,2,Yes,Yes,1,1,No,No,1,No,Yes,2,No,No,No,Residential,medium,29510107500
4466,38.69232,-90.25053,Ample,No,2,0,Yes,2,No,Yes,1,1,No,No,1,No,Yes,2,No,No,No,Residential,high,29510107400
4467,38.69379,-90.25018,Some,No,2,0,Yes,2,Yes,Yes,1,1,No,No,1,No,Yes,2,No,No,No,Residential,high,29510107400
4468,38.6952,-90.25058,Ample,No,2,0,Yes,2,No,Yes,1,1,No,No,1,No,Yes,2,No,No,No,Residential,medium,29510107400
4469,38.69637,-90.25041,Ample,No,0,0,Yes,2,No,Yes,1,1,Yes,No,1,No,Yes,2,No,No,Yes,Residential,high,29510107400
446,38.59919,-90.30174,Ample,No,2,0,Yes,2,Yes,Yes,1,1,No,No,1,No,Yes,2,No,No,No,Residential,medium,29510103800
4470,38.69751,-90.25031,Ample,No,2,0,Yes,2,Yes,Yes,1,1,No,No,1,No,Yes,2,No,No,No,Residential,medium,29510107400
4471,38.69914,-90.25056,Ample,No,0,0,Yes,2,No,Yes,1,1,No,No,1,No,Yes,2,No,No,No,Residential,high,29510107400
4472,38.70044,-90.25038,Ample,No,2,0,Yes,2,Yes,Yes,1,1,No,No,1,No,Yes,2,No,No,No,Residential,high,29510107200
4473,38.70164,-90.25028,No,No,0,0,Yes,2,No,Yes,1,0,No,No,1,No,Yes,2,No,No,No,Residential,high,29510107200
4474,38.70328,-90.25053,Ample,No,2,0,Yes,2,No,Yes,1,1,No,Yes,1,No,Yes,2,No,No,No,Residential,medium,29510107200
4475,38.70449,-90.25049,Ample,No,2,0,Yes,2,No,Yes,1,1,No,No,1,No,Yes,2,No,No,No,Residential,medium,29510107200
4476,38.70582,-90.25045,Ample,No,2,0,Yes,2,Yes,Yes,1,1,No,No,1,No,Yes,2,No,No,No,Residential,high,29510107200
4477,38.70705,-90.25027,Ample,No,0,0,Yes,2,Yes,Yes,1,1,No,No,2,No,Yes,2,No,No,No,Residential,high,29510107300
4478,38.70832,-90.25081,Ample,No,2,1,Yes,2,Yes,Yes,1,1,No,No,1,No,Yes,2,No,No,No,Residential,high,29510107300
4479,38.70987,-90.25057,Ample,No,2,0,Yes,2,Yes,Yes,1,1,No,No,1,No,Yes,2,No,No,No,Residential,high,29510107300
447,38.60071,-90.30165,Ample,No,2,0,Yes,2,Yes,Yes,1,1,No,No,1,No,Yes,2,No,No,Yes,Residential,medium,29510103800
4480,38.71126,-90.25042,Ample,No,2,0,No,2,No,Yes,0,0,No,No,1,No,Yes,2,No,No,No,Residential,high,29510107300
4481,38.71237,-90.25055,Some,No,2,0,Yes,2,Yes,Yes,1,0,No,No,1,No,Yes,2,No,No,No,Residential,INVALID,29510107300
4482,38.71404,-90.25073,Ample,No,2,0,Yes,2,Yes,Yes,1,0,No,No,1,No,Yes,2,No,No,No,Residential,medium,29510107300
4483,38.71531,-90.2505,Ample,No,2,0,Yes,2,Yes,Yes,1,0,No,No,2,No,Yes,2,No,No,No,Residential,high,29510108100
4484,38.71679,-90.2503,Ample,No,2,0,Yes,2,Yes,Yes,1,1,No,No,1,No,Yes,2,No,No,No,Residential,high,29510108100
4485,38.71798,-90.2507,Ample,No,2,0,Yes,2,Yes,Yes,1,1,Yes,No,1,No,Yes,2,No,No,Yes,Residential,medium,29510108100
4486,38.7194,-90.25013,Ample,No,2,0,Yes,2,Yes,Yes,0,0,No,No,1,Yes,Yes,2,No,No,No,Residential,medium,29510108200
448,38.60212,-90.30188,Ample,No,2,0,Yes,2,Yes,Yes,1,1,No,No,1,No,Yes,2,No,No,No,Residential,high,29510103800
4494,38.55502,-90.24931,Ample,No,0,0,Yes,2,No,Yes,1,1,No,No,1,No,Yes,2,No,No,No,Commercial,high,29510101800
4495,38.55611,-90.24893,Ample,No,2,0,Yes,2,Yes,Yes,1,1,No,No,2,No,Yes,2,No,No,No,Residential,high,29510101800
4496,38.55785,-90.24942,Ample,No,2,0,Yes,2,No,Yes,1,1,No,No,1,Yes,Yes,2,No,No,Yes,Residential,high,29510101800
4497,38.55922,-90.24873,Ample,No,2,0,Yes,2,Yes,Yes,1,1,No,No,1,No,Yes,2,No,No,No,Residential,high,29510101800
4498,38.55997,-90.24857,Ample,No,2,0,Yes,2,Yes,Yes,1,0,No,No,1,No,Yes,2,No,No,No,Residential,high,29510101800
4499,38.56164,-90.24923,Ample,No,0,0,Yes,2,No,Yes,1,1,No,No,1,No,Yes,2,No,No,No,Residential,high,29510101400
449,38.603,-90.30219,Ample,No,2,0,Yes,2,Yes,Yes,1,0,No,No,1,No,Yes,2,No,No,No,Residential,high,29510103400
44,38.60364,-90.3148,Ample,No,2,0,Yes,2,Yes,Yes,1,1,No,No,1,No,Yes,2,No,No,No,Residential,high,29510126800
4500,38.56311,-90.24899,Ample,No,2,0,Yes,2,Yes,Yes,1,0,No,No,1,No,Yes,2,No,No,No,Residential,medium,29510101400
4501,38.5644,-90.24901,Ample,No,2,0,Yes,2,Yes,Yes,1,0,No,No,1,Yes,Yes,2,No,No,No,Residential,medium,29510101400
4502,38.56575,-90.24908,Ample,No,2,0,Yes,2,Yes,Yes,1,1,No,No,1,Yes,Yes,2,No,No,No,Residential,medium,29510115500
4503,38.56691,-90.24892,Ample,No,2,0,Yes,2,No,Yes,0,0,No,No,1,No,Yes,2,No,No,No,Residential,high,29510115500
4504,38.56845,-90.249,Ample,No,2,0,Yes,2,Yes,Yes,1,1,No,No,1,No,Yes,2,No,No,No,Residential,medium,29510115500
4505,38.56957,-90.24895,Ample,No,2,0,Yes,2,Yes,Yes,1,1,No,No,1,No,Yes,2,No,No,No,Residential,medium,29510115500
4506,38.57108,-90.2492,Ample,No,2,0,Yes,2,Yes,Yes,1,1,No,No,1,No,Yes,2,No,No,Yes,Residential,medium,29510115500
4507,38.57225,-90.24935,Ample,No,2,0,Yes,2,Yes,Yes,1,1,No,No,2,No,Yes,2,No,No,No,Residential,medium,29510115500
4508,38.5738,-90.24919,Some,No,2,0,Yes,2,No,Yes,1,1,No,No,1,No,Yes,2,No,No,No,Residential,high,29510115500
4509,38.57503,-90.24893,Ample,No,2,0,Yes,2,Yes,Yes,1,0,No,No,1,Yes,Yes,2,No,No,No,Residential,medium,29510115300
450,38.60428,-90.30176,Ample,No,2,0,Yes,2,Yes,Yes,1,0,No,No,1,No,Yes,2,No,No,No,Residential,high,29510103400
4510,38.57636,-90.24923,Ample,No,0,0,Yes,2,Yes,Yes,1,1,No,No,1,No,Yes,2,No,No,No,Residential,medium,29510115300
4511,38.57774,-90.24895,Some,No,0,0,Yes,2,No,Yes,1,1,No,No,1,No,Yes,2,No,No,No,Residential,high,29510115300
4512,38.57892,-90.24871,Ample,No,2,0,Yes,2,Yes,Yes,1,1,No,No,2,No,Yes,2,No,No,Yes,Residential,medium,29510115300
4513,38.58058,-90.24921,Some,No,2,0,Yes,2,No,Yes,1,1,No,No,1,No,Yes,2,No,No,No,Residential,high,29510115300
4514,38.58177,-90.24887,Ample,No,2,0,Yes,2,Yes,Yes,1,1,No,No,1,No,Yes,2,No,No,No,Residential,medium,29510115300
4515,38.58313,-90.24902,Ample,No,2,0,Yes,2,Yes,Yes,1,1,No,No,1,No,Yes,2,No,No,No,Residential,medium,29510115300
4516,38.58455,-90.2491,Ample,No,2,0,Yes,2,Yes,Yes,1,1,No,No,1,No,Yes,2,No,No,No,Residential,high,29510115700
4517,38.58588,-90.24887,Ample,No,2,0,Yes,2,Yes,Yes,1,0,No,No,1,No,Yes,2,No,No,No,Residential,medium,29510116302
4518,38.58729,-90.24913,Some,No,2,0,Yes,2,No,Yes,0,0,No,No,1,No,Yes,2,No,No,No,Residential,high,29510116302
4519,38.58837,-90.24915,No,No,2,0,Yes,2,No,Yes,1,1,No,No,1,No,Yes,2,No,No,No,Residential,INVALID,29510116302
451,38.60627,-90.30164,No,No,2,0,Yes,2,Yes,Yes,1,1,No,No,1,No,Yes,2,No,No,No,Residential,high,29510103400
4520,38.5899,-90.24886,Some,No,2,0,Yes,2,Yes,Yes,0,0,No,No,1,No,Yes,2,No,No,No,Residential,high,29510116302
4521,38.59121,-90.24904,Some,No,2,0,Yes,2,No,Yes,1,0,No,No,1,No,Yes,2,No,No,No,Residential,low,29510116302
4522,38.59261,-90.24907,Ample,No,2,0,Yes,2,Yes,Yes,1,1,Yes,Yes,1,No,Yes,2,No,No,Yes,Residential,medium,29510116302
4523,38.59393,-90.24912,Ample,No,2,0,No,2,Yes,Yes,1,1,No,No,1,No,Yes,2,No,No,No,Commercial,high,29510116302
4524,38.59548,-90.24902,Ample,No,2,0,Yes,2,Yes,Yes,1,1,No,No,1,No,Yes,2,No,No,No,Residential,high,29510116301
4525,38.59663,-90.24914,Ample,No,2,0,Yes,2,Yes,Yes,1,1,No,No,1,No,Yes,2,No,No,No,Residential,medium,29510116301
4526,38.59792,-90.24913,Ample,No,2,0,Yes,2,Yes,Yes,0,0,No,No,1,Yes,Yes,2,No,No,No,Residential,medium,29510116301
4527,38.59929,-90.2491,No,No,2,0,Yes,2,Yes,Yes,1,1,No,No,1,No,Yes,2,No,No,No,Residential,INVALID,29510116301
4528,38.60066,-90.2491,Ample,No,2,0,Yes,2,Yes,Yes,1,0,No,No,1,No,Yes,2,No,No,No,Residential,medium,29510116301
4529,38.60203,-90.24913,Some,No,2,0,Yes,2,Yes,Yes,0,0,No,No,1,No,Yes,2,No,No,No,Residential,high,29510116301
452,38.60698,-90.30213,Ample,No,2,0,Yes,2,Yes,Yes,1,0,No,No,1,No,Yes,2,No,No,No,Residential,medium,29510103400
4530,38.60347,-90.2491,Ample,No,0,0,Yes,2,Yes,Yes,1,0,No,No,1,Yes,Yes,2,No,No,No,Residential,medium,29510116301
4531,38.60497,-90.24892,Ample,No,2,0,Yes,2,Yes,Yes,0,0,No,No,1,Yes,Yes,2,No,Yes,No,Residential,high,29510116200
4532,38.60604,-90.24911,Ample,No,2,0,Yes,2,Yes,Yes,1,0,No,No,1,Yes,Yes,2,No,No,No,Residential,high,29510116200
4534,38.60876,-90.24907,Ample,No,2,0,Yes,2,No,Yes,1,1,No,No,1,No,Yes,2,No,No,No,Residential,high,29510117200
4535,38.61012,-90.24887,Ample,No,2,0,Yes,2,Yes,Yes,1,1,No,No,1,No,Yes,2,No,No,No,Residential,low,29510117200
4536,38.61127,-90.24913,Ample,No,2,0,Yes,2,Yes,Yes,1,0,No,No,1,No,Yes,2,No,No,No,Residential,medium,29510117200
4537,38.61261,-90.24914,Ample,No,2,0,Yes,2,Yes,Yes,1,1,No,No,1,No,Yes,2,No,No,No,Residential,medium,29510117200
4538,38.6143,-90.24904,Ample,No,2,0,Yes,2,Yes,Yes,1,1,No,No,1,No,Yes,2,No,No,No,Residential,high,29510117200
4539,38.61514,-90.24915,Ample,No,2,0,Yes,2,Yes,Yes,1,0,No,No,1,No,Yes,2,No,No,No,Residential,medium,29510117200
453,38.6087,-90.30165,Ample,No,2,0,Yes,2,No,Yes,1,1,No,No,1,No,Yes,2,No,No,No,Residential,medium,29510103400
4540,38.61709,-90.24908,Ample,No,0,0,Yes,2,Yes,Yes,1,0,No,No,1,No,Yes,2,No,No,No,Residential,high,29510117200
4541,38.61805,-90.24912,Ample,No,0,0,Yes,2,Yes,Yes,1,1,No,No,1,No,Yes,2,No,No,No,Residential,high,29510117200
4542,38.61944,-90.24908,Ample,No,2,0,Yes,2,Yes,Yes,1,1,No,No,1,No,Yes,2,No,No,No,Residential,low,29510118100
4543,38.62082,-90.24914,Ample,No,0,0,Yes,2,Yes,Yes,1,1,No,No,1,No,Yes,2,No,No,No,Commercial,low,29510118100
4546,38.62481,-90.24899,Ample,No,2,0,Yes,2,Yes,Yes,1,1,No,No,1,No,Yes,2,No,No,No,Commercial,low,29510118100
4547,38.62652,-90.24933,Ample,No,2,0,No,2,No,Yes,1,1,No,No,1,No,Yes,2,No,No,No,Commercial,INVALID,29510118100
4548,38.62781,-90.24885,Ample,Yes,2,0,Yes,2,Yes,Yes,1,1,No,No,1,No,Yes,2,No,No,No,Commercial,low,29510118100
4549,38.62936,-90.24897,Ample,No,2,0,Yes,2,Yes,Yes,1,1,No,No,1,No,Yes,2,No,No,No,Residential,INVALID,29510118600
454,38.61008,-90.30164,Ample,No,2,0,Yes,2,Yes,Yes,1,1,No,No,1,No,Yes,2,No,No,No,Residential,medium,29510103400
4550,38.6304,-90.24906,Ample,No,0,0,Yes,2,Yes,Yes,1,0,No,No,2,No,Yes,2,No,No,No,Commercial,high,29510118600
4551,38.63166,-90.24893,Ample,No,0,0,Yes,2,Yes,Yes,1,1,No,No,1,No,Yes,2,No,No,No,Commercial,INVALID,29510118600
4552,38.63344,-90.2489,Ample,No,2,1,Yes,2,Yes,Yes,1,1,No,No,2,No,Yes,2,No,No,No,Commercial,INVALID,29510118600
4553,38.63473,-90.24893,Ample,No,2,0,Yes,2,Yes,Yes,1,1,No,No,1,No,Yes,2,No,No,No,Commercial,high,29510118600
4554,38.6361,-90.24895,Ample,No,2,0,Yes,2,Yes,Yes,1,1,No,No,1,No,Yes,2,No,No,No,Commercial,medium,29510118600
4555,38.63634,-90.24921,Ample,No,2,1,Yes,2,Yes,Yes,1,1,No,No,1,No,Yes,2,No,No,No,Commercial,high,29510118600
4556,38.63837,-90.24909,Some,No,2,0,Yes,2,No,Yes,1,1,No,No,1,No,Yes,2,No,No,No,Residential,high,29510119101
4557,38.63986,-90.24909,Some,No,2,0,Yes,2,Yes,Yes,1,1,No,No,2,No,Yes,2,No,No,No,Residential,high,29510119102
4558,38.64128,-90.24901,Some,No,2,0,Yes,2,No,Yes,1,1,No,No,2,No,Yes,2,No,No,No,Residential,low,29510119102
4559,38.64256,-90.2491,Some,No,2,0,Yes,2,No,Yes,1,0,No,No,1,No,Yes,2,No,No,No,Residential,INVALID,29510119102
455,38.61166,-90.3016,Ample,No,2,0,Yes,2,Yes,Yes,0,0,No,No,1,No,Yes,2,No,No,No,Residential,high,29510103400
4560,38.64379,-90.24904,Ample,No,2,0,Yes,2,Yes,Yes,1,1,No,No,1,No,Yes,2,No,No,No,Residential,high,29510119200
4561,38.64503,-90.24919,Ample,No,2,0,Yes,2,No,Yes,1,1,No,No,1,No,Yes,2,No,No,No,Residential,low,29510119200
4562,38.64628,-90.24895,Ample,No,2,0,Yes,2,Yes,Yes,1,1,No,No,1,No,Yes,2,No,No,No,Residential,INVALID,29510119200
4563,38.64774,-90.24918,Some,No,2,0,Yes,2,Yes,Yes,1,1,No,No,1,No,Yes,2,No,No,No,Residential,low,29510119200
4564,38.649,-90.24924,Some,No,0,0,Yes,2,Yes,Yes,0,0,No,Yes,2,No,Yes,2,No,No,No,Residential,INVALID,29510119200
4565,38.65043,-90.24914,Ample,No,2,0,No,2,No,Yes,1,1,No,No,1,No,Yes,2,No,No,No,Residential,high,29510111100
4566,38.65194,-90.24902,Ample,No,2,0,No,2,Yes,Yes,1,0,No,No,1,No,Yes,2,No,No,No,Commercial,low,29510111100
4568,38.65423,-90.24938,Ample,No,2,0,Yes,2,Yes,Yes,1,1,No,No,1,Yes,Yes,2,No,No,No,Residential,medium,29510111200
4569,38.65607,-90.249,Some,No,0,0,Yes,2,No,Yes,1,1,No,No,1,No,Yes,2,No,No,No,Residential,INVALID,29510111200
456,38.61283,-90.30167,Ample,No,0,0,No,2,Yes,Yes,1,0,No,No,1,No,Yes,2,No,No,No,Residential,low,29510103400
4570,38.65732,-90.24903,Some,No,2,0,Yes,2,No,Yes,1,1,No,No,1,No,Yes,2,No,No,No,Commercial,high,29510111200
4571,38.65866,-90.24923,Ample,Yes,2,0,Yes,2,Yes,Yes,1,1,No,No,1,No,Yes,2,No,No,No,Residential,INVALID,29510111200
4572,38.65989,-90.24924,Some,No,0,0,Yes,2,No,Yes,0,0,No,No,1,No,Yes,2,No,No,No,Residential,medium,29510111200
4573,38.66136,-90.24906,Ample,No,0,0,Yes,2,No,Yes,1,1,No,No,1,No,Yes,2,No,No,No,Residential,high,29510111200
4574,38.66287,-90.24897,Some,No,0,0,Yes,2,No,Yes,1,0,No,No,1,No,Yes,2,No,No,No,Residential,medium,29510111200
4575,38.66395,-90.2491,Ample,No,0,0,Yes,2,No,Yes,0,0,No,No,2,No,Yes,2,No,No,No,Residential,medium,29510111200
4576,38.66543,-90.24911,Ample,No,0,0,Yes,2,No,Yes,1,1,No,No,1,No,Yes,2,No,No,No,Residential,high,29510111200
4577,38.66679,-90.24906,Ample,No,2,0,Yes,2,Yes,Yes,1,1,No,No,1,Yes,Yes,2,No,Yes,No,Residential,medium,29510106700
4578,38.66799,-90.24914,Ample,No,2,0,Yes,2,Yes,Yes,1,1,No,No,2,No,Yes,2,No,No,No,Residential,high,29510106700
4579,38.66919,-90.24919,Ample,No,2,0,Yes,2,Yes,Yes,1,1,No,No,2,No,Yes,2,No,No,No,Residential,high,29510106700
457,38.61391,-90.3014,Some,Yes,0,0,Yes,2,Yes,Yes,1,0,No,No,2,No,Yes,2,No,No,No,Commercial,high,29510103600
4580,38.67077,-90.24918,Some,No,2,0,Yes,2,No,Yes,0,0,No,No,2,No,Yes,2,No,No,No,Residential,INVALID,29510106700
4581,38.67159,-90.24906,Ample,No,2,0,Yes,2,Yes,Yes,1,1,No,No,2,Yes,Yes,2,No,No,No,Residential,high,29510106700
4582,38.67333,-90.24919,Ample,No,2,0,Yes,2,Yes,Yes,1,1,No,No,1,Yes,Yes,2,No,No,Yes,Residential,medium,29510106700
4583,38.67494,-90.24933,Ample,No,0,0,Yes,2,Yes,Yes,1,1,Yes,Yes,2,No,Yes,2,No,No,No,Residential,high,29510106700
4584,38.67646,-90.24887,Ample,No,2,0,Yes,2,Yes,Yes,1,1,No,No,1,No,Yes,2,No,No,No,Residential,medium,29510126900
4585,38.67748,-90.24911,Ample,No,2,0,Yes,2,Yes,Yes,1,1,No,No,1,No,Yes,2,No,No,No,Residential,high,29510126900
4586,38.67892,-90.2491,Ample,No,0,0,Yes,2,No,Yes,0,1,No,No,1,No,Yes,2,No,No,No,Residential,high,29510126900
4587,38.68014,-90.249,Ample,No,2,0,Yes,2,Yes,Yes,1,1,No,No,1,Yes,Yes,2,No,No,No,Residential,high,29510126900
4589,38.68229,-90.24924,Ample,No,2,0,Yes,2,Yes,Yes,1,1,No,No,1,Yes,Yes,2,No,No,No,Residential,high,29510126900
4592,38.68703,-90.24897,Ample,No,0,0,Yes,2,Yes,Yes,1,0,No,No,2,No,Yes,2,No,No,No,Residential,high,29510126900
4593,38.68826,-90.24917,Ample,No,0,0,Yes,2,Yes,Yes,1,1,No,No,1,No,Yes,2,No,No,No,Commercial,high,29510107500
4594,38.68955,-90.24901,Ample,No,2,0,Yes,2,Yes,Yes,1,1,No,No,1,No,Yes,2,No,No,No,Residential,high,29510107500
4595,38.69108,-90.24919,Ample,No,2,0,Yes,2,No,Yes,1,1,No,No,1,No,Yes,2,No,No,No,Residential,high,29510107500
4596,38.69226,-90.24902,No,No,0,0,Yes,2,No,Yes,1,1,No,No,2,No,Yes,2,No,No,No,Residential,medium,29510107500
4597,38.6938,-90.24918,Ample,No,2,0,Yes,2,No,Yes,1,1,No,No,1,No,Yes,2,No,No,No,Residential,high,29510107400
4598,38.69497,-90.24906,Ample,No,2,0,Yes,2,Yes,Yes,1,1,No,No,1,No,Yes,2,No,No,No,Residential,high,29510107400
4599,38.69647,-90.24922,Some,No,0,0,Yes,2,No,Yes,1,1,No,No,1,No,Yes,2,No,No,No,Residential,high,29510107400
459,38.61691,-90.30165,Ample,No,2,0,No,2,Yes,Yes,1,1,No,No,1,No,Yes,2,No,No,No,Commercial,high,29510126800
45,38.60454,-90.31477,Ample,No,2,0,Yes,2,Yes,Yes,1,1,No,No,1,No,Yes,2,No,No,Yes,Residential,high,29510126800
4600,38.69766,-90.24903,Ample,No,0,0,Yes,2,No,Yes,1,0,No,No,1,No,Yes,2,No,No,No,Residential,high,29510107400
4601,38.69907,-90.24917,Ample,No,0,0,Yes,2,Yes,Yes,1,1,No,No,1,No,Yes,2,No,No,No,Residential,high,29510107400
4602,38.70052,-90.24912,Ample,No,2,0,Yes,2,No,Yes,1,1,No,No,1,No,Yes,2,No,No,No,Residential,high,29510107200
4603,38.70169,-90.24911,Ample,No,2,0,Yes,2,Yes,Yes,1,1,No,No,1,No,Yes,2,No,No,Yes,Residential,medium,29510107200
4604,38.70315,-90.24908,Ample,No,2,0,Yes,2,No,Yes,1,1,No,No,2,No,Yes,2,No,No,No,Residential,medium,29510107200
4605,38.70461,-90.24921,Some,No,2,0,No,2,No,Yes,1,0,No,No,1,No,Yes,2,No,No,No,Residential,medium,29510107200
4606,38.7057,-90.24934,Some,No,0,0,Yes,2,No,Yes,1,1,No,No,1,No,Yes,2,No,No,No,Residential,high,29510107200
4607,38.70717,-90.24912,Ample,No,2,0,Yes,2,Yes,Yes,1,1,Yes,No,1,Yes,Yes,2,No,No,No,Residential,medium,29510108100
4608,38.70855,-90.24929,Ample,No,2,0,Yes,2,Yes,Yes,1,1,No,No,1,Yes,Yes,2,No,No,No,Residential,medium,29510107300
4609,38.70981,-90.24936,Ample,No,2,0,Yes,2,No,Yes,1,1,No,No,1,No,Yes,2,No,No,No,Residential,high,29510107300
460,38.61828,-90.30161,Ample,No,2,0,No,2,Yes,Yes,1,1,No,No,1,No,Yes,2,No,No,Yes,Commercial,low,29510126800
4610,38.7112,-90.24909,Ample,No,2,0,Yes,2,Yes,Yes,1,1,No,No,1,No,Yes,2,No,No,No,Residential,medium,29510107300
4611,38.71261,-90.24928,No,No,2,0,Yes,2,Yes,Yes,0,0,No,No,1,No,Yes,2,No,No,No,Residential,medium,29510107300
4612,38.71375,-90.24913,Ample,No,0,0,Yes,2,Yes,Yes,1,1,No,No,1,No,Yes,2,No,No,No,Residential,high,29510107300
4613,38.71518,-90.24901,Ample,No,2,0,Yes,2,Yes,Yes,1,1,No,No,1,No,Yes,2,No,No,No,Residential,high,29510108100
4614,38.71649,-90.2492,Ample,No,2,0,Yes,2,Yes,Yes,1,0,No,No,1,No,Yes,2,No,No,No,Residential,high,29510108100
4615,38.71802,-90.24926,Ample,No,2,0,Yes,2,Yes,Yes,1,1,No,No,1,No,Yes,2,No,No,No,Residential,medium,29510108100
4616,38.71934,-90.24916,Ample,No,2,0,Yes,2,Yes,Yes,1,1,No,No,1,No,Yes,2,No,No,No,Residential,high,29510108200
461,38.61973,-90.30164,Ample,No,2,0,Yes,2,No,Yes,1,1,No,No,1,No,Yes,2,No,No,No,Residential,medium,29510126800
4624,38.55632,-90.24782,Ample,No,2,0,Yes,2,No,Yes,1,1,No,No,1,No,Yes,2,No,No,No,Commercial,INVALID,29510101800
4625,38.55771,-90.24788,Ample,No,2,0,Yes,2,Yes,Yes,1,1,No,No,2,No,Yes,2,No,No,No,Residential,INVALID,29510101800
4626,38.55908,-90.24793,Ample,No,2,0,Yes,2,Yes,Yes,1,1,No,No,1,No,Yes,2,No,No,No,Residential,high,29510101800
4627,38.56048,-90.24795,Ample,No,2,0,Yes,2,Yes,Yes,1,1,No,No,1,No,Yes,2,No,No,No,Residential,medium,29510101800
4628,38.56165,-90.24782,Ample,No,2,0,Yes,2,No,Yes,1,1,No,No,1,No,Yes,2,No,No,No,Residential,high,29510101800
4629,38.5628,-90.24762,Ample,No,0,0,Yes,2,Yes,Yes,1,0,No,No,1,No,Yes,2,No,No,No,Residential,high,29510101400
462,38.62091,-90.3016,Ample,No,2,0,Yes,2,Yes,Yes,1,1,No,No,1,No,Yes,2,No,No,No,Residential,high,29510126800
4630,38.56444,-90.24771,Some,No,2,0,Yes,2,No,Yes,1,0,No,No,1,No,Yes,2,No,No,No,Residential,INVALID,29510101400
4631,38.56565,-90.24773,Ample,No,2,0,Yes,2,No,Yes,1,1,No,No,1,No,Yes,2,No,No,No,Residential,high,29510115500
4632,38.56692,-90.24783,Ample,No,2,0,Yes,2,No,Yes,0,0,No,No,1,No,Yes,2,No,No,No,Residential,medium,29510115500
4633,38.56839,-90.24768,Some,No,2,0,Yes,2,No,Yes,1,0,No,No,1,No,Yes,2,No,No,No,Residential,high,29510115500
4634,38.56949,-90.24791,Ample,No,2,0,Yes,2,Yes,Yes,1,1,No,No,1,No,Yes,2,No,No,No,Residential,high,29510115500
4635,38.57105,-90.24771,Ample,No,2,0,Yes,2,No,Yes,1,1,No,No,1,No,Yes,2,No,No,No,Residential,medium,29510115500
4636,38.57254,-90.24798,Ample,No,2,0,Yes,2,Yes,Yes,1,0,No,No,1,No,Yes,2,No,No,No,Residential,medium,29510115500
4637,38.57376,-90.24775,Ample,No,2,0,Yes,2,Yes,Yes,1,1,No,No,1,No,Yes,2,No,No,No,Residential,medium,29510115500
4638,38.57524,-90.24796,No,No,2,0,Yes,2,No,Yes,1,1,No,No,1,No,Yes,2,No,No,No,Residential,high,29510115500
4639,38.57644,-90.24773,Ample,No,2,0,Yes,2,Yes,Yes,1,1,No,No,1,No,Yes,2,No,No,Yes,Residential,medium,29510115300
463,38.62226,-90.30163,Ample,No,2,0,Yes,2,Yes,Yes,1,1,No,No,1,No,Yes,2,No,No,No,Residential,medium,29510126800
4640,38.57765,-90.24753,Ample,No,2,0,Yes,2,Yes,Yes,1,0,No,No,1,No,Yes,2,No,No,No,Residential,medium,29510115300
4641,38.57918,-90.24775,Some,No,2,0,Yes,2,No,Yes,1,1,No,No,1,No,Yes,2,No,No,Yes,Residential,medium,29510115300
4642,38.58058,-90.24784,No,No,2,0,Yes,2,No,Yes,1,1,No,No,1,No,Yes,2,No,No,No,Residential,high,29510115300
4643,38.58173,-90.24752,Ample,No,2,0,Yes,2,Yes,Yes,1,1,No,No,1,No,Yes,2,No,No,No,Residential,medium,29510115300
4644,38.58322,-90.24778,No,No,2,0,Yes,2,No,Yes,1,1,No,No,1,No,Yes,2,No,No,No,Residential,medium,29510115700
4645,38.58456,-90.24774,Ample,No,2,0,Yes,2,Yes,Yes,1,1,No,No,1,No,Yes,2,No,No,No,Residential,medium,29510115700
4646,38.58555,-90.2478,Ample,No,2,0,Yes,2,Yes,Yes,1,1,No,No,1,Yes,Yes,2,No,No,Yes,Residential,medium,29510116302
4647,38.58714,-90.24773,Some,No,2,0,Yes,2,Yes,Yes,0,0,No,No,1,No,Yes,2,No,No,No,Residential,INVALID,29510116302
4648,38.58873,-90.24777,Ample,No,2,0,Yes,2,Yes,Yes,1,0,No,No,1,No,Yes,2,No,No,No,Residential,medium,29510116302
4649,38.5901,-90.24767,No,No,2,0,Yes,2,No,Yes,0,0,No,No,1,No,Yes,2,No,No,No,Residential,high,29510116302
464,38.62365,-90.30185,No,No,2,0,Yes,2,No,Yes,0,0,No,No,1,No,Yes,2,No,No,No,Residential,high,29510126800
4650,38.5914,-90.24777,Ample,No,2,0,Yes,2,Yes,Yes,1,1,No,No,1,No,Yes,2,No,No,No,Residential,medium,29510116302
4651,38.59262,-90.24772,Ample,No,2,0,Yes,2,Yes,Yes,1,1,Yes,No,1,No,Yes,2,No,No,No,Residential,high,29510116302
4652,38.59396,-90.24752,Ample,No,2,0,Yes,2,Yes,Yes,1,1,No,No,1,No,Yes,2,No,No,No,Residential,high,29510116302
4653,38.59535,-90.24771,Ample,No,2,0,Yes,2,No,Yes,1,1,No,No,1,No,Yes,2,No,No,No,Residential,high,29510116301
4654,38.59649,-90.24777,No,No,2,0,Yes,2,Yes,Yes,1,1,No,No,1,No,Yes,2,No,No,No,Residential,high,29510116301
4655,38.5978,-90.24783,Ample,No,2,0,Yes,2,Yes,Yes,1,1,No,No,1,Yes,Yes,2,No,No,No,Residential,medium,29510116301
4656,38.59916,-90.24777,No,No,2,0,Yes,2,No,Yes,0,0,No,No,1,No,Yes,2,No,No,No,Residential,high,29510116301
4657,38.60053,-90.24774,Ample,No,2,0,Yes,2,Yes,Yes,1,0,No,No,1,No,Yes,2,No,No,No,Residential,high,29510116301
4658,38.6019,-90.24777,Ample,No,2,0,Yes,2,Yes,Yes,1,1,No,No,1,No,Yes,2,No,No,No,Residential,low,29510116301
4659,38.60334,-90.24775,Ample,No,0,0,Yes,2,Yes,Yes,1,0,No,No,1,Yes,Yes,2,No,No,No,Residential,high,29510116301
465,38.62499,-90.30168,No,No,0,0,Yes,2,No,Yes,0,0,No,No,1,No,Yes,2,No,No,No,Residential,high,29510126800
4660,38.60498,-90.24738,No,No,2,0,Yes,2,Yes,Yes,1,1,No,No,1,Yes,No,2,No,Yes,No,Residential,medium,29510116200
4661,38.6058,-90.24815,Ample,No,2,0,Yes,2,Yes,Yes,1,0,No,No,2,Yes,Yes,2,No,No,No,Residential,high,29510116200
4662,38.60781,-90.24769,Ample,No,0,0,Yes,2,Yes,Yes,1,1,Yes,No,1,Yes,Yes,2,No,No,No,Residential,high,29510117200
4663,38.60892,-90.24774,Some,No,0,0,Yes,2,Yes,Yes,1,1,No,No,1,No,Yes,2,No,No,No,Residential,high,29510117200
4664,38.61026,-90.24776,Ample,No,2,0,Yes,2,Yes,Yes,1,1,No,No,1,No,Yes,2,No,No,No,Residential,medium,29510117200
4665,38.61159,-90.24772,Ample,No,2,0,Yes,2,Yes,Yes,1,1,No,No,2,No,Yes,2,No,No,No,Residential,high,29510117200
4666,38.61295,-90.24776,Ample,No,2,0,Yes,2,Yes,Yes,1,1,No,No,1,No,Yes,2,No,No,No,Residential,high,29510117200
4667,38.61418,-90.24774,Ample,No,2,0,Yes,2,Yes,Yes,1,0,No,No,1,No,Yes,2,No,No,No,Residential,medium,29510117200
4668,38.61558,-90.24804,Ample,No,2,0,Yes,2,Yes,Yes,1,1,No,No,1,No,Yes,2,No,No,No,Residential,low,29510117200
4669,38.61693,-90.24783,Ample,No,2,0,Yes,2,Yes,Yes,1,1,Yes,No,2,No,Yes,2,No,Yes,Yes,Residential,high,29510117200
466,38.62624,-90.30162,Ample,No,2,1,Yes,2,Yes,Yes,1,0,Yes,Yes,1,No,Yes,2,No,No,No,Residential,high,29510104200
4670,38.61819,-90.24763,Ample,No,2,0,Yes,2,Yes,Yes,1,0,No,No,1,No,Yes,2,No,Yes,No,Residential,INVALID,29510117200
4671,38.61978,-90.24773,Ample,No,2,0,Yes,2,Yes,Yes,1,0,No,No,1,No,Yes,2,No,No,No,Residential,high,29510118100
4672,38.6207,-90.24779,Ample,No,2,0,Yes,2,No,Yes,1,1,No,No,1,No,Yes,2,No,No,No,Commercial,low,29510118100
4675,38.62543,-90.24802,Ample,No,0,0,Yes,2,Yes,Yes,1,1,No,No,1,No,Yes,2,No,No,No,Commercial,low,29510118100
4677,38.62788,-90.24759,No,No,2,0,No,2,No,Yes,0,0,No,No,1,No,No,2,No,Yes,No,Commercial,low,29510118100
4678,38.62904,-90.24774,Ample,No,2,0,Yes,2,Yes,Yes,1,1,No,No,1,No,Yes,2,No,No,No,Residential,high,29510118600
4679,38.63014,-90.24787,Ample,No,2,0,Yes,2,Yes,Yes,1,1,No,No,1,No,Yes,2,No,No,No,Commercial,high,29510118600
467,38.6277,-90.30171,Ample,No,2,0,No,2,No,Yes,1,1,No,No,1,No,Yes,2,No,No,No,Residential,high,29510104200
4680,38.63155,-90.24765,Ample,No,2,0,No,2,Yes,Yes,1,1,No,No,1,No,Yes,2,No,No,No,Commercial,low,29510118600
4681,38.63316,-90.24842,Ample,No,0,0,Yes,2,Yes,Yes,1,1,Yes,No,2,No,Yes,2,No,No,No,Commercial,low,29510118600
4682,38.63445,-90.24777,Ample,No,0,0,Yes,2,Yes,Yes,1,1,Yes,No,1,No,Yes,2,No,No,Yes,Commercial,low,29510118600
4683,38.63584,-90.24776,Ample,No,2,0,Yes,2,Yes,Yes,1,1,No,No,1,No,Yes,2,No,No,No,Commercial,medium,29510118600
4684,38.6373,-90.24762,Ample,No,2,0,Yes,2,Yes,Yes,1,0,No,No,1,No,Yes,2,No,No,No,Residential,high,29510119101
4685,38.6381,-90.24787,Ample,No,2,0,Yes,2,No,Yes,1,1,No,No,1,No,Yes,2,No,No,No,Residential,high,29510119101
4686,38.6396,-90.24785,Ample,No,2,0,Yes,2,Yes,Yes,1,0,No,No,1,No,Yes,2,No,No,No,Residential,low,29510119102
4687,38.64117,-90.24784,Ample,No,2,1,No,2,Yes,Yes,1,1,No,No,1,No,Yes,2,No,No,No,Commercial,high,29510119102
4688,38.6426,-90.24771,Ample,No,2,0,Yes,2,Yes,Yes,1,1,No,No,1,No,Yes,2,No,No,No,Residential,high,29510119200
4689,38.64381,-90.24777,Ample,No,2,0,Yes,2,Yes,Yes,1,1,No,No,1,No,Yes,2,No,No,No,Residential,medium,29510119200
468,38.62894,-90.30167,Ample,No,2,0,Yes,2,Yes,Yes,1,1,No,No,1,No,Yes,2,No,No,No,Residential,high,29510104200
4690,38.64503,-90.2478,Ample,No,2,0,Yes,2,Yes,Yes,1,1,No,No,1,No,Yes,2,No,No,No,Residential,medium,29510119200
4691,38.64651,-90.24773,Ample,No,2,0,Yes,2,No,Yes,1,1,No,No,1,No,Yes,2,No,No,No,Residential,high,29510119200
4692,38.64788,-90.24782,Ample,No,2,0,Yes,2,Yes,Yes,1,1,No,Yes,1,No,Yes,2,No,No,No,Residential,medium,29510119200
4693,38.64902,-90.24788,Ample,No,2,0,Yes,2,Yes,Yes,1,1,No,No,1,No,Yes,2,No,No,No,Residential,high,29510119200
4694,38.65049,-90.24782,Ample,No,2,0,Yes,2,Yes,Yes,1,0,Yes,No,1,No,Yes,2,No,No,No,Residential,high,29510111100
4695,38.65175,-90.2479,Ample,No,2,0,Yes,2,Yes,Yes,1,1,No,No,1,Yes,Yes,2,No,No,No,Residential,medium,29510111100
4696,38.65313,-90.24752,Ample,No,2,0,Yes,2,Yes,Yes,1,1,Yes,No,1,Yes,Yes,2,No,No,No,Residential,medium,29510111100
4697,38.65478,-90.24757,Ample,No,2,0,Yes,2,Yes,Yes,1,0,No,No,1,Yes,Yes,2,No,No,No,Residential,medium,29510111200
4698,38.65609,-90.24761,Ample,No,2,0,Yes,2,No,Yes,1,1,No,No,1,No,Yes,2,No,No,No,Residential,medium,29510111200
4699,38.65731,-90.24775,Some,No,2,0,Yes,2,No,Yes,1,1,No,No,1,No,Yes,2,No,No,No,Residential,high,29510111200
469,38.63045,-90.30164,Ample,No,2,0,Yes,2,Yes,Yes,1,1,No,No,1,No,Yes,2,No,No,No,Residential,medium,29510104200
46,38.60578,-90.31478,Ample,No,2,0,Yes,2,Yes,Yes,1,1,Yes,No,1,No,Yes,2,No,No,No,Residential,high,29510126800
4700,38.6587,-90.24771,Ample,No,0,0,Yes,2,Yes,Yes,1,1,No,No,1,No,Yes,2,No,No,No,Residential,high,29510111200
4701,38.65984,-90.24791,Ample,No,0,0,Yes,2,No,Yes,1,1,No,No,1,No,Yes,2,No,No,No,Residential,high,29510111200
4702,38.66134,-90.2478,No,No,0,0,Yes,2,No,Yes,0,0,No,No,1,No,Yes,2,No,No,No,Residential,high,29510111200
4703,38.66283,-90.24771,Ample,No,2,0,Yes,2,Yes,Yes,1,1,No,No,1,No,Yes,2,No,No,No,Residential,high,29510111200
4704,38.66389,-90.24781,Ample,No,2,0,Yes,2,Yes,Yes,1,1,No,No,1,Yes,Yes,2,No,Yes,No,Residential,high,29510111200
4705,38.6655,-90.24765,Some,No,0,0,Yes,2,No,Yes,1,1,No,No,1,No,Yes,2,No,No,No,Residential,high,29510111200
4706,38.66674,-90.24772,No,No,0,0,Yes,2,No,Yes,0,0,No,No,1,No,Yes,2,No,No,No,Residential,high,29510111200
4707,38.66813,-90.24782,Ample,No,0,0,Yes,2,Yes,Yes,1,1,No,No,2,No,Yes,2,No,No,No,Residential,high,29510106700
4708,38.66924,-90.24793,Some,No,2,0,Yes,2,No,Yes,1,1,No,No,1,No,Yes,2,No,No,No,Residential,high,29510106700
4709,38.67096,-90.24762,Ample,No,2,0,Yes,2,Yes,Yes,1,1,No,Yes,2,Yes,Yes,2,No,No,No,Residential,medium,29510106700
470,38.63168,-90.30117,Ample,No,2,0,Yes,2,No,Yes,1,1,No,No,1,No,Yes,2,No,No,No,Residential,medium,29510104200
4711,38.67353,-90.24775,Ample,No,0,0,Yes,2,Yes,Yes,1,1,No,No,1,No,Yes,2,No,No,No,Residential,medium,29510106700
4712,38.67464,-90.24786,Ample,No,0,0,Yes,2,Yes,Yes,1,1,No,No,1,No,Yes,2,No,No,No,Residential,high,29510126900
4713,38.67614,-90.24777,Ample,No,2,0,Yes,2,No,Yes,1,0,No,No,1,No,Yes,2,No,No,No,Residential,INVALID,29510126900
4714,38.67761,-90.2479,Ample,No,2,0,Yes,2,No,Yes,0,0,No,No,1,No,Yes,2,No,No,No,Residential,high,29510126900
4715,38.67881,-90.24773,Ample,No,2,0,Yes,2,No,Yes,1,1,No,Yes,1,No,Yes,2,No,No,No,Residential,high,29510126900
4716,38.68024,-90.24771,Ample,Yes,2,0,Yes,2,Yes,Yes,1,1,No,No,1,No,Yes,2,No,No,No,Residential,high,29510126900
4717,38.68162,-90.24765,Ample,Yes,0,0,Yes,2,Yes,Yes,1,1,Yes,No,1,Yes,Yes,2,No,No,No,Residential,high,29510107600
4718,38.68287,-90.24775,Ample,No,0,0,Yes,2,Yes,Yes,1,1,No,No,1,Yes,Yes,2,No,No,No,Residential,high,29510126900
4719,38.68424,-90.24739,Ample,No,0,0,Yes,2,Yes,Yes,1,1,No,No,2,Yes,Yes,2,No,No,No,Residential,high,29510126900
471,38.63319,-90.30164,Ample,No,0,0,Yes,2,Yes,Yes,1,1,No,No,1,No,Yes,2,No,No,No,Residential,high,29510112100
4721,38.68695,-90.24776,Ample,No,0,0,No,2,Yes,Yes,0,1,No,No,1,No,Yes,2,No,No,Yes,Commercial,low,29510126900
4722,38.68812,-90.2476,Ample,No,2,0,Yes,2,Yes,Yes,1,1,No,No,1,Yes,Yes,2,No,No,No,Residential,medium,29510107500
4723,38.68965,-90.2478,Some,No,0,0,Yes,2,No,Yes,1,0,No,No,1,No,Yes,2,No,No,No,Residential,medium,29510107500
4724,38.69084,-90.24764,No,No,0,0,No,2,No,Yes,1,1,No,No,1,No,Yes,2,No,No,No,Residential,high,29510107500
4725,38.6924,-90.24778,Ample,No,2,0,Yes,2,Yes,Yes,1,1,No,No,1,Yes,Yes,2,No,No,No,Residential,high,29510107500
4726,38.69356,-90.24764,Ample,No,2,0,Yes,2,No,Yes,1,1,No,No,1,No,Yes,2,No,No,No,Residential,medium,29510107400
4727,38.69508,-90.24784,No,No,2,0,Yes,2,No,Yes,1,1,No,No,1,No,Yes,2,No,No,No,Residential,high,29510107400
4728,38.69626,-90.24761,Some,No,2,0,Yes,2,No,Yes,1,1,No,No,1,No,Yes,2,No,No,No,Residential,medium,29510107400
4729,38.69776,-90.24785,Ample,No,2,0,Yes,2,Yes,Yes,1,1,Yes,No,1,No,Yes,2,No,No,No,Residential,high,29510107400
472,38.63438,-90.30161,Ample,No,2,0,Yes,2,Yes,Yes,1,1,No,No,2,Yes,Yes,2,No,No,Yes,Residential,high,29510112100
4730,38.69898,-90.2476,Ample,No,0,0,Yes,2,Yes,Yes,1,1,No,No,1,No,Yes,2,No,No,No,Residential,high,29510107400
4731,38.7006,-90.24789,Ample,No,0,0,Yes,2,No,Yes,0,0,No,No,1,No,Yes,2,No,No,No,Residential,high,29510107400
4732,38.70181,-90.24783,Ample,No,0,0,Yes,2,Yes,Yes,1,0,No,No,1,No,Yes,2,No,No,No,Residential,high,29510107200
4733,38.70307,-90.24767,Ample,No,0,0,No,2,No,Yes,0,0,No,No,1,No,Yes,2,Yes,No,No,Residential,high,29510107200
4734,38.70455,-90.24746,Ample,No,2,0,Yes,2,Yes,Yes,1,1,No,No,1,No,Yes,2,No,No,No,Residential,low,29510108100
4737,38.70851,-90.2478,Ample,No,2,0,Yes,2,Yes,Yes,1,1,No,No,1,No,Yes,2,No,No,No,Residential,medium,29510108100
4738,38.71,-90.2476,No,No,2,0,Yes,2,No,Yes,1,1,No,No,1,Yes,Yes,2,No,No,Yes,Residential,low,29510107300
4739,38.71115,-90.24781,Some,No,2,0,Yes,2,Yes,Yes,1,1,No,No,1,No,Yes,2,No,No,No,Residential,low,29510107300
473,38.63571,-90.30109,Ample,No,0,0,Yes,2,No,Yes,0,0,No,No,1,Yes,Yes,2,No,No,Yes,Residential,high,29510112100
4740,38.71251,-90.24764,Ample,No,2,0,Yes,2,No,Yes,1,1,No,No,1,No,Yes,2,No,No,No,Residential,INVALID,29510107300
4741,38.71397,-90.24789,Ample,No,2,0,Yes,2,Yes,Yes,1,1,No,No,1,No,Yes,2,No,No,Yes,Residential,high,29510108100
4742,38.71518,-90.24738,Ample,No,2,0,Yes,2,Yes,Yes,1,0,No,No,1,No,Yes,2,No,No,No,Residential,high,29510108100
4743,38.71706,-90.24822,Ample,No,2,0,Yes,2,Yes,Yes,1,1,No,No,1,No,Yes,2,No,No,No,Residential,high,29510108100
4744,38.71778,-90.24774,Ample,No,2,0,Yes,2,Yes,Yes,1,1,No,No,1,No,Yes,2,No,No,No,Residential,high,29510108200
4745,38.71941,-90.2477,Ample,No,2,0,Yes,2,Yes,Yes,1,1,No,No,1,No,Yes,2,No,No,No,Residential,high,29510108200
474,38.63709,-90.30203,Ample,No,0,0,Yes,2,Yes,Yes,0,0,No,No,1,Yes,Yes,2,No,No,No,Residential,high,29510112100
4753,38.55759,-90.24645,Ample,No,2,0,Yes,2,Yes,Yes,1,1,No,No,1,No,Yes,2,No,Yes,No,Commercial,high,29510101800
4754,38.55894,-90.24637,Ample,No,2,0,Yes,2,No,Yes,1,1,No,No,1,No,Yes,2,No,No,No,Residential,INVALID,29510101800
4755,38.56031,-90.24642,Ample,No,2,0,Yes,2,Yes,Yes,1,1,No,Yes,1,No,Yes,2,No,No,No,Residential,high,29510101800
4756,38.56169,-90.24646,Ample,No,0,0,Yes,2,Yes,Yes,1,0,No,No,1,Yes,Yes,2,No,No,No,Residential,medium,29510101800
4757,38.56296,-90.24646,Ample,No,2,0,Yes,2,No,Yes,1,1,No,No,2,Yes,Yes,2,No,No,No,Residential,high,29510115600
4758,38.5643,-90.24637,Ample,No,2,0,Yes,2,Yes,Yes,1,1,Yes,Yes,1,No,Yes,2,No,No,Yes,Commercial,medium,29510115500
4759,38.56571,-90.24637,Ample,No,2,0,Yes,2,No,Yes,1,1,No,No,1,No,Yes,2,No,No,No,Residential,high,29510115500
475,38.6384,-90.30166,Ample,No,0,0,Yes,2,No,Yes,0,0,No,No,2,Yes,Yes,2,No,Yes,Yes,Residential,high,29510112100
4760,38.56705,-90.24635,Ample,No,2,0,Yes,2,No,Yes,1,1,No,No,1,No,Yes,2,No,No,No,Residential,medium,29510115500
4761,38.56831,-90.24624,Ample,No,2,0,Yes,2,Yes,Yes,1,1,No,No,1,No,Yes,2,No,No,No,Residential,high,29510115500
4762,38.56978,-90.24651,Ample,No,2,0,Yes,2,Yes,Yes,1,1,No,No,1,No,Yes,2,No,No,No,Residential,high,29510115500
4763,38.57097,-90.24626,Ample,No,2,0,Yes,2,Yes,Yes,1,1,No,No,1,No,Yes,2,No,No,No,Residential,high,29510115500
4764,38.57247,-90.2465,Ample,No,2,0,Yes,2,Yes,Yes,1,1,No,No,1,No,Yes,2,No,No,No,Residential,medium,29510115500
4765,38.57368,-90.24624,Some,No,2,0,Yes,2,No,Yes,1,0,No,No,1,No,No,2,No,No,No,Residential,INVALID,29510115500
4766,38.5752,-90.24647,Some,No,2,0,Yes,2,No,Yes,1,1,No,No,1,No,Yes,2,No,No,No,Residential,INVALID,29510115500
4767,38.57639,-90.24623,Ample,No,2,0,Yes,2,Yes,Yes,1,1,No,No,1,No,Yes,2,No,No,No,Residential,high,29510115500
4768,38.57791,-90.2465,Ample,No,2,0,Yes,2,Yes,Yes,1,1,No,No,1,No,Yes,2,No,No,No,Residential,medium,29510115300
4769,38.57896,-90.24661,Ample,No,2,0,Yes,2,Yes,Yes,1,1,Yes,No,1,No,Yes,2,No,No,No,Residential,medium,29510115300
4770,38.58047,-90.24645,Some,No,2,0,Yes,2,No,Yes,0,0,No,No,1,No,Yes,2,No,No,No,Residential,high,29510115300
4771,38.58192,-90.24638,Ample,No,2,0,Yes,2,Yes,Yes,1,1,No,No,1,No,Yes,2,No,No,No,Residential,medium,29510115700
4772,38.58307,-90.24646,Some,No,2,0,Yes,2,Yes,Yes,1,1,No,No,1,No,Yes,2,No,No,No,Residential,high,29510115700
4773,38.58439,-90.24646,Ample,No,2,0,Yes,2,Yes,Yes,1,0,No,No,1,No,Yes,2,No,No,No,Residential,medium,29510115700
4774,38.5854,-90.24642,Ample,No,2,0,Yes,2,Yes,Yes,1,1,No,No,1,No,Yes,2,No,No,No,Residential,medium,29510116302
4775,38.58701,-90.24647,Some,No,2,0,Yes,2,Yes,Yes,1,1,No,No,1,No,Yes,2,No,No,No,Residential,high,29510116302
4776,38.58859,-90.24642,Ample,No,2,0,Yes,2,Yes,Yes,1,1,No,No,1,No,Yes,2,No,No,No,Commercial,high,29510116302
4777,38.58997,-90.2464,Some,No,2,0,Yes,2,Yes,Yes,1,1,No,No,1,No,Yes,2,No,No,No,Residential,high,29510116302
4778,38.59126,-90.24641,Ample,Yes,2,0,Yes,2,Yes,Yes,1,1,No,No,1,No,Yes,2,No,No,No,Residential,high,29510116302
4779,38.59261,-90.24641,Ample,No,2,0,Yes,2,Yes,Yes,1,1,No,No,1,No,Yes,2,No,No,No,Residential,high,29510116302
4780,38.59408,-90.24634,Ample,No,2,0,Yes,2,Yes,Yes,1,1,No,No,1,No,Yes,2,No,No,No,Residential,medium,29510116301
4781,38.59522,-90.24636,Ample,No,2,0,Yes,2,Yes,Yes,1,0,No,No,1,No,Yes,2,No,No,No,Residential,high,29510116301
4782,38.59636,-90.24643,Ample,No,2,0,Yes,2,Yes,Yes,1,1,No,No,1,No,Yes,2,No,No,No,Residential,medium,29510116301
4783,38.59767,-90.24649,Ample,No,2,0,Yes,2,Yes,Yes,1,0,No,No,1,No,Yes,2,No,No,No,Residential,high,29510116301
4784,38.59948,-90.24635,Ample,No,2,0,Yes,2,Yes,Yes,1,1,No,No,1,No,Yes,2,No,No,No,Residential,high,29510116301
4785,38.60071,-90.24644,Ample,No,2,0,Yes,2,Yes,Yes,1,1,No,No,2,No,Yes,2,No,No,No,Residential,medium,29510116301
4786,38.60203,-90.24623,Ample,No,2,0,Yes,2,Yes,Yes,1,0,No,No,1,No,Yes,2,No,No,No,Residential,medium,29510116301
4787,38.60322,-90.24649,Ample,No,2,0,Yes,2,Yes,Yes,1,1,Yes,No,1,Yes,Yes,2,No,No,No,Residential,INVALID,29510116301
4788,38.60478,-90.2459,Ample,No,0,0,No,1,No,Yes,1,0,No,No,2,Yes,No,2,No,No,No,Residential,high,29510116200
478,38.64255,-90.30203,Ample,No,2,0,Yes,2,Yes,Yes,1,1,No,No,2,Yes,Yes,2,No,Yes,No,Residential,medium,29510112100
4790,38.60768,-90.24641,Ample,No,2,0,Yes,2,Yes,Yes,1,1,Yes,No,1,Yes,Yes,2,No,No,Yes,Residential,medium,29510117400
4791,38.60878,-90.24637,Ample,No,2,0,Yes,2,Yes,Yes,1,1,No,No,1,No,Yes,2,No,No,No,Residential,high,29510117200
4792,38.61013,-90.24641,Ample,No,2,0,Yes,2,Yes,Yes,1,0,No,No,1,No,Yes,2,No,No,No,Residential,medium,29510117200
4793,38.61146,-90.24638,Ample,No,2,0,Yes,2,No,Yes,0,0,No,No,1,No,Yes,2,No,No,No,Residential,low,29510117200
4794,38.61282,-90.24639,Ample,No,2,0,Yes,2,Yes,Yes,1,1,No,No,1,Yes,Yes,2,No,No,No,Residential,high,29510117200
4795,38.61405,-90.24637,Ample,No,2,0,Yes,2,Yes,Yes,1,0,No,No,1,No,Yes,2,No,No,No,Residential,high,29510117200
4796,38.61574,-90.24632,Ample,No,2,0,Yes,2,Yes,Yes,1,0,No,No,1,No,Yes,2,No,No,No,Residential,high,29510117200
4797,38.61684,-90.24638,Ample,No,0,0,Yes,2,Yes,Yes,1,1,No,No,1,No,Yes,2,No,No,Yes,Residential,medium,29510117200
4798,38.61827,-90.24642,Ample,No,2,0,Yes,2,Yes,Yes,1,1,No,No,1,No,Yes,2,No,No,No,Residential,low,29510117200
4799,38.61966,-90.24642,Ample,No,2,0,Yes,2,Yes,Yes,1,1,No,No,1,No,Yes,2,No,No,No,Residential,medium,29510117200
479,38.64383,-90.30167,Ample,No,2,0,Yes,2,Yes,Yes,1,1,No,No,1,Yes,Yes,2,No,No,No,Residential,high,29510112100
47,38.60737,-90.31519,Ample,No,2,0,Yes,2,Yes,Yes,1,1,No,No,1,No,Yes,2,No,No,No,Residential,medium,29510126800
4800,38.6209,-90.24641,Ample,No,2,0,Yes,2,Yes,Yes,1,0,No,No,1,No,Yes,2,No,No,No,Residential,high,29510117200
4804,38.62627,-90.2464,Ample,No,2,0,No,2,Yes,Yes,1,1,No,No,1,No,Yes,2,No,No,No,Commercial,low,29510118100
4805,38.62799,-90.24628,Ample,Yes,0,0,No,2,Yes,Yes,1,0,No,No,1,No,Yes,2,No,No,No,Commercial,INVALID,29510118600
4806,38.62903,-90.2464,Ample,No,2,0,Yes,2,Yes,Yes,1,1,No,No,1,No,Yes,2,No,No,No,Commercial,INVALID,29510118600
4808,38.63166,-90.24639,Ample,No,2,0,Yes,2,Yes,Yes,1,1,No,No,1,No,Yes,2,No,No,No,Commercial,low,29510118600
4809,38.63325,-90.24645,Ample,No,2,0,Yes,2,Yes,Yes,1,1,No,No,1,No,Yes,2,No,No,Yes,Commercial,INVALID,29510118600
480,38.64517,-90.30164,Ample,No,2,0,Yes,2,Yes,Yes,1,1,No,No,2,No,Yes,2,No,No,Yes,Residential,medium,29510105198
4810,38.63422,-90.2465,Ample,No,2,0,Yes,2,Yes,Yes,1,1,No,No,2,No,Yes,2,No,No,Yes,Commercial,INVALID,29510118600
4811,38.63575,-90.24637,Ample,No,2,0,Yes,2,Yes,Yes,1,0,No,No,1,No,Yes,2,No,No,No,Commercial,high,29510118600
4812,38.63704,-90.24636,Ample,No,2,0,Yes,2,Yes,Yes,1,1,No,No,1,No,Yes,2,No,No,No,Residential,high,29510119300
4813,38.63838,-90.24629,Ample,No,2,0,Yes,2,Yes,Yes,1,1,Yes,No,1,No,Yes,2,No,No,No,Residential,medium,29510119300
4814,38.64006,-90.24633,Ample,No,2,1,Yes,2,Yes,Yes,1,1,Yes,No,1,No,Yes,2,No,No,Yes,Residential,high,29510119102
4815,38.64115,-90.2463,Ample,No,2,0,No,2,Yes,Yes,1,1,No,No,1,No,Yes,2,No,No,No,Commercial,high,29510119102
4816,38.64261,-90.24637,Some,No,2,0,Yes,2,Yes,Yes,1,1,No,No,1,No,Yes,2,No,No,No,Residential,INVALID,29510119200
4817,38.64382,-90.24646,No,Yes,0,0,Yes,2,No,Yes,1,1,No,No,2,No,Yes,2,No,No,No,Residential,low,29510119200
4818,38.64504,-90.24646,Ample,No,2,0,Yes,2,No,Yes,1,1,No,No,1,No,Yes,2,No,No,No,Residential,low,29510119200
4819,38.64652,-90.24638,Ample,No,2,0,Yes,2,Yes,Yes,1,1,No,No,1,No,Yes,2,No,No,No,Residential,INVALID,29510119200
481,38.6465,-90.30114,Ample,No,2,0,Yes,2,Yes,Yes,1,1,No,No,1,Yes,Yes,2,No,Yes,No,Residential,medium,29510105198
4820,38.64777,-90.24642,No,No,2,0,Yes,2,No,Yes,1,1,No,No,1,No,Yes,2,No,No,No,Residential,high,29510119200
4821,38.64924,-90.24643,Some,No,0,0,Yes,2,No,Yes,1,1,No,No,1,No,Yes,2,No,No,No,Residential,high,29510111100
4822,38.65049,-90.24644,Some,No,0,0,Yes,2,Yes,Yes,0,0,No,No,2,No,Yes,2,No,No,No,Residential,INVALID,29510111100
4823,38.65178,-90.24656,Ample,No,2,0,Yes,2,No,Yes,1,1,No,No,1,Yes,Yes,2,No,No,No,Residential,INVALID,29510111100
4824,38.65347,-90.24627,Some,No,0,0,Yes,2,No,Yes,1,0,No,No,1,No,Yes,2,No,No,No,Residential,high,29510111100
4825,38.65462,-90.24647,Ample,No,2,0,Yes,2,Yes,Yes,1,1,Yes,Yes,1,No,Yes,2,No,No,Yes,Commercial,medium,29510111200
4826,38.65621,-90.24628,Ample,No,0,0,Yes,2,No,Yes,1,1,No,No,1,No,Yes,2,No,No,No,Residential,high,29510111200
4827,38.65715,-90.24656,Ample,No,2,0,Yes,2,Yes,Yes,1,0,No,No,1,Yes,Yes,2,No,No,No,Residential,medium,29510111200
4828,38.65867,-90.24642,Some,No,0,0,Yes,2,No,Yes,0,0,No,No,1,No,Yes,2,No,No,No,Residential,medium,29510111300
4829,38.66001,-90.24649,Ample,No,2,0,Yes,2,Yes,Yes,1,1,No,Yes,1,No,Yes,2,No,No,No,Residential,medium,29510111300
482,38.64787,-90.30163,Ample,No,2,0,Yes,2,Yes,Yes,1,1,No,No,1,Yes,Yes,2,No,No,No,Residential,high,29510105198
4830,38.66125,-90.24644,No,No,0,0,Yes,2,Yes,Yes,1,1,No,No,1,No,Yes,2,No,No,No,Residential,high,29510111200
4831,38.66274,-90.24635,No,No,2,0,Yes,2,No,Yes,1,1,No,No,1,No,Yes,2,No,No,No,Residential,high,29510111200
4832,38.66387,-90.24654,No,No,0,0,Yes,2,No,Yes,0,0,No,No,1,No,Yes,2,No,No,No,Residential,high,29510111200
4833,38.66552,-90.2463,Ample,No,0,0,Yes,2,Yes,Yes,1,1,No,No,1,No,Yes,2,No,No,No,Residential,medium,29510111200
4834,38.66681,-90.24648,Ample,No,2,0,Yes,2,No,Yes,1,1,No,Yes,1,No,Yes,2,No,No,No,Residential,high,29510110100
4835,38.66799,-90.24646,Ample,No,2,0,Yes,2,Yes,Yes,1,1,Yes,No,1,No,Yes,2,No,No,Yes,Residential,high,29510110100
4836,38.66939,-90.24629,Ample,No,2,0,Yes,2,Yes,Yes,1,1,No,No,2,No,Yes,2,No,No,No,Residential,medium,29510110100
4837,38.67078,-90.24649,No,No,0,0,Yes,2,No,Yes,0,0,No,No,1,No,Yes,2,No,No,No,Residential,medium,29510106700
4838,38.67212,-90.24638,Ample,No,2,0,Yes,2,No,Yes,1,1,No,No,1,No,Yes,2,No,No,No,Residential,high,29510106700
4839,38.67336,-90.24602,Ample,No,2,0,Yes,2,Yes,Yes,1,0,No,Yes,1,No,Yes,2,No,No,No,Commercial,INVALID,29510106700
483,38.64934,-90.30158,Ample,No,2,0,Yes,2,Yes,Yes,1,1,No,No,1,Yes,Yes,2,No,No,No,Residential,high,29510105198
4840,38.67498,-90.24624,Ample,No,2,0,Yes,2,Yes,Yes,1,1,No,No,1,No,Yes,2,No,No,No,Residential,medium,29510126900
4841,38.67607,-90.24647,Ample,No,2,0,Yes,2,Yes,Yes,1,1,No,No,1,No,Yes,2,No,No,No,Residential,medium,29510126900
4842,38.67717,-90.24667,Ample,No,2,0,Yes,2,Yes,Yes,1,0,No,No,1,No,Yes,2,No,No,No,Residential,medium,29510126900
4843,38.67884,-90.24645,Ample,No,2,0,Yes,2,Yes,Yes,1,1,No,No,1,No,Yes,2,No,No,No,Residential,medium,29510126900
4844,38.68013,-90.2462,Ample,No,2,0,Yes,2,No,Yes,0,0,No,No,1,No,Yes,2,No,No,No,Residential,high,29510126900
4845,38.68164,-90.24661,Ample,No,2,0,Yes,2,Yes,Yes,1,0,No,No,1,Yes,Yes,2,No,No,No,Residential,high,29510107600
4846,38.68344,-90.2476,Ample,No,0,1,Yes,2,Yes,Yes,1,1,No,No,1,Yes,Yes,2,No,No,No,Residential,medium,29510126900
4848,38.68559,-90.24644,Ample,No,0,0,Yes,2,Yes,Yes,1,1,No,No,1,No,Yes,2,No,No,Yes,Residential,high,29510107600
4849,38.68677,-90.24651,Ample,No,0,0,No,2,Yes,Yes,1,1,No,No,1,No,Yes,2,No,No,No,Commercial,low,29510107500
4850,38.68827,-90.24644,Some,No,0,0,Yes,2,Yes,Yes,1,1,No,No,1,No,Yes,2,No,No,No,Residential,medium,29510107500
4851,38.68983,-90.24651,Ample,No,2,0,Yes,2,Yes,Yes,1,1,No,No,1,No,Yes,2,No,No,Yes,Residential,high,29510107500
4852,38.69099,-90.24636,Ample,Yes,2,0,Yes,2,Yes,Yes,1,1,No,No,1,No,Yes,2,No,No,No,Residential,high,29510107500
4853,38.69253,-90.24654,Ample,No,0,0,Yes,2,No,Yes,1,1,No,No,1,No,Yes,2,No,Yes,No,Residential,high,29510107500
4854,38.69371,-90.24638,Ample,No,2,0,Yes,2,No,Yes,1,1,No,No,1,No,Yes,2,No,No,No,Residential,high,29510107500
4855,38.69488,-90.2462,Ample,No,0,0,Yes,2,No,Yes,1,1,No,No,1,No,Yes,2,No,No,No,Residential,high,29510107400
4856,38.69623,-90.24671,Ample,No,2,0,Yes,2,Yes,Yes,1,1,No,No,2,Yes,Yes,2,No,No,No,Residential,high,29510107400
4857,38.69755,-90.24625,Ample,No,2,0,Yes,2,Yes,Yes,1,1,No,No,1,No,Yes,2,No,No,No,Residential,INVALID,29510107400
4858,38.69907,-90.24644,Some,No,0,0,No,2,No,Yes,1,0,No,No,1,No,Yes,2,No,No,No,Residential,medium,29510107400
4859,38.70034,-90.24663,Ample,No,0,0,Yes,2,Yes,Yes,1,1,No,No,2,Yes,Yes,2,No,No,No,Residential,high,29510107400
4860,38.70192,-90.24655,Ample,No,0,0,Yes,2,Yes,Yes,1,1,No,No,1,No,Yes,2,No,No,No,Residential,medium,29510107200
4861,38.70315,-90.24643,Ample,No,0,0,Yes,2,Yes,Yes,1,1,Yes,No,1,Yes,Yes,2,No,No,Yes,Residential,medium,29510107200
4866,38.70988,-90.24644,Ample,No,2,0,Yes,2,Yes,Yes,1,1,No,No,1,Yes,Yes,2,No,No,No,Residential,medium,29510108100
4867,38.71111,-90.24636,Ample,No,2,0,Yes,2,Yes,Yes,1,0,No,No,1,No,Yes,2,No,No,No,Residential,high,29510107300
4868,38.71262,-90.24645,Ample,No,2,0,Yes,2,Yes,Yes,1,0,No,No,1,No,Yes,2,No,No,No,Residential,high,29510107300
4869,38.7139,-90.2463,Ample,No,2,0,Yes,2,Yes,Yes,1,0,No,No,1,No,Yes,2,No,No,No,Residential,medium,29510108100
4870,38.71502,-90.24583,Ample,No,2,0,Yes,2,Yes,Yes,1,0,No,No,1,No,Yes,2,No,No,No,Residential,medium,29510108100
4871,38.7167,-90.24675,Ample,No,2,0,Yes,2,Yes,Yes,1,1,No,No,1,No,Yes,2,No,No,No,Residential,high,29510108100
4872,38.71798,-90.24665,Ample,No,2,0,Yes,2,Yes,Yes,1,1,No,No,1,No,Yes,2,No,No,No,Residential,high,29510108200
4873,38.71908,-90.2465,Ample,No,2,0,Yes,2,Yes,Yes,1,0,No,No,1,No,Yes,2,No,No,No,Residential,high,29510108200
4874,38.72068,-90.2462,Ample,No,2,0,Yes,2,Yes,Yes,1,1,Yes,Yes,1,No,Yes,2,No,No,No,Residential,medium,29510108200
4882,38.55908,-90.24497,Ample,No,2,0,Yes,2,Yes,Yes,1,1,No,No,2,No,Yes,2,No,No,No,Residential,medium,29510101800
4883,38.56032,-90.245,Ample,No,2,0,Yes,2,Yes,Yes,1,1,No,No,2,No,Yes,2,No,No,No,Residential,high,29510101800
4884,38.5616,-90.24489,Ample,No,2,0,Yes,2,Yes,Yes,1,1,No,No,1,No,Yes,2,No,No,No,Residential,medium,29510115600
4885,38.5631,-90.2451,Ample,No,0,0,No,2,Yes,Yes,1,0,No,No,2,No,Yes,2,No,No,No,Residential,high,29510115600
4886,38.56426,-90.24519,Some,No,2,0,Yes,2,Yes,Yes,1,0,No,No,1,No,Yes,2,No,No,No,Residential,high,29510115600
4887,38.56559,-90.24492,Ample,No,2,0,Yes,2,No,Yes,1,1,No,No,1,No,Yes,2,No,No,No,Residential,medium,29510115500
4888,38.56706,-90.24509,Ample,No,2,0,Yes,2,No,Yes,1,1,No,No,1,No,Yes,2,No,No,No,Residential,medium,29510115500
4889,38.56831,-90.24498,Ample,Yes,2,0,Yes,2,Yes,Yes,1,1,No,No,1,No,Yes,2,No,No,No,Residential,high,29510115500
488,38.56556,-90.30045,No,No,2,0,No,2,No,Yes,1,1,No,No,2,No,Yes,2,No,No,No,Residential,high,
4890,38.56969,-90.24509,Some,No,2,0,Yes,2,Yes,Yes,1,0,No,No,1,No,Yes,2,No,No,No,Residential,high,29510115500
4891,38.57089,-90.24483,Ample,No,2,0,Yes,2,Yes,Yes,1,1,No,No,1,Yes,Yes,2,No,No,No,Residential,medium,29510115500
4892,38.57238,-90.2451,Ample,No,2,0,Yes,2,No,Yes,1,1,No,No,1,No,Yes,2,No,No,No,Residential,medium,29510115500
4893,38.57387,-90.24533,Ample,No,2,0,Yes,2,Yes,Yes,1,1,No,No,1,No,Yes,2,No,No,No,Residential,high,29510115500
4894,38.57507,-90.24507,Some,No,2,0,Yes,2,No,Yes,1,0,No,No,1,No,Yes,2,No,No,No,Residential,INVALID,29510115500
4895,38.5766,-90.2453,Some,No,2,0,Yes,2,No,Yes,0,0,No,No,1,No,Yes,2,No,No,No,Residential,high,29510115500
4896,38.57782,-90.24504,Ample,No,2,0,Yes,2,Yes,Yes,1,1,No,No,1,No,Yes,2,No,No,No,Residential,medium,29510115500
4897,38.57926,-90.24538,Ample,No,2,0,Yes,2,Yes,Yes,1,1,No,No,2,Yes,Yes,2,No,No,No,Residential,medium,29510115300
4898,38.58024,-90.2446,Ample,No,2,0,Yes,2,Yes,Yes,1,1,No,No,1,No,Yes,2,No,No,No,Residential,high,29510115300
4899,38.58191,-90.24509,Some,No,2,0,Yes,2,Yes,Yes,1,1,No,No,1,No,Yes,2,No,No,No,Residential,high,29510115700
489,38.56697,-90.30037,Ample,No,2,0,Yes,2,Yes,Yes,1,1,No,No,1,Yes,Yes,2,No,No,No,Residential,high,29510102100
48,38.57928,-90.31337,Ample,No,2,0,Yes,2,Yes,Yes,1,1,Yes,No,1,No,Yes,2,No,No,Yes,Residential,high,29510102200
4900,38.58323,-90.24525,Ample,No,2,0,Yes,2,No,Yes,0,0,No,No,1,No,Yes,2,No,No,No,Residential,INVALID,29510115700
4901,38.58458,-90.24489,Ample,No,2,0,Yes,2,Yes,Yes,1,1,No,Yes,1,No,Yes,2,No,No,No,Residential,high,29510115700
4902,38.58585,-90.24492,Ample,No,2,0,Yes,2,Yes,Yes,1,0,No,No,1,No,Yes,2,No,No,No,Residential,high,29510116302
4903,38.5874,-90.24499,Ample,No,2,0,Yes,2,Yes,Yes,1,0,No,No,1,No,Yes,2,No,No,No,Residential,high,29510116302
4904,38.58863,-90.24514,Ample,Yes,2,1,Yes,2,No,Yes,0,0,No,Yes,1,No,Yes,2,No,No,No,Residential,low,29510116302
4905,38.58983,-90.24504,Ample,No,2,0,Yes,2,No,Yes,0,0,No,No,1,No,No,2,No,No,No,Residential,high,29510116302
4906,38.59112,-90.24507,Ample,No,2,0,Yes,2,Yes,Yes,1,1,No,No,1,No,Yes,2,No,No,No,Residential,low,29510116302
4907,38.59281,-90.2451,Ample,No,2,0,Yes,2,Yes,Yes,1,1,No,No,1,No,Yes,2,No,No,No,Residential,high,29510116302
4908,38.59396,-90.24505,Ample,No,2,0,Yes,2,Yes,Yes,1,1,Yes,No,1,No,Yes,2,No,No,No,Residential,INVALID,29510116301
4909,38.59509,-90.24507,Ample,Yes,2,0,Yes,2,Yes,Yes,1,0,No,No,2,No,Yes,2,No,No,Yes,Residential,high,29510116301
490,38.5685,-90.30019,Ample,No,2,0,No,2,Yes,Yes,1,0,No,No,1,Yes,Yes,2,No,No,No,Residential,medium,29510102100
4910,38.59623,-90.24514,Ample,No,2,0,Yes,2,Yes,Yes,1,0,No,No,1,No,Yes,2,No,No,No,Residential,medium,29510116301
4911,38.59844,-90.245,Some,No,2,0,Yes,2,Yes,Yes,1,0,No,No,1,No,Yes,2,No,No,No,Residential,medium,29510116301
4912,38.59936,-90.24512,Ample,No,2,0,Yes,2,Yes,Yes,1,1,Yes,No,1,No,Yes,2,No,No,No,Residential,medium,29510116301
4913,38.60028,-90.24515,Ample,No,2,0,Yes,2,Yes,Yes,1,0,No,No,1,No,Yes,2,No,No,No,Residential,medium,29510116301
4914,38.60208,-90.2451,Ample,No,2,0,Yes,2,Yes,Yes,1,0,No,No,1,No,Yes,2,No,No,No,Residential,medium,29510116301
4915,38.60309,-90.24512,Ample,No,2,0,Yes,2,Yes,Yes,1,1,No,No,1,Yes,Yes,2,No,No,No,Residential,high,29510116200
4918,38.60756,-90.24503,Ample,No,2,0,Yes,2,Yes,Yes,1,0,Yes,Yes,1,Yes,Yes,2,No,No,No,Residential,high,29510117400
4919,38.60866,-90.24511,Ample,No,2,0,Yes,2,Yes,Yes,1,1,No,No,1,No,Yes,2,No,No,No,Residential,high,29510117400
4920,38.61001,-90.24512,Ample,No,2,0,Yes,2,Yes,Yes,1,1,No,Yes,1,No,Yes,2,No,No,No,Residential,high,29510117400
4921,38.61134,-90.24511,Some,No,2,0,Yes,2,Yes,Yes,1,0,No,No,1,No,Yes,2,No,No,No,Residential,high,29510117400
4922,38.6129,-90.24506,Ample,No,2,0,Yes,2,Yes,Yes,1,1,No,No,1,Yes,Yes,2,No,No,No,Residential,high,29510117400
4923,38.61392,-90.24507,Ample,No,2,0,Yes,2,Yes,Yes,1,0,No,No,1,No,Yes,2,No,No,No,Residential,high,29510127300
4924,38.61562,-90.24503,Ample,No,2,0,Yes,2,Yes,Yes,1,1,Yes,No,1,No,Yes,2,No,No,No,Residential,high,29510127300
4925,38.61685,-90.2451,Ample,No,2,0,Yes,2,Yes,Yes,1,1,Yes,No,2,No,Yes,2,No,No,Yes,Residential,medium,29510117200
4926,38.61815,-90.24514,Ample,No,2,0,Yes,2,Yes,Yes,1,0,No,No,1,No,Yes,2,No,No,No,Residential,INVALID,29510117200
4927,38.61954,-90.24506,Ample,No,2,0,Yes,2,Yes,Yes,1,1,No,No,1,No,Yes,2,No,No,No,Residential,high,29510117200
4928,38.6209,-90.2451,Ample,No,0,0,Yes,2,No,Yes,0,0,No,No,1,No,Yes,2,No,No,No,Residential,low,29510117200
492,38.57214,-90.29999,Ample,No,2,0,Yes,2,Yes,Yes,1,0,No,No,2,Yes,Yes,2,No,No,Yes,Residential,medium,29510102100
4933,38.62773,-90.24506,Ample,No,2,0,No,2,Yes,Yes,1,0,No,No,1,No,Yes,2,No,No,No,Commercial,INVALID,29510118600
4934,38.62867,-90.24521,Ample,No,0,0,Yes,2,Yes,Yes,1,1,No,No,1,No,Yes,2,No,No,No,Commercial,low,29510118600
4935,38.63037,-90.24511,Ample,No,2,0,Yes,2,Yes,Yes,1,1,No,No,1,No,Yes,2,No,No,No,Commercial,INVALID,29510118600
4936,38.63185,-90.24506,Ample,No,2,0,No,2,Yes,Yes,1,1,No,No,1,No,Yes,2,No,No,Yes,Commercial,low,29510118600
4937,38.63308,-90.24474,No,No,2,0,No,2,No,Yes,1,1,No,No,1,No,No,2,No,No,No,Commercial,INVALID,29510118600
4938,38.63423,-90.24517,Ample,No,2,0,Yes,2,Yes,Yes,1,1,Yes,No,1,No,Yes,2,No,No,No,Commercial,high,29510118600
4939,38.63549,-90.24511,Ample,No,2,0,Yes,2,Yes,Yes,1,1,No,No,1,No,Yes,2,No,No,No,Commercial,high,29510118600
493,38.57236,-90.30035,Ample,No,2,0,Yes,2,Yes,Yes,1,0,No,No,1,Yes,Yes,2,No,No,No,Residential,medium,29510102100
4940,38.6368,-90.24518,Ample,No,2,0,Yes,2,Yes,Yes,1,1,No,No,1,No,Yes,2,No,No,No,Commercial,high,29510119300
4941,38.63849,-90.24497,Ample,No,2,0,No,2,Yes,Yes,1,1,No,No,1,No,Yes,2,No,No,No,Commercial,INVALID,29510119300
4942,38.63979,-90.24505,Ample,No,2,1,Yes,2,Yes,Yes,1,1,No,No,1,No,Yes,2,No,No,No,Commercial,medium,29510119300
4943,38.64123,-90.24499,Ample,No,2,0,Yes,2,Yes,Yes,1,1,No,No,2,No,Yes,2,No,No,No,Commercial,high,29510119300
4944,38.64259,-90.24501,Ample,No,2,0,Yes,2,Yes,Yes,1,0,No,No,1,No,Yes,2,No,No,No,Residential,medium,29510119200
4945,38.64384,-90.24511,Ample,No,2,0,Yes,2,Yes,Yes,1,1,No,No,1,No,Yes,2,No,No,No,Residential,medium,29510119200
4946,38.64529,-90.24493,Ample,No,2,0,Yes,2,Yes,Yes,1,1,No,No,1,No,Yes,2,No,No,No,Residential,high,29510119200
4947,38.64653,-90.24502,Ample,No,2,0,Yes,2,Yes,Yes,1,1,No,No,1,No,Yes,2,No,No,No,Residential,high,29510119200
4948,38.6478,-90.24509,Some,No,2,0,Yes,2,Yes,Yes,1,1,No,No,1,Yes,Yes,2,No,No,No,Residential,high,29510111100
4949,38.64927,-90.24505,Some,No,2,0,Yes,2,Yes,Yes,1,0,Yes,No,1,No,Yes,2,No,No,No,Residential,high,29510111100
494,38.57365,-90.30031,Ample,No,2,0,Yes,2,Yes,Yes,1,0,No,No,1,No,Yes,2,No,No,No,Residential,medium,29510102100
4950,38.65041,-90.24512,Ample,No,2,0,Yes,2,Yes,Yes,1,1,No,No,1,No,Yes,2,No,No,No,Residential,INVALID,29510111100
4951,38.65188,-90.24495,Ample,No,2,0,Yes,2,Yes,Yes,1,0,No,No,1,No,Yes,2,No,No,No,Residential,high,29510111100
4952,38.65302,-90.24525,Some,No,0,0,Yes,2,No,Yes,1,0,No,No,1,No,Yes,2,No,No,No,Residential,medium,29510111100
4953,38.65443,-90.24523,Some,No,2,0,Yes,2,No,Yes,1,1,No,No,1,No,Yes,2,No,No,No,Residential,medium,29510111200
4954,38.65572,-90.24519,Some,No,0,0,Yes,2,No,Yes,1,1,No,No,1,No,Yes,2,No,No,No,Residential,medium,29510111200
4955,38.65732,-90.24512,Ample,No,2,0,Yes,2,Yes,Yes,1,1,No,No,1,No,Yes,2,No,No,Yes,Residential,high,29510111300
4956,38.65863,-90.24513,Some,No,0,0,Yes,2,Yes,Yes,1,1,No,No,1,No,Yes,2,No,No,No,Residential,medium,29510111300
4957,38.6601,-90.24499,Some,No,0,0,Yes,2,No,Yes,1,1,No,No,1,No,Yes,2,No,No,No,Residential,high,29510111300
4958,38.66128,-90.24485,Some,No,0,0,Yes,2,No,Yes,0,0,No,No,1,No,Yes,2,No,No,No,Residential,high,29510111300
4959,38.6627,-90.24507,Ample,No,0,0,Yes,2,No,Yes,1,1,No,No,1,Yes,Yes,2,No,No,No,Residential,low,29510111200
495,38.57503,-90.30012,Ample,No,2,0,Yes,2,Yes,Yes,1,0,No,No,1,No,Yes,2,No,No,No,Residential,high,29510102200
4960,38.66385,-90.24524,Ample,No,0,0,Yes,2,No,Yes,1,1,No,No,1,No,Yes,2,No,No,No,Residential,low,29510111200
4961,38.66554,-90.24496,Some,No,2,0,No,2,No,Yes,1,1,No,No,1,No,Yes,2,No,No,No,Residential,high,29510111200
4962,38.66677,-90.24501,Some,No,0,1,Yes,2,No,Yes,1,1,No,No,1,No,Yes,2,Yes,No,No,Residential,high,29510110100
4963,38.66805,-90.24514,Ample,No,0,0,Yes,2,No,Yes,0,0,No,No,1,No,Yes,2,No,No,No,Residential,medium,29510110100
4964,38.66934,-90.2447,Ample,No,2,0,Yes,2,Yes,Yes,1,1,Yes,No,1,No,Yes,2,No,No,No,Residential,high,29510110100
4965,38.67074,-90.24514,Ample,No,0,0,Yes,2,Yes,Yes,1,1,No,No,1,No,Yes,2,No,No,No,Residential,high,29510110100
4966,38.6721,-90.24496,Ample,No,2,0,Yes,2,No,Yes,1,1,Yes,No,1,No,Yes,2,No,No,No,Residential,high,29510106700
4967,38.67344,-90.24507,Ample,No,2,0,Yes,2,Yes,Yes,1,0,No,No,1,No,Yes,2,No,No,No,Residential,high,29510126900
4968,38.67477,-90.24501,Ample,No,2,0,Yes,2,Yes,Yes,1,1,No,No,1,No,Yes,2,No,No,No,Residential,high,29510126900
4969,38.67598,-90.24514,Ample,No,2,0,Yes,2,No,Yes,1,1,No,No,1,No,Yes,2,No,No,No,Residential,medium,29510126900
496,38.57605,-90.30009,Ample,No,2,0,Yes,2,Yes,Yes,1,0,No,No,1,No,Yes,2,No,No,No,Residential,high,29510102200
4970,38.67747,-90.24507,Ample,No,2,0,Yes,2,No,Yes,1,1,No,No,1,No,Yes,2,No,No,No,Residential,medium,29510126900
4971,38.67896,-90.24505,No,No,0,0,Yes,2,No,Yes,1,1,No,No,1,No,Yes,2,No,No,No,Residential,high,29510126900
4972,38.68016,-90.24494,Ample,No,2,0,Yes,2,No,Yes,1,0,No,No,1,No,Yes,2,No,No,No,Residential,high,29510126900
4973,38.68163,-90.24513,Ample,No,0,0,Yes,2,No,Yes,0,0,No,No,1,No,Yes,2,No,No,No,Residential,high,29510107600
4974,38.6829,-90.24507,Ample,No,2,0,Yes,2,Yes,Yes,1,1,No,No,1,Yes,Yes,2,No,No,No,Residential,medium,29510107600
4976,38.68549,-90.24513,Ample,No,0,0,Yes,2,Yes,Yes,1,0,No,No,1,No,Yes,2,No,No,No,Residential,high,29510107600
4977,38.68696,-90.24493,Ample,No,2,0,Yes,2,No,Yes,1,1,No,No,1,No,Yes,2,No,Yes,No,Residential,medium,29510107500
4978,38.68818,-90.24491,No,No,2,0,Yes,2,Yes,Yes,1,1,No,No,1,No,Yes,2,No,No,No,Residential,high,29510107500
4979,38.68956,-90.24496,Ample,No,2,0,Yes,2,Yes,Yes,1,1,No,No,1,No,Yes,2,No,No,No,Residential,medium,29510107500
497,38.57792,-90.29989,Ample,No,2,0,Yes,2,Yes,Yes,1,0,No,No,1,No,Yes,2,No,No,No,Residential,medium,29510102200
4980,38.69113,-90.24515,Ample,No,0,0,Yes,2,No,Yes,1,0,No,No,1,No,Yes,2,No,No,No,Residential,high,29510107500
4981,38.69235,-90.24508,Ample,No,2,0,Yes,2,Yes,Yes,1,1,No,No,2,No,Yes,2,No,No,No,Residential,high,29510107500
4982,38.69383,-90.24518,Ample,No,2,0,Yes,2,Yes,Yes,1,1,No,No,1,No,Yes,2,No,No,No,Residential,INVALID,29510107500
4983,38.69498,-90.24502,Ample,No,2,0,Yes,2,Yes,Yes,1,1,No,No,1,No,Yes,2,No,No,No,Residential,high,29510107400
4985,38.69768,-90.24503,Some,No,2,0,Yes,2,Yes,Yes,1,1,No,No,2,No,Yes,2,No,No,No,Residential,high,29510107400
4986,38.69921,-90.2452,Ample,No,2,0,Yes,2,No,Yes,1,1,No,No,2,No,Yes,2,No,No,No,Residential,high,29510107400
4987,38.7004,-90.24503,Ample,No,2,0,Yes,2,No,Yes,1,1,Yes,No,1,No,Yes,2,No,No,No,Residential,high,29510107400
4988,38.70175,-90.24502,Ample,No,0,0,No,2,Yes,Yes,1,1,No,No,1,No,Yes,2,No,No,No,Residential,high,29510108100
498,38.5791,-90.30036,Ample,No,2,0,Yes,2,Yes,Yes,1,0,No,No,1,No,Yes,2,No,No,No,Residential,high,29510102200
4995,38.71118,-90.24508,Ample,No,2,0,Yes,2,No,Yes,1,1,No,No,1,Yes,Yes,2,No,No,No,Residential,medium,29510108100
4996,38.7124,-90.24508,Ample,No,0,0,Yes,2,Yes,Yes,1,0,No,No,1,Yes,Yes,2,No,No,No,Residential,high,29510107300
4997,38.71381,-90.24487,Ample,No,2,0,Yes,2,Yes,Yes,1,1,No,No,1,No,Yes,2,No,No,No,Residential,high,29510108100
4998,38.71537,-90.24499,Ample,No,2,0,Yes,2,Yes,Yes,1,0,No,No,1,No,Yes,2,No,No,No,Residential,high,29510108100
4999,38.71666,-90.24515,Ample,No,2,0,Yes,2,Yes,Yes,1,0,No,No,1,No,Yes,2,No,No,No,Residential,medium,29510108100
499,38.58042,-90.30026,Ample,No,2,0,Yes,2,Yes,Yes,1,0,No,No,1,No,Yes,2,No,No,No,Residential,medium,29510102200
49,38.58031,-90.31375,Ample,No,2,0,Yes,2,Yes,Yes,1,1,No,No,1,No,Yes,2,No,No,No,Residential,medium,29510102200
5000,38.71805,-90.24505,Ample,No,2,0,Yes,2,Yes,Yes,1,0,Yes,No,1,No,Yes,2,No,No,No,Residential,medium,29510108200
5001,38.71931,-90.24506,Ample,No,2,0,Yes,2,Yes,Yes,1,1,No,No,1,No,Yes,2,No,No,No,Residential,high,29510108200
5002,38.72087,-90.2452,Ample,No,2,0,Yes,2,Yes,Yes,1,0,No,No,1,No,Yes,2,No,No,Yes,Residential,high,29510108200
5008,38.55926,-90.2434,Ample,No,2,0,Yes,2,Yes,Yes,1,1,Yes,No,1,Yes,Yes,2,No,No,No,Commercial,medium,29510101800
5009,38.5605,-90.24359,Ample,Yes,0,1,Yes,2,Yes,Yes,1,0,No,No,1,No,Yes,2,No,No,Yes,Residential,high,29510101800
500,38.58208,-90.30024,Ample,No,2,0,Yes,2,Yes,Yes,1,0,No,No,1,Yes,Yes,2,No,Yes,No,Residential,medium,29510114102
5010,38.56175,-90.24368,Ample,No,2,0,Yes,2,Yes,Yes,1,1,No,No,1,No,Yes,2,No,No,No,Residential,medium,29510115600
5011,38.5629,-90.24374,Ample,No,2,0,Yes,2,Yes,Yes,1,1,No,No,1,No,Yes,2,No,No,No,Residential,high,29510115600
5012,38.56438,-90.24369,Ample,No,0,0,Yes,2,Yes,Yes,1,0,No,No,2,No,Yes,2,No,No,Yes,Residential,high,29510115600
5013,38.56561,-90.24347,Ample,No,2,0,Yes,2,No,Yes,1,1,No,No,1,No,Yes,2,No,No,No,Residential,medium,29510115600
5014,38.56706,-90.24385,Ample,No,2,0,Yes,2,Yes,Yes,1,1,No,No,1,No,Yes,2,No,No,No,Residential,high,29510115500
5016,38.56986,-90.24374,Ample,No,2,0,Yes,2,Yes,Yes,1,1,No,No,1,No,Yes,2,No,No,No,Residential,medium,29510115500
5017,38.57112,-90.24405,Ample,No,2,0,Yes,2,Yes,Yes,1,0,No,No,1,No,Yes,2,No,No,No,Residential,medium,29510115500
5018,38.57239,-90.24362,Ample,No,2,0,Yes,2,Yes,Yes,1,0,No,No,1,No,Yes,2,No,No,No,Residential,medium,29510115500
5019,38.57384,-90.24385,Ample,No,2,0,Yes,2,Yes,Yes,1,1,No,No,1,No,Yes,2,No,No,No,Residential,medium,29510115500
501,38.5836,-90.3005,Ample,No,0,0,Yes,2,Yes,Yes,1,1,No,No,1,Yes,Yes,2,No,No,Yes,Residential,high,29510114102
5020,38.57506,-90.24357,Some,Yes,2,0,Yes,2,No,Yes,1,0,No,No,1,No,Yes,2,No,No,No,Residential,high,29510115500
5021,38.57656,-90.24383,Ample,No,2,0,Yes,2,No,Yes,0,0,No,No,1,No,Yes,2,No,No,No,Residential,high,29510115500
5022,38.57776,-90.24369,Ample,No,2,0,Yes,2,Yes,Yes,1,1,No,No,2,Yes,Yes,2,No,No,No,Residential,high,29510115500
5023,38.57939,-90.24355,No,No,2,0,Yes,2,No,Yes,1,1,No,No,1,No,Yes,2,No,No,No,Residential,INVALID,29510115500
5024,38.58086,-90.2436,Ample,No,2,0,Yes,2,Yes,Yes,1,1,No,No,1,No,Yes,2,No,No,No,Residential,high,29510115700
5025,38.58183,-90.24377,Ample,No,2,1,Yes,2,Yes,Yes,1,1,No,No,1,No,Yes,2,No,No,No,Residential,medium,29510115700
5026,38.58317,-90.24404,Some,No,2,0,Yes,2,Yes,Yes,1,0,No,No,1,No,Yes,2,No,No,No,Residential,high,29510115700
5027,38.58456,-90.24375,Ample,No,2,0,Yes,2,Yes,Yes,1,0,No,No,1,No,Yes,2,No,No,No,Residential,medium,29510116400
5028,38.58594,-90.24376,Some,No,2,0,Yes,2,No,Yes,0,0,No,No,1,No,Yes,2,No,No,No,Residential,high,29510116400
5029,38.58735,-90.24466,Ample,No,2,0,Yes,2,Yes,Yes,1,1,No,No,1,No,Yes,2,No,No,No,Residential,high,29510116302
5030,38.58853,-90.24353,Ample,No,2,0,Yes,2,Yes,Yes,1,1,No,No,1,No,Yes,2,No,No,No,Residential,INVALID,29510116400
5031,38.59005,-90.24365,Ample,No,2,0,Yes,2,Yes,Yes,1,1,No,No,1,No,Yes,2,No,No,Yes,Residential,high,29510116400
5032,38.59131,-90.24402,Ample,No,2,0,Yes,2,Yes,Yes,1,1,No,No,1,No,Yes,2,No,No,No,Commercial,high,29510116302
5033,38.59256,-90.24368,Ample,No,2,0,Yes,2,Yes,Yes,1,1,Yes,Yes,1,No,Yes,2,No,No,No,Commercial,low,29510116400
5034,38.59397,-90.24361,Ample,Yes,2,0,Yes,2,No,Yes,1,1,No,No,1,No,Yes,2,No,No,No,Commercial,low,29510116400
5035,38.59532,-90.24339,Ample,No,2,0,Yes,2,Yes,Yes,1,1,No,No,1,No,Yes,2,No,No,No,Commercial,medium,29510116301
5036,38.59652,-90.24378,Ample,No,2,0,Yes,2,Yes,Yes,1,1,No,No,2,No,Yes,2,No,No,No,Residential,high,29510116301
5037,38.59829,-90.2436,Ample,No,2,0,Yes,2,Yes,Yes,1,1,No,No,1,No,Yes,2,No,No,No,Residential,medium,29510116301
5038,38.59922,-90.24371,Ample,No,2,0,Yes,2,Yes,Yes,1,0,No,No,1,No,Yes,2,No,No,Yes,Residential,high,29510116301
5039,38.60105,-90.24367,Ample,No,2,0,Yes,2,Yes,Yes,1,0,No,No,1,No,Yes,2,No,No,No,Residential,high,29510116301
5040,38.60192,-90.2434,Ample,No,2,0,Yes,2,Yes,Yes,1,0,No,No,1,No,Yes,2,No,No,No,Residential,medium,29510116301
5041,38.60297,-90.24377,Ample,No,2,0,Yes,2,Yes,Yes,1,0,No,No,1,Yes,Yes,2,No,No,No,Residential,medium,29510116200
5042,38.60455,-90.24352,No,No,2,0,No,2,Yes,Yes,1,0,No,No,1,Yes,Yes,2,No,Yes,No,Residential,high,29510116200
5043,38.60611,-90.24346,Ample,No,2,0,Yes,2,Yes,Yes,1,0,No,No,2,Yes,Yes,2,No,No,No,Residential,medium,29510116200
5044,38.60745,-90.24376,Ample,No,2,0,Yes,2,Yes,Yes,1,1,No,No,1,Yes,Yes,2,No,No,No,Residential,medium,29510117400
5045,38.60875,-90.24367,Some,No,2,0,Yes,2,Yes,Yes,1,1,No,No,1,No,Yes,2,No,No,No,Residential,medium,29510117400
5046,38.61032,-90.2437,Some,No,2,0,Yes,2,Yes,Yes,1,1,No,No,1,No,Yes,2,No,No,No,Residential,high,29510117400
5047,38.61165,-90.24363,Ample,No,2,0,Yes,2,Yes,Yes,1,0,No,No,1,No,Yes,2,No,No,No,Residential,medium,29510117400
5048,38.61278,-90.2437,Ample,No,2,0,Yes,2,Yes,Yes,1,1,No,No,1,No,Yes,2,No,No,No,Residential,high,29510117400
5049,38.6138,-90.24382,Ample,No,2,0,Yes,2,Yes,Yes,1,1,No,No,1,No,Yes,2,No,No,No,Residential,medium,29510127300
504,38.58741,-90.30018,Ample,No,2,0,Yes,2,Yes,Yes,1,0,No,No,1,Yes,Yes,2,No,No,No,Residential,medium,29510114102
5050,38.6155,-90.24375,Ample,No,2,0,Yes,2,Yes,Yes,1,1,No,No,1,No,Yes,2,No,No,No,Residential,medium,29510127300
5051,38.61695,-90.24375,Ample,No,0,0,No,2,Yes,Yes,1,0,No,No,1,No,Yes,2,No,No,No,Residential,medium,29510127300
5052,38.6185,-90.24364,Ample,No,2,0,Yes,2,Yes,Yes,1,1,No,Yes,1,No,Yes,2,No,No,No,Residential,medium,29510127300
5053,38.61941,-90.24369,Ample,No,2,0,Yes,2,Yes,Yes,1,1,No,No,1,No,Yes,2,No,No,No,Residential,medium,29510127300
5054,38.62078,-90.24376,Ample,No,2,0,No,2,Yes,Yes,1,1,No,No,1,No,Yes,2,No,No,No,Residential,high,29510127300
5055,38.62234,-90.24401,Ample,No,2,0,Yes,2,Yes,Yes,1,1,No,No,1,Yes,Yes,2,No,No,No,Residential,high,29510118100
5056,38.62356,-90.24333,Ample,No,0,0,No,2,Yes,Yes,0,1,No,No,1,No,Yes,2,No,No,No,Commercial,low,29510118100
5059,38.62746,-90.24373,Ample,No,2,0,No,2,Yes,Yes,1,1,No,No,1,No,Yes,2,No,No,No,Commercial,INVALID,29510118600
505,38.58853,-90.30026,Ample,No,2,0,Yes,2,Yes,Yes,1,0,No,No,1,No,Yes,2,No,No,No,Residential,high,29510114102
5061,38.63045,-90.24378,Ample,No,0,0,No,2,No,Yes,1,1,No,No,1,No,Yes,2,No,No,No,Commercial,INVALID,29510118600
5062,38.63167,-90.24367,Ample,No,0,0,Yes,2,Yes,Yes,1,1,No,No,1,No,Yes,2,No,No,No,Commercial,low,29510118600
5063,38.63302,-90.24362,Ample,No,2,0,Yes,2,Yes,Yes,1,1,Yes,No,1,No,Yes,2,No,No,No,Commercial,low,29510118600
5064,38.63447,-90.24369,Ample,No,2,0,No,2,Yes,Yes,1,0,No,No,1,No,Yes,2,No,No,No,Commercial,INVALID,29510118600
5065,38.63584,-90.2437,Some,No,2,0,Yes,2,Yes,Yes,1,1,No,No,1,No,Yes,2,No,No,No,Commercial,INVALID,29510118600
5066,38.63723,-90.2436,Ample,No,2,0,Yes,2,Yes,Yes,1,1,No,No,2,No,Yes,2,No,No,No,Residential,low,29510119300
5067,38.63872,-90.24363,Ample,No,2,0,Yes,2,No,Yes,1,1,No,No,1,No,Yes,2,No,No,No,Commercial,low,29510119300
5068,38.63954,-90.24383,Ample,No,2,0,Yes,2,Yes,Yes,1,1,No,No,1,No,Yes,2,No,No,Yes,Commercial,medium,29510119300
5069,38.64091,-90.24384,Ample,No,2,0,Yes,2,Yes,Yes,0,1,No,No,1,No,Yes,2,No,Yes,No,Residential,high,29510119300
506,38.58992,-90.3003,Ample,No,2,0,Yes,2,Yes,Yes,1,0,No,No,1,No,Yes,2,No,No,No,Residential,high,29510114102
5070,38.64261,-90.24368,Ample,No,2,0,Yes,2,Yes,Yes,1,1,No,No,1,No,Yes,2,No,No,No,Residential,medium,29510119300
5071,38.64381,-90.24367,Some,No,2,0,Yes,2,No,Yes,1,1,No,No,2,No,Yes,2,No,No,No,Residential,high,29510119200
5072,38.64529,-90.24359,Some,No,2,0,Yes,2,No,Yes,1,1,No,No,1,No,Yes,2,No,No,No,Residential,medium,29510119200
5073,38.64657,-90.24368,Some,No,2,0,Yes,2,No,Yes,0,0,No,No,1,No,Yes,2,No,No,No,Residential,high,29510119200
5074,38.64799,-90.24357,Some,No,2,0,Yes,2,No,Yes,1,1,No,No,1,No,Yes,2,No,No,No,Residential,high,29510111100
5075,38.64924,-90.24369,Ample,No,0,0,Yes,2,Yes,Yes,1,1,No,No,1,No,Yes,2,No,No,Yes,Residential,high,29510111100
5076,38.65053,-90.24373,Some,No,2,0,Yes,2,No,Yes,1,1,No,No,1,No,Yes,2,No,No,No,Residential,medium,29510111100
5077,38.65176,-90.24384,Ample,No,2,0,Yes,2,No,Yes,1,1,No,No,1,No,Yes,2,No,No,No,Residential,high,29510111100
5078,38.65311,-90.24376,Ample,No,2,0,Yes,2,Yes,Yes,1,1,Yes,Yes,1,No,Yes,2,No,No,No,Residential,high,29510111200
5079,38.65444,-90.24379,Some,No,2,0,Yes,2,Yes,Yes,1,1,No,No,1,No,Yes,2,No,No,No,Residential,high,29510111200
507,38.5913,-90.30033,Ample,No,2,0,Yes,2,Yes,Yes,1,0,No,No,1,No,Yes,2,No,No,No,Residential,medium,29510114102
5080,38.65591,-90.2437,Ample,No,2,0,Yes,2,Yes,Yes,1,0,No,No,1,No,Yes,2,No,No,No,Residential,high,29510111300
5081,38.65744,-90.2436,Ample,No,0,0,Yes,2,No,Yes,0,0,No,No,1,No,Yes,2,No,No,No,Residential,high,29510111300
5082,38.65855,-90.24377,No,No,0,0,Yes,2,No,Yes,0,0,No,No,1,No,Yes,2,No,No,No,Residential,high,29510111300
5083,38.66006,-90.24373,Ample,No,2,0,Yes,2,Yes,Yes,1,1,No,No,1,Yes,Yes,2,No,No,No,Residential,high,29510111300
5084,38.66152,-90.24353,Some,No,0,0,Yes,2,No,Yes,0,0,No,No,1,No,Yes,2,No,No,No,Residential,high,29510111300
5085,38.66269,-90.2438,Some,Yes,0,0,Yes,2,No,Yes,1,0,No,No,1,No,Yes,2,No,No,No,Residential,high,29510111300
5086,38.664,-90.24366,Ample,No,2,0,Yes,2,Yes,Yes,1,1,No,No,1,No,Yes,2,No,No,No,Residential,high,29510111200
5087,38.66557,-90.24363,Ample,No,2,0,Yes,2,Yes,Yes,1,1,No,No,1,No,Yes,2,No,No,No,Residential,high,29510110100
5088,38.66677,-90.24367,Ample,No,2,0,Yes,2,Yes,Yes,1,1,No,No,1,No,Yes,2,No,No,No,Residential,high,29510110100
5089,38.66799,-90.24376,Ample,No,2,0,Yes,2,Yes,Yes,1,1,No,No,1,No,Yes,2,No,No,No,Residential,medium,29510110100
508,38.59259,-90.29982,Ample,No,2,0,Yes,2,Yes,Yes,1,1,No,No,2,No,Yes,2,No,No,No,Residential,medium,29510114102
5090,38.66955,-90.24365,Some,No,0,0,Yes,2,No,Yes,1,1,No,No,1,No,Yes,2,No,No,No,Residential,high,29510110100
5091,38.6708,-90.24366,Ample,Yes,2,0,Yes,2,No,Yes,1,1,No,No,1,No,Yes,2,No,No,No,Residential,high,29510110100
5092,38.67204,-90.24378,Ample,No,2,0,Yes,2,No,Yes,1,1,No,No,1,No,Yes,2,No,No,No,Residential,medium,29510110100
5093,38.6736,-90.24389,Ample,No,0,0,Yes,2,Yes,Yes,1,1,No,No,1,No,Yes,2,No,No,No,Residential,high,29510126900
5094,38.67487,-90.24369,Some,No,2,0,Yes,2,Yes,Yes,1,1,No,No,1,No,Yes,2,No,No,No,Residential,high,29510126900
5095,38.6763,-90.24393,Ample,No,2,0,Yes,2,Yes,Yes,1,0,No,No,1,No,Yes,2,No,No,No,Residential,INVALID,29510126900
5096,38.67753,-90.24369,Ample,No,2,0,Yes,2,No,Yes,1,1,No,No,1,No,Yes,2,No,No,No,Residential,high,29510126900
5097,38.67891,-90.24364,Ample,No,2,0,Yes,2,Yes,Yes,1,0,No,No,1,No,Yes,2,No,No,No,Residential,medium,29510126900
5098,38.68036,-90.24355,No,No,2,0,Yes,2,No,Yes,1,1,No,No,1,No,Yes,2,No,No,No,Residential,high,29510107600
5099,38.68148,-90.24382,No,No,2,0,Yes,2,No,Yes,1,1,No,No,1,No,Yes,2,No,No,No,Residential,high,29510107600
509,38.59398,-90.30038,Ample,No,2,0,Yes,2,Yes,Yes,1,1,No,No,1,No,Yes,2,No,No,No,Residential,high,29510114102
50,38.58185,-90.31379,Ample,No,2,0,Yes,2,Yes,Yes,1,1,No,No,1,No,Yes,2,No,No,No,Residential,medium,29510102200
5100,38.68289,-90.2436,Ample,No,2,0,Yes,2,Yes,Yes,1,1,No,No,1,Yes,Yes,2,No,No,Yes,Residential,high,29510107600
5101,38.68398,-90.24355,Ample,No,0,0,Yes,2,Yes,Yes,1,0,No,No,1,Yes,Yes,2,No,No,No,Residential,high,29510107600
5102,38.68557,-90.24371,Ample,No,0,0,No,2,Yes,Yes,1,0,No,No,1,No,Yes,2,No,No,No,Residential,low,29510107600
5103,38.68678,-90.24361,Some,No,2,0,Yes,2,No,Yes,1,1,No,No,1,No,Yes,2,No,No,No,Residential,INVALID,29510107600
5104,38.68832,-90.2438,Ample,No,2,0,Yes,2,No,Yes,1,1,No,Yes,1,No,Yes,2,No,No,Yes,Residential,medium,29510107500
5105,38.68975,-90.24375,Some,No,2,0,Yes,2,Yes,Yes,1,1,No,No,1,No,Yes,2,No,No,No,Residential,medium,29510107500
5106,38.69091,-90.24381,Ample,No,2,0,Yes,2,Yes,Yes,1,0,No,No,1,No,Yes,2,No,No,No,Residential,high,29510107500
5107,38.69244,-90.24377,Ample,No,2,0,Yes,2,Yes,Yes,1,1,No,No,1,No,Yes,2,No,No,No,Residential,medium,29510107500
5108,38.6936,-90.24359,Ample,No,2,0,Yes,2,No,Yes,1,1,No,No,2,No,Yes,2,No,No,No,Residential,medium,29510107500
5109,38.69513,-90.24377,Ample,No,0,0,Yes,2,No,Yes,1,1,No,No,1,No,Yes,2,No,No,No,Residential,high,29510107500
510,38.59535,-90.30054,No,No,2,0,Yes,2,Yes,Yes,1,1,No,No,1,No,Yes,2,No,No,Yes,Residential,high,29510114102
5110,38.69662,-90.24332,Ample,No,2,0,Yes,2,No,Yes,1,1,No,No,1,No,Yes,2,No,No,No,Residential,high,29510107400
5111,38.69785,-90.24376,Ample,No,2,0,Yes,2,No,Yes,1,1,No,No,1,No,Yes,2,No,No,Yes,Residential,high,29510107400
5112,38.6991,-90.2436,Ample,No,2,0,Yes,2,No,Yes,1,1,No,No,1,No,Yes,2,No,No,No,Residential,medium,29510107400
5113,38.7004,-90.24383,Ample,No,0,0,No,2,Yes,Yes,1,1,No,No,1,Yes,Yes,2,No,No,No,Residential,high,29510108100
511,38.59666,-90.30016,No,No,2,0,Yes,2,Yes,Yes,1,1,No,No,1,No,Yes,2,No,No,No,Residential,medium,29510114102
5122,38.71254,-90.24363,Ample,No,2,0,Yes,2,Yes,Yes,1,1,No,No,1,No,Yes,2,No,No,No,Residential,high,29510108100
5123,38.71413,-90.24367,Ample,No,2,0,Yes,2,Yes,Yes,1,0,No,No,1,No,Yes,2,No,No,No,Residential,medium,29510108100
5124,38.71503,-90.24376,Ample,No,2,0,Yes,2,Yes,Yes,1,1,No,No,1,No,Yes,2,No,No,No,Residential,high,29510108100
5125,38.7166,-90.24372,Ample,No,2,0,Yes,2,Yes,Yes,1,0,No,No,1,No,Yes,2,No,No,Yes,Residential,high,29510108100
5126,38.71816,-90.24365,Ample,No,2,0,Yes,2,Yes,Yes,1,1,No,No,1,No,Yes,2,No,No,No,Residential,high,29510108200
5127,38.71959,-90.24353,Ample,No,2,0,Yes,2,Yes,Yes,1,1,No,No,1,No,Yes,2,No,No,No,Residential,low,29510108200
5128,38.72056,-90.24368,Ample,No,2,0,Yes,2,Yes,Yes,1,1,No,No,1,No,Yes,2,No,No,No,Residential,high,29510108200
5129,38.72201,-90.2439,Ample,No,2,0,Yes,2,No,Yes,1,1,No,No,1,No,Yes,2,No,No,No,Residential,high,
512,38.59804,-90.30041,Ample,No,2,0,Yes,2,Yes,Yes,1,1,No,No,1,No,Yes,2,No,No,No,Residential,medium,29510103800
5134,38.55889,-90.24286,Ample,No,2,0,Yes,2,Yes,Yes,1,1,Yes,No,2,Yes,Yes,2,No,No,No,Residential,medium,29510101800
5136,38.56156,-90.24224,Ample,No,0,0,Yes,2,Yes,Yes,1,1,No,No,1,Yes,Yes,2,No,No,No,Residential,medium,29510115600
5137,38.563,-90.24247,Ample,No,2,0,Yes,2,Yes,Yes,1,1,No,No,1,No,Yes,2,No,No,No,Residential,medium,29510115600
5138,38.56424,-90.2423,Ample,No,2,0,Yes,2,Yes,Yes,0,0,No,No,1,No,Yes,2,No,No,No,Residential,high,29510115600
5139,38.56566,-90.24237,Ample,No,2,0,Yes,2,Yes,Yes,1,1,No,No,1,No,Yes,2,No,No,No,Residential,high,29510115600
513,38.59933,-90.30021,Ample,No,2,0,Yes,2,Yes,Yes,1,1,No,No,1,No,Yes,2,No,No,No,Residential,medium,29510103800
5140,38.56705,-90.24245,Ample,No,2,0,Yes,2,No,Yes,1,0,No,No,1,No,Yes,2,No,No,No,Residential,high,29510115600
5142,38.56969,-90.24239,Ample,No,2,0,Yes,2,Yes,Yes,1,1,No,No,1,No,Yes,2,No,No,No,Residential,medium,29510115500
5143,38.57148,-90.24228,Ample,No,2,0,Yes,2,Yes,Yes,1,1,No,Yes,1,No,Yes,2,No,No,No,Residential,medium,29510115500
5144,38.57244,-90.24237,Ample,No,2,0,Yes,2,Yes,Yes,1,1,No,No,1,No,Yes,2,No,No,Yes,Residential,medium,29510115500
5145,38.57385,-90.24237,Ample,No,2,0,Yes,2,No,Yes,1,1,No,No,1,No,Yes,2,No,No,No,Residential,high,29510115500
5146,38.5752,-90.2423,Ample,No,2,0,Yes,2,Yes,Yes,1,1,No,No,1,No,Yes,2,No,No,No,Residential,medium,29510115500
5147,38.57642,-90.24228,Ample,No,2,0,Yes,2,Yes,Yes,1,1,No,No,1,No,Yes,2,No,No,No,Residential,high,29510115500
5148,38.57772,-90.24185,Ample,No,2,0,Yes,2,Yes,Yes,1,1,No,No,1,No,Yes,2,No,No,No,Residential,medium,29510115500
5149,38.57925,-90.24258,Ample,No,2,0,Yes,2,Yes,Yes,1,0,No,No,1,No,Yes,2,No,No,No,Residential,medium,29510115500
514,38.60079,-90.30044,Ample,No,2,0,Yes,2,Yes,Yes,1,1,No,No,1,No,Yes,2,No,No,No,Residential,medium,29510103800
5150,38.58046,-90.24214,Ample,No,2,0,Yes,2,Yes,Yes,1,1,Yes,No,1,No,Yes,2,No,No,Yes,Residential,medium,29510115500
5151,38.58163,-90.24242,Ample,No,2,0,Yes,2,Yes,Yes,1,1,No,No,1,No,Yes,2,No,No,No,Residential,medium,29510115700
5152,38.58346,-90.24229,Ample,No,2,0,Yes,2,Yes,Yes,1,1,No,No,1,No,Yes,2,No,No,No,Residential,high,29510115700
5153,38.58439,-90.24238,Ample,No,2,0,Yes,2,Yes,Yes,1,1,No,No,1,No,Yes,2,No,No,No,Residential,medium,29510116400
5154,38.58577,-90.24243,Some,No,2,0,Yes,2,No,Yes,1,1,No,No,1,No,Yes,2,No,No,No,Residential,INVALID,29510116400
5155,38.58714,-90.24237,Ample,No,2,0,Yes,2,Yes,Yes,1,1,No,No,1,No,Yes,2,No,No,No,Residential,medium,29510116400
5156,38.58852,-90.2424,Some,No,2,0,Yes,2,Yes,Yes,1,1,No,No,1,No,Yes,2,No,No,No,Residential,INVALID,29510116400
5157,38.58989,-90.24238,Ample,No,2,0,Yes,2,Yes,Yes,1,1,No,No,1,No,Yes,2,No,No,No,Residential,high,29510116400
5158,38.59126,-90.24225,Ample,No,2,0,Yes,2,Yes,Yes,1,0,No,No,1,No,Yes,2,No,No,No,Residential,medium,29510116400
5159,38.59274,-90.24254,Some,Yes,2,0,Yes,2,No,Yes,1,1,No,No,1,No,Yes,2,No,No,No,Residential,INVALID,29510116400
515,38.60205,-90.30064,Ample,No,2,0,Yes,2,Yes,Yes,1,0,No,No,1,No,Yes,2,No,No,No,Residential,medium,29510103800
5160,38.59398,-90.24243,Ample,No,2,0,No,2,Yes,Yes,1,1,No,No,1,No,Yes,2,No,No,No,Commercial,INVALID,29510116400
5161,38.5954,-90.2423,Ample,No,2,0,Yes,2,Yes,Yes,1,1,No,No,1,No,Yes,2,No,No,No,Residential,high,29510116400
5162,38.59633,-90.2424,Ample,No,2,0,Yes,2,Yes,Yes,1,1,No,No,1,No,Yes,2,No,No,No,Residential,high,29510116400
5163,38.59815,-90.24234,Ample,No,2,0,Yes,2,Yes,Yes,1,1,No,No,1,No,Yes,2,No,No,No,Residential,medium,29510116500
5164,38.59933,-90.24252,Ample,No,2,0,No,2,No,Yes,0,0,No,No,1,No,No,2,No,Yes,No,Commercial,low,29510116500
5165,38.60073,-90.24257,Ample,No,2,0,Yes,2,Yes,Yes,1,1,No,No,2,Yes,Yes,2,No,Yes,Yes,Commercial,medium,29510116301
5166,38.60201,-90.24237,Ample,No,2,0,Yes,2,Yes,Yes,1,1,Yes,Yes,1,No,Yes,2,No,No,Yes,Commercial,high,29510116301
5167,38.60337,-90.24225,Ample,No,2,0,Yes,2,Yes,Yes,1,1,Yes,Yes,1,Yes,Yes,2,No,No,Yes,Residential,medium,29510116200
5168,38.60503,-90.24231,Ample,Yes,2,0,Yes,2,Yes,Yes,1,1,No,No,2,Yes,Yes,2,No,Yes,Yes,Residential,medium,29510116200
5170,38.60731,-90.24236,Ample,No,2,0,Yes,2,Yes,Yes,1,1,No,No,1,Yes,Yes,2,No,No,No,Residential,medium,29510117400
5171,38.60875,-90.24232,Ample,No,2,0,Yes,2,Yes,Yes,1,1,No,No,2,No,Yes,2,No,No,Yes,Residential,low,29510117400
5172,38.61019,-90.24231,No,No,2,0,Yes,2,No,Yes,1,1,No,No,1,No,Yes,2,No,No,No,Residential,high,29510117400
5173,38.61153,-90.24239,Ample,No,2,0,Yes,2,Yes,Yes,1,0,No,No,1,No,Yes,2,No,No,No,Residential,medium,29510117400
5174,38.61265,-90.24243,Ample,No,2,0,Yes,2,Yes,Yes,1,0,No,No,1,Yes,Yes,2,No,No,No,Residential,high,29510117400
5175,38.6145,-90.24227,No,No,2,0,Yes,2,Yes,Yes,1,1,No,No,1,No,Yes,2,No,No,No,Residential,INVALID,29510127300
5176,38.61537,-90.24244,Ample,No,2,0,Yes,2,Yes,Yes,1,1,Yes,No,1,No,Yes,2,No,No,Yes,Residential,high,29510127300
5177,38.61683,-90.24233,Ample,No,0,0,No,2,Yes,Yes,1,0,No,No,1,No,Yes,2,No,No,No,Commercial,medium,29510127300
5178,38.61818,-90.24222,Ample,No,2,0,Yes,2,Yes,Yes,1,1,Yes,No,1,Yes,Yes,2,No,No,No,Residential,high,29510127300
5179,38.61975,-90.24231,Ample,No,0,0,Yes,2,Yes,Yes,0,0,No,No,1,No,Yes,2,No,No,No,Residential,high,29510127300
517,38.60418,-90.3007,Ample,No,2,0,Yes,2,Yes,Yes,1,0,No,No,1,No,Yes,2,No,No,No,Residential,high,29510103400
5180,38.6211,-90.2423,Ample,No,2,0,Yes,2,Yes,Yes,1,1,No,No,1,No,Yes,2,No,No,No,Commercial,low,29510127300
5181,38.62218,-90.24162,Ample,No,2,0,Yes,2,Yes,Yes,1,1,No,No,1,No,Yes,2,No,No,No,Commercial,low,29510127300
5182,38.6232,-90.24246,Ample,No,0,0,Yes,2,Yes,Yes,1,1,No,No,1,No,Yes,2,No,No,No,Commercial,high,29510127300
5183,38.62512,-90.24225,Ample,No,0,1,Yes,2,Yes,Yes,1,1,No,No,1,No,Yes,2,No,No,No,Commercial,low,29510127300
5184,38.62628,-90.24239,Ample,No,0,0,Yes,2,Yes,Yes,1,1,No,No,1,No,Yes,2,No,No,No,Residential,high,29510127300
5185,38.62712,-90.24211,Ample,No,0,0,Yes,2,Yes,Yes,1,1,Yes,No,1,No,Yes,2,No,No,No,Commercial,low,29510118600
5188,38.63179,-90.24282,Ample,No,2,0,No,2,No,Yes,0,0,No,No,1,No,No,2,No,Yes,No,Commercial,high,29510118600
5189,38.63318,-90.24287,Ample,No,0,0,Yes,2,Yes,Yes,1,1,Yes,No,1,No,Yes,2,No,No,No,Commercial,high,29510118600
518,38.60613,-90.30028,Ample,No,2,0,Yes,2,Yes,Yes,1,0,No,No,1,No,Yes,2,No,No,No,Residential,high,29510103400
5190,38.63437,-90.24246,Ample,No,2,0,Yes,2,Yes,Yes,1,1,Yes,Yes,1,No,Yes,2,No,No,No,Commercial,high,29510118600
5191,38.63559,-90.24245,Ample,No,2,0,Yes,2,Yes,Yes,0,0,No,No,2,No,Yes,2,No,No,No,Residential,low,29510118600
5192,38.63698,-90.24242,Ample,No,2,0,Yes,2,Yes,Yes,1,1,No,Yes,2,No,Yes,2,No,No,No,Commercial,INVALID,29510119300
5193,38.63846,-90.2424,Ample,No,2,0,Yes,2,Yes,Yes,1,0,No,No,1,No,Yes,2,No,No,No,Residential,low,29510119300
5194,38.63964,-90.24225,Ample,No,2,0,Yes,2,Yes,Yes,1,1,No,No,1,No,Yes,2,No,No,No,Commercial,high,29510119300
5195,38.64091,-90.24249,Some,No,2,0,Yes,2,Yes,Yes,1,1,No,No,1,No,Yes,2,No,No,No,Residential,low,29510119300
5196,38.64261,-90.24232,Ample,No,2,0,Yes,2,Yes,Yes,1,1,No,No,1,No,Yes,2,No,No,No,Residential,high,29510119300
5197,38.64406,-90.24218,Ample,No,2,0,Yes,2,Yes,Yes,1,1,No,No,1,Yes,Yes,2,No,No,No,Residential,low,29510119300
5198,38.64521,-90.24255,Ample,No,2,0,Yes,2,Yes,Yes,1,0,No,Yes,1,No,Yes,2,No,No,No,Residential,high,29510119200
5199,38.64656,-90.24228,Some,No,2,0,Yes,2,Yes,Yes,1,1,No,No,1,No,Yes,2,No,No,No,Residential,high,29510111100
519,38.60741,-90.29989,Ample,No,2,0,No,2,Yes,Yes,1,1,No,No,1,No,Yes,2,No,No,No,Residential,high,29510103400
51,38.5832,-90.31353,Ample,No,2,0,Yes,2,Yes,Yes,1,1,No,No,1,No,Yes,2,No,No,No,Residential,high,29510102200
5200,38.64805,-90.24228,Ample,No,2,0,Yes,2,Yes,Yes,1,1,No,No,1,No,Yes,2,No,No,No,Residential,high,29510111100
5201,38.64919,-90.24231,Ample,No,2,0,Yes,2,Yes,Yes,1,0,No,No,1,No,Yes,2,No,No,No,Residential,medium,29510111100
5202,38.65052,-90.24237,Some,No,0,0,Yes,2,No,Yes,1,1,No,No,1,No,Yes,2,No,No,No,Residential,high,29510111100
5203,38.65181,-90.24239,Ample,No,2,0,Yes,2,No,Yes,0,0,No,No,1,No,Yes,2,No,No,No,Residential,medium,29510111100
5204,38.65317,-90.24238,No,No,0,0,Yes,2,No,Yes,1,0,No,No,1,No,Yes,2,No,No,No,Residential,low,29510111200
5205,38.65431,-90.24199,No,No,0,0,Yes,2,No,Yes,1,1,No,No,2,No,Yes,2,No,No,No,Residential,high,29510111200
5206,38.65587,-90.24237,Some,No,0,0,Yes,2,No,Yes,0,0,No,No,1,No,Yes,2,No,No,No,Residential,high,29510111300
5207,38.6573,-90.24226,Ample,No,0,0,Yes,2,No,Yes,1,1,No,No,1,No,Yes,2,No,No,No,Residential,high,29510111300
5208,38.65847,-90.24243,Ample,No,2,0,Yes,2,Yes,Yes,1,1,No,No,1,No,Yes,2,No,No,No,Residential,high,29510111300
5209,38.65994,-90.24232,Ample,No,0,0,Yes,2,No,Yes,1,0,No,No,2,No,Yes,2,No,No,No,Residential,high,29510111300
520,38.60898,-90.30032,Ample,No,2,0,Yes,2,Yes,Yes,1,1,No,No,1,No,Yes,2,No,No,No,Residential,high,29510103400
5210,38.66135,-90.24247,Ample,No,2,0,Yes,2,Yes,Yes,1,1,No,No,1,No,Yes,2,No,No,No,Residential,medium,29510111300
5211,38.66265,-90.24245,Ample,No,2,0,Yes,2,Yes,Yes,1,1,No,No,1,No,Yes,2,No,No,No,Residential,high,29510111300
5212,38.66386,-90.24252,Ample,No,0,0,Yes,2,Yes,Yes,1,0,No,No,1,No,Yes,2,No,No,No,Residential,high,29510111300
5213,38.66558,-90.24226,Some,No,0,0,Yes,2,No,Yes,1,1,No,No,1,No,Yes,2,No,No,No,Residential,high,29510110100
5214,38.66674,-90.24246,Ample,No,2,0,Yes,2,Yes,Yes,1,1,No,No,1,No,Yes,2,No,No,Yes,Residential,medium,29510110100
5215,38.66813,-90.24235,Some,No,2,0,Yes,2,No,Yes,0,0,No,No,1,No,Yes,2,No,No,No,Residential,low,29510110100
5216,38.66953,-90.24234,Ample,No,2,0,Yes,2,No,Yes,1,1,No,No,1,No,Yes,2,No,No,No,Residential,high,29510110100
5217,38.67087,-90.24225,Some,No,2,0,Yes,2,No,Yes,1,1,No,No,1,No,Yes,2,No,No,No,Residential,high,29510110100
5218,38.67223,-90.24234,Ample,No,2,0,Yes,2,Yes,Yes,1,1,No,No,1,No,Yes,2,No,No,No,Residential,high,29510110100
5219,38.67342,-90.24255,Ample,No,2,0,Yes,2,No,Yes,1,1,No,No,1,No,Yes,2,No,No,No,Residential,INVALID,29510126900
521,38.60993,-90.30039,Ample,No,2,0,Yes,2,Yes,Yes,1,1,No,No,1,No,Yes,2,No,No,No,Residential,high,29510103400
5220,38.67515,-90.24206,Ample,No,2,0,Yes,2,Yes,Yes,1,1,No,No,2,Yes,Yes,2,No,No,No,Residential,INVALID,29510126900
5221,38.6763,-90.24228,Ample,No,2,0,Yes,2,Yes,Yes,1,0,No,No,1,No,Yes,2,No,No,No,Residential,medium,29510126900
5222,38.67756,-90.24241,Some,No,2,0,Yes,2,No,Yes,1,1,No,No,1,No,Yes,2,No,No,No,Residential,medium,29510126900
5223,38.67874,-90.24218,Ample,No,2,0,Yes,2,Yes,Yes,1,1,No,No,2,No,Yes,2,No,No,No,Residential,medium,29510126900
5224,38.68028,-90.24225,Ample,No,2,0,Yes,2,Yes,Yes,1,1,No,No,1,No,Yes,2,No,No,No,Residential,high,29510107600
5225,38.68138,-90.24247,Ample,No,2,0,Yes,2,Yes,Yes,1,1,No,No,1,No,Yes,2,No,No,No,Residential,high,29510107600
5226,38.68289,-90.24241,Some,No,2,1,Yes,2,No,Yes,1,0,No,No,1,No,Yes,2,No,No,No,Residential,high,29510107600
5227,38.68434,-90.24229,Ample,No,0,0,No,2,Yes,Yes,1,0,No,No,1,No,Yes,2,No,No,No,Commercial,high,29510107600
5228,38.68577,-90.242,No,No,0,0,Yes,2,No,Yes,1,1,No,No,1,No,Yes,2,No,No,Yes,Residential,high,29510107600
5229,38.68695,-90.2424,Ample,No,2,0,Yes,2,Yes,Yes,1,1,Yes,No,1,No,Yes,2,No,No,No,Residential,medium,29510107600
522,38.61153,-90.3003,Some,No,2,0,Yes,2,Yes,Yes,0,0,No,No,1,No,Yes,2,No,No,No,Residential,high,29510103400
5230,38.68823,-90.24224,Ample,No,2,0,Yes,2,Yes,Yes,1,1,Yes,No,1,No,Yes,2,No,No,Yes,Residential,high,29510107500
5231,38.68961,-90.24233,Ample,No,2,0,Yes,2,No,Yes,1,1,No,No,2,No,Yes,2,No,No,No,Residential,high,29510107500
5232,38.69098,-90.24239,Ample,No,2,0,Yes,2,Yes,Yes,1,0,Yes,No,1,No,Yes,2,No,No,No,Residential,high,29510107500
5233,38.69217,-90.24225,Ample,No,0,0,Yes,2,No,Yes,1,1,No,No,1,No,Yes,2,No,No,No,Residential,high,29510107500
5234,38.69371,-90.2424,Some,No,2,0,Yes,2,No,Yes,1,1,No,No,1,No,Yes,2,No,No,No,Residential,INVALID,29510107500
5235,38.69491,-90.24219,Some,No,2,0,Yes,2,No,Yes,1,1,No,No,1,No,Yes,2,No,No,No,Residential,high,29510107500
5236,38.69644,-90.24235,Ample,No,2,0,Yes,2,Yes,Yes,1,1,No,No,1,No,Yes,2,No,No,No,Residential,medium,29510107400
5237,38.69776,-90.24237,Ample,No,2,0,Yes,2,No,Yes,1,1,No,No,1,No,Yes,2,No,No,Yes,Residential,high,29510107400
5238,38.69898,-90.24259,Ample,No,0,0,No,2,Yes,Yes,1,1,No,No,1,No,Yes,2,No,No,No,Residential,high,29510108100
523,38.61268,-90.30042,Ample,No,0,0,Yes,2,Yes,Yes,1,1,Yes,No,1,No,Yes,2,No,No,Yes,Residential,medium,29510103600
5248,38.71251,-90.24227,Ample,No,2,0,Yes,2,Yes,Yes,1,1,No,No,2,Yes,Yes,2,No,No,No,Residential,medium,29510108100
5249,38.71388,-90.2423,Ample,No,2,0,Yes,2,Yes,Yes,1,1,No,No,1,No,Yes,2,No,No,No,Residential,high,29510108100
524,38.61422,-90.30028,Ample,No,2,0,No,2,Yes,Yes,1,0,No,No,1,No,Yes,2,No,No,No,Residential,low,29510103600
5250,38.71547,-90.24225,Ample,No,2,0,Yes,2,Yes,Yes,1,0,No,No,1,No,Yes,2,No,No,No,Residential,high,29510108100
5251,38.71678,-90.24223,No,No,2,0,Yes,2,No,Yes,1,1,No,No,1,No,Yes,2,No,No,No,Residential,INVALID,29510108200
5252,38.71825,-90.24219,Ample,No,2,0,Yes,2,Yes,Yes,1,0,No,No,1,No,Yes,2,No,No,No,Residential,medium,29510108200
5253,38.71927,-90.24237,Ample,No,2,0,Yes,2,Yes,Yes,1,1,No,No,1,No,Yes,2,No,No,No,Residential,high,29510108200
5254,38.7207,-90.24245,Ample,No,2,0,Yes,2,No,Yes,1,1,No,No,1,Yes,Yes,2,No,No,No,Residential,low,29510108200
5255,38.72198,-90.24237,Ample,No,2,0,Yes,2,Yes,Yes,1,0,No,No,1,No,Yes,2,No,No,No,Residential,high,29510108200
5261,38.56163,-90.24142,Ample,No,2,0,Yes,2,Yes,Yes,0,0,No,No,1,Yes,Yes,2,No,No,No,Residential,high,29510115600
5262,38.56303,-90.24115,Ample,No,2,0,Yes,2,Yes,Yes,1,1,No,No,1,Yes,Yes,2,No,No,No,Residential,high,29510115600
5263,38.56449,-90.24142,Ample,No,2,0,Yes,2,Yes,Yes,1,0,No,No,2,No,Yes,2,No,No,No,Residential,high,29510115600
5264,38.56576,-90.24117,Ample,No,0,0,No,2,Yes,Yes,1,1,No,No,2,No,Yes,2,No,No,No,Residential,high,29510115600
5265,38.56702,-90.24103,Ample,No,0,0,Yes,2,Yes,Yes,1,1,No,No,1,No,Yes,2,No,No,No,Residential,high,29510115600
5266,38.56852,-90.24146,Ample,No,0,0,Yes,2,No,Yes,1,1,No,No,1,No,Yes,2,No,No,No,Residential,medium,29510115600
5267,38.5697,-90.24088,Ample,No,2,0,Yes,2,Yes,Yes,1,1,No,No,1,No,Yes,2,No,No,No,Residential,medium,29510115600
5268,38.57136,-90.24096,Ample,No,2,0,Yes,2,No,Yes,1,1,No,No,1,No,Yes,2,No,No,No,Residential,INVALID,29510115600
5269,38.57273,-90.24096,Ample,No,2,0,Yes,2,No,Yes,0,0,No,No,1,No,Yes,2,No,No,No,Residential,high,29510115600
526,38.61701,-90.30037,Some,No,2,0,Yes,2,Yes,Yes,0,0,No,No,1,No,Yes,2,No,No,No,Commercial,high,29510126800
5270,38.57365,-90.24097,Ample,No,2,0,Yes,2,Yes,Yes,1,0,No,No,1,No,Yes,2,No,No,No,Residential,medium,29510115600
5271,38.57504,-90.24101,Ample,No,2,0,Yes,2,Yes,Yes,1,1,No,No,1,No,Yes,2,No,No,Yes,Residential,medium,29510115500
5272,38.57641,-90.24097,Some,No,2,0,Yes,2,No,Yes,0,0,No,No,1,No,Yes,2,No,No,No,Residential,medium,29510115500
5273,38.57785,-90.24104,No,No,2,0,Yes,2,No,Yes,1,1,No,No,1,No,Yes,2,No,No,No,Residential,INVALID,29510115500
5274,38.57907,-90.24069,Some,No,0,0,Yes,2,Yes,Yes,0,0,No,No,2,No,Yes,2,No,No,No,Residential,medium,29510115500
5275,38.58053,-90.24097,Ample,No,2,0,Yes,2,No,Yes,1,1,Yes,No,1,No,Yes,2,No,Yes,Yes,Commercial,medium,29510115700
5276,38.58183,-90.24068,Ample,No,2,0,Yes,2,Yes,Yes,1,1,No,No,1,No,Yes,2,No,No,No,Residential,medium,29510115700
5277,38.58326,-90.24157,Ample,No,2,0,Yes,2,No,Yes,1,1,Yes,No,1,Yes,Yes,2,No,No,Yes,Residential,high,29510115700
5278,38.58467,-90.24101,No,No,2,0,Yes,2,No,Yes,1,1,No,No,1,No,Yes,2,No,No,No,Residential,low,29510116400
5279,38.58588,-90.24103,Ample,No,2,0,Yes,2,Yes,Yes,1,1,No,No,1,No,Yes,2,No,No,No,Residential,high,29510116400
527,38.61821,-90.30022,Ample,No,2,0,No,2,Yes,Yes,1,1,No,No,1,No,Yes,2,No,No,No,Commercial,high,29510126800
5280,38.58721,-90.24076,Ample,No,2,0,Yes,2,Yes,Yes,1,1,No,No,1,No,Yes,2,No,No,No,Residential,medium,29510116400
5281,38.58857,-90.24104,Some,No,2,0,Yes,2,No,Yes,1,1,No,No,1,No,Yes,2,No,No,No,Residential,high,29510116400
5282,38.58973,-90.2411,Ample,No,2,0,Yes,2,Yes,Yes,1,1,No,No,1,No,Yes,2,No,No,No,Residential,medium,29510116400
5283,38.59127,-90.24108,Ample,No,2,0,Yes,2,Yes,Yes,1,1,No,No,1,No,Yes,2,No,No,No,Residential,high,29510116400
5284,38.59259,-90.24082,Ample,No,2,0,Yes,2,Yes,Yes,1,0,No,No,1,No,Yes,2,No,No,No,Residential,medium,29510116400
5285,38.59401,-90.24111,Some,No,0,0,Yes,2,No,Yes,1,1,No,No,1,No,Yes,2,No,No,No,Residential,INVALID,29510116400
5286,38.59525,-90.24106,Ample,No,2,0,Yes,2,Yes,Yes,1,1,No,No,1,No,Yes,2,No,No,No,Commercial,high,29510116400
5287,38.59673,-90.24115,Ample,No,2,0,Yes,2,Yes,Yes,1,0,No,No,1,No,Yes,2,No,No,No,Residential,medium,29510116400
5288,38.59799,-90.24104,Ample,No,2,0,Yes,2,Yes,Yes,1,1,No,No,1,No,Yes,2,No,No,No,Residential,medium,29510116500
5289,38.59929,-90.24062,Ample,No,2,0,Yes,2,Yes,Yes,1,0,No,No,1,No,Yes,2,No,No,No,Residential,high,29510116500
528,38.61961,-90.30046,Ample,No,0,0,Yes,2,Yes,Yes,1,1,No,No,1,No,Yes,2,No,No,No,Residential,medium,29510126800
5290,38.60075,-90.24105,Ample,No,2,0,Yes,2,Yes,Yes,1,1,No,No,1,No,Yes,2,No,No,No,Residential,medium,29510116500
5291,38.60207,-90.24095,Ample,No,2,0,Yes,2,No,Yes,1,1,No,No,1,No,Yes,2,No,No,Yes,Residential,INVALID,29510116500
5292,38.60345,-90.24097,Ample,No,2,0,Yes,2,Yes,Yes,1,0,No,No,1,No,Yes,2,No,No,No,Residential,medium,29510116500
5293,38.60481,-90.24101,Some,No,2,0,Yes,2,No,Yes,1,0,No,No,1,No,Yes,2,No,No,No,Residential,high,29510116500
5294,38.6062,-90.24104,Ample,No,2,0,Yes,2,Yes,Yes,1,1,No,No,1,No,Yes,2,No,No,No,Residential,high,29510117400
5295,38.6076,-90.241,Ample,No,2,1,Yes,2,Yes,Yes,1,1,Yes,No,1,No,Yes,2,No,No,No,Commercial,medium,29510117400
5296,38.60876,-90.24096,Ample,Yes,2,0,Yes,2,Yes,Yes,1,1,No,No,1,No,Yes,2,No,No,No,Residential,medium,29510117400
5297,38.61008,-90.24085,Ample,No,2,0,Yes,2,Yes,Yes,1,1,No,No,1,No,Yes,2,No,Yes,No,Commercial,medium,29510117400
5298,38.61139,-90.24102,Ample,No,2,0,Yes,2,Yes,Yes,1,1,No,No,1,No,Yes,2,No,No,No,Residential,high,29510117400
5299,38.6131,-90.24102,Some,No,2,0,Yes,2,No,Yes,1,1,No,No,1,No,Yes,2,No,No,No,Residential,low,29510117400
529,38.62068,-90.30025,Ample,No,2,0,Yes,2,Yes,Yes,1,1,No,No,2,No,Yes,2,No,No,No,Residential,high,29510126800
52,38.58438,-90.31407,Ample,No,2,0,Yes,2,No,Yes,1,1,No,No,1,No,Yes,2,No,No,Yes,Residential,medium,29510102200
5300,38.61438,-90.24097,Ample,No,2,0,Yes,2,Yes,Yes,1,1,No,No,1,No,Yes,2,No,No,No,Residential,medium,29510127300
5301,38.61559,-90.24127,Some,No,2,0,Yes,2,No,Yes,1,1,No,No,1,No,Yes,2,No,No,No,Residential,high,29510127300
5302,38.61689,-90.24096,Ample,No,0,0,No,2,Yes,Yes,1,0,No,No,1,No,Yes,2,No,No,No,Residential,high,29510127300
5303,38.61826,-90.24104,Ample,No,2,0,Yes,2,Yes,Yes,1,1,Yes,No,1,No,Yes,2,No,No,Yes,Residential,high,29510127300
5304,38.61964,-90.24102,No,No,0,0,Yes,2,Yes,Yes,1,0,No,No,2,No,Yes,2,No,No,No,Residential,high,29510127300
5305,38.62093,-90.24096,Ample,No,2,0,Yes,2,Yes,Yes,1,1,No,No,1,No,Yes,2,No,No,No,Commercial,medium,29510127300
5306,38.62236,-90.24159,Ample,No,0,0,Yes,2,Yes,Yes,1,1,No,No,1,No,Yes,2,No,No,No,Commercial,low,29510127300
5307,38.62388,-90.24098,Ample,No,2,0,Yes,2,Yes,Yes,1,1,No,No,1,No,Yes,2,No,No,No,Commercial,high,29510127300
5308,38.62495,-90.24112,Ample,No,2,0,Yes,2,Yes,Yes,1,1,No,No,1,No,Yes,2,No,No,No,Commercial,INVALID,29510127300
5309,38.6263,-90.24076,Ample,No,2,0,Yes,2,Yes,Yes,1,1,Yes,No,1,No,Yes,2,No,No,No,Commercial,low,29510127300
530,38.62228,-90.30025,Ample,No,2,0,Yes,2,Yes,Yes,1,1,No,No,1,No,Yes,2,No,No,No,Residential,high,29510126800
5313,38.6323,-90.24047,Ample,No,0,0,No,2,Yes,Yes,1,1,No,No,1,No,Yes,2,No,No,No,Commercial,INVALID,29510118600
5314,38.63323,-90.24078,Ample,No,2,0,No,2,No,Yes,0,0,No,No,1,No,No,2,No,Yes,No,Commercial,high,29510118600
5315,38.63446,-90.24097,Ample,No,2,0,Yes,2,Yes,Yes,1,1,No,No,1,No,Yes,2,No,No,No,Residential,high,29510118600
5316,38.63592,-90.2409,Ample,No,2,0,Yes,2,Yes,Yes,1,1,No,No,1,Yes,Yes,2,No,No,No,Residential,high,29510119300
5317,38.63717,-90.24098,Ample,No,2,0,Yes,2,Yes,Yes,1,1,No,No,1,Yes,Yes,2,No,No,Yes,Commercial,high,29510119300
5318,38.63847,-90.24106,Ample,No,2,0,Yes,2,Yes,Yes,1,1,No,No,1,No,Yes,2,No,No,No,Commercial,high,29510119300
5319,38.63971,-90.24111,Ample,No,2,0,Yes,2,Yes,Yes,1,1,No,No,1,No,Yes,2,No,No,No,Residential,high,29510119300
531,38.62361,-90.30053,Some,No,2,0,Yes,2,Yes,Yes,0,0,No,No,1,No,Yes,2,No,No,No,Residential,high,29510126800
5320,38.64136,-90.24089,Ample,No,2,0,Yes,2,Yes,Yes,1,1,No,No,1,No,Yes,2,No,No,No,Residential,low,29510119300
5321,38.64262,-90.24097,Ample,No,2,0,Yes,2,Yes,Yes,1,1,No,No,2,No,Yes,2,No,No,No,Residential,medium,29510119300
5322,38.64362,-90.24118,Ample,No,2,0,Yes,2,Yes,Yes,1,1,No,No,1,No,Yes,2,No,No,No,Residential,high,29510119300
5323,38.64532,-90.2409,Some,No,2,0,Yes,2,No,Yes,1,1,No,No,1,No,Yes,2,No,No,No,Residential,high,29510119200
5324,38.64679,-90.24084,Some,No,2,0,Yes,2,No,Yes,1,1,No,No,1,No,Yes,2,No,No,No,Residential,low,29510111100
5325,38.64773,-90.24078,Ample,No,2,0,Yes,2,Yes,Yes,1,1,No,No,1,Yes,Yes,2,No,No,No,Residential,high,29510111100
5326,38.64932,-90.24098,Ample,No,0,0,Yes,2,Yes,Yes,1,1,No,No,1,Yes,Yes,2,No,No,No,Residential,high,29510111100
5327,38.65054,-90.24104,Ample,No,2,0,Yes,2,No,Yes,1,1,No,No,1,No,Yes,2,No,No,No,Residential,low,29510111100
5328,38.6519,-90.24101,Ample,No,2,0,Yes,2,Yes,Yes,1,1,No,No,1,No,Yes,2,No,No,No,Residential,high,29510111200
5329,38.65323,-90.24104,Some,No,0,0,Yes,2,Yes,Yes,1,1,No,No,1,No,Yes,2,No,No,No,Residential,low,29510111200
532,38.62496,-90.30029,Ample,No,2,0,Yes,2,Yes,Yes,1,0,No,No,1,No,Yes,2,No,No,No,Residential,high,29510104200
5330,38.65469,-90.24093,Ample,Yes,2,0,Yes,2,Yes,Yes,1,1,No,No,1,No,Yes,2,No,No,No,Commercial,high,29510111300
5331,38.65582,-90.24108,Ample,No,0,0,Yes,2,No,Yes,1,0,No,No,1,No,Yes,2,No,No,No,Residential,high,29510111300
5332,38.65735,-90.241,Some,No,2,0,Yes,2,No,Yes,0,0,No,No,2,No,Yes,2,No,No,No,Residential,high,29510111300
5333,38.65876,-90.24122,Ample,No,0,0,Yes,2,Yes,Yes,1,1,No,No,1,No,Yes,2,No,No,No,Residential,low,29510111300
5334,38.6599,-90.24102,Ample,No,2,0,Yes,2,No,Yes,1,1,No,No,1,No,Yes,2,No,No,Yes,Residential,low,29510111300
5335,38.66121,-90.24079,No,No,2,0,Yes,2,No,Yes,1,1,No,No,2,No,Yes,2,No,No,No,Residential,medium,29510111300
5336,38.6626,-90.24103,Ample,No,0,0,Yes,2,No,Yes,1,0,No,No,1,No,Yes,2,No,No,No,Residential,medium,29510111300
5337,38.66384,-90.2411,Ample,No,0,0,Yes,2,No,Yes,1,0,No,No,2,No,Yes,2,No,No,No,Residential,low,29510111300
5338,38.66554,-90.24086,Ample,No,2,0,Yes,2,Yes,Yes,1,1,No,No,1,No,Yes,2,No,No,No,Residential,high,29510110100
5339,38.6668,-90.24103,Ample,No,2,0,Yes,2,Yes,Yes,1,1,Yes,No,1,No,Yes,2,No,No,Yes,Residential,INVALID,29510110100
533,38.62648,-90.29992,Ample,No,2,0,Yes,2,No,Yes,1,1,No,No,1,No,Yes,2,No,No,No,Residential,high,29510104200
5340,38.66802,-90.24079,Some,No,2,0,Yes,2,No,Yes,1,1,No,No,1,No,Yes,2,No,No,No,Residential,low,29510110100
5341,38.66946,-90.24115,Ample,Yes,0,0,Yes,2,No,Yes,0,0,No,No,1,No,Yes,2,No,No,No,Residential,high,29510110100
5342,38.67096,-90.24087,No,No,2,0,Yes,2,No,Yes,1,1,No,No,1,No,Yes,2,No,No,No,Residential,high,29510110100
5343,38.6722,-90.24113,Ample,Yes,2,0,Yes,2,Yes,Yes,1,1,No,No,1,No,Yes,2,No,No,No,Residential,medium,29510126900
5344,38.67364,-90.24086,Ample,No,2,0,Yes,2,Yes,Yes,1,1,No,No,2,No,Yes,2,No,No,Yes,Residential,high,29510126900
5345,38.67471,-90.24103,Ample,No,2,0,Yes,2,Yes,Yes,1,1,No,No,1,No,Yes,2,No,No,No,Residential,medium,29510126900
5346,38.67623,-90.24102,Some,No,2,0,Yes,2,No,Yes,1,1,No,No,1,No,Yes,2,No,No,No,Residential,high,29510126900
5347,38.67754,-90.24106,Ample,No,2,0,Yes,2,No,Yes,1,1,No,No,1,No,Yes,2,No,No,No,Residential,high,29510126900
5348,38.67877,-90.24111,Ample,No,2,0,Yes,2,Yes,Yes,1,1,No,No,1,No,Yes,2,No,No,No,Residential,medium,29510126900
5349,38.68021,-90.24107,Ample,No,2,0,Yes,2,Yes,Yes,1,0,No,No,1,No,Yes,2,No,No,No,Residential,high,29510126900
534,38.62791,-90.30025,Some,No,2,0,Yes,2,Yes,Yes,1,1,No,No,1,No,Yes,2,No,No,No,Residential,high,29510104200
5350,38.6817,-90.24085,Ample,No,2,0,Yes,2,Yes,Yes,1,1,No,Yes,1,No,Yes,2,No,No,No,Residential,medium,29510107600
5351,38.68278,-90.24105,Ample,No,2,0,Yes,2,Yes,Yes,1,1,No,No,1,No,Yes,2,No,No,No,Residential,medium,29510107600
5352,38.68408,-90.24119,Ample,No,2,0,No,2,Yes,Yes,1,1,No,No,2,No,Yes,2,No,No,No,Commercial,high,29510107600
5353,38.68567,-90.2411,Ample,No,0,0,Yes,2,Yes,Yes,1,1,No,No,1,No,Yes,2,No,No,No,Residential,INVALID,29510107600
5354,38.68689,-90.24113,Ample,No,2,0,Yes,2,Yes,Yes,1,0,No,No,1,No,Yes,2,No,No,Yes,Residential,high,29510107600
5355,38.68823,-90.24098,Some,No,2,0,Yes,2,No,Yes,1,1,No,No,1,No,Yes,2,No,No,No,Residential,INVALID,29510107600
5356,38.68963,-90.24101,Some,No,2,0,Yes,2,No,Yes,1,1,No,No,1,No,Yes,2,No,No,No,Residential,high,29510107500
5357,38.69099,-90.24107,Some,No,0,0,Yes,2,No,Yes,1,1,No,No,1,No,Yes,2,No,No,No,Residential,high,29510107500
5358,38.69231,-90.24099,Ample,No,2,0,Yes,2,No,Yes,1,1,No,No,1,No,Yes,2,No,No,No,Residential,high,29510107500
5359,38.69388,-90.24114,Ample,No,2,0,Yes,2,Yes,Yes,1,1,No,No,1,No,Yes,2,No,No,No,Residential,high,29510107500
535,38.62917,-90.30021,Ample,No,2,0,Yes,2,Yes,Yes,0,0,No,No,1,No,Yes,2,No,No,No,Residential,medium,29510104200
5360,38.69498,-90.24104,Ample,No,2,0,Yes,2,Yes,Yes,1,1,No,No,1,No,Yes,2,No,No,No,Residential,medium,29510107500
5361,38.69654,-90.2412,Ample,Yes,2,0,Yes,2,No,Yes,1,1,No,No,1,No,Yes,2,No,No,No,Residential,high,29510107500
5362,38.69757,-90.24137,Some,No,0,0,No,2,Yes,Yes,1,1,No,No,1,No,Yes,2,No,No,No,Residential,high,29510108100
5364,38.70014,-90.24101,No,No,2,0,Yes,2,No,Yes,0,0,No,No,1,Yes,Yes,2,No,No,No,Residential,INVALID,29510108100
536,38.63027,-90.30031,Ample,No,2,0,Yes,2,Yes,Yes,1,1,No,No,1,No,Yes,2,No,Yes,No,Residential,high,29510104200
5373,38.71248,-90.24083,Ample,No,2,0,Yes,2,No,Yes,1,1,No,No,1,No,Yes,2,No,No,Yes,Residential,high,29510108100
5374,38.714,-90.24101,Ample,No,2,0,Yes,2,Yes,Yes,1,1,No,No,1,No,Yes,2,No,No,No,Residential,high,29510108100
5375,38.71526,-90.24084,No,No,2,0,Yes,2,No,Yes,1,1,No,No,1,No,Yes,2,No,No,No,Residential,medium,29510108100
5376,38.71661,-90.24116,Ample,No,2,1,Yes,2,Yes,Yes,1,0,No,No,1,No,Yes,2,No,No,No,Residential,high,29510108200
5377,38.71796,-90.241,Ample,No,2,0,Yes,2,Yes,Yes,1,1,Yes,No,1,No,Yes,2,No,No,Yes,Residential,high,29510108200
5378,38.7193,-90.24084,Ample,No,2,0,Yes,2,Yes,Yes,1,1,Yes,No,1,No,Yes,2,No,No,No,Residential,high,29510108200
5379,38.72063,-90.24059,Ample,No,2,0,Yes,2,Yes,Yes,1,1,No,No,1,Yes,Yes,2,No,No,No,Residential,medium,29510108200
537,38.63224,-90.30029,Ample,No,0,0,Yes,2,Yes,Yes,1,1,No,No,1,Yes,Yes,2,No,No,No,Residential,high,29510112100
5380,38.72183,-90.24107,Ample,Yes,2,0,Yes,2,Yes,Yes,1,1,No,No,1,No,Yes,2,No,No,No,Commercial,high,29510108200
5387,38.56453,-90.24013,Ample,No,0,0,Yes,2,Yes,Yes,1,1,No,No,1,Yes,Yes,2,No,No,No,Residential,medium,29510115600
5388,38.56549,-90.23983,Ample,No,2,0,Yes,2,Yes,Yes,1,1,No,No,1,No,Yes,2,No,No,No,Residential,medium,29510115600
5389,38.56698,-90.23964,Ample,No,2,0,Yes,2,Yes,Yes,1,1,No,No,1,No,Yes,2,No,No,No,Residential,high,29510115600
538,38.63312,-90.30027,Ample,No,0,0,Yes,2,Yes,Yes,1,1,No,No,2,No,Yes,2,No,No,No,Residential,high,29510112100
5390,38.56841,-90.2397,Ample,No,0,0,Yes,2,Yes,Yes,1,1,No,No,2,No,Yes,2,No,No,No,Residential,high,29510115600
5391,38.56973,-90.2397,Ample,No,2,0,Yes,2,Yes,Yes,1,1,No,No,1,No,Yes,2,No,No,No,Residential,medium,29510115600
5392,38.5712,-90.2396,Ample,No,0,0,Yes,2,Yes,Yes,1,1,No,No,1,No,Yes,2,No,No,No,Residential,high,29510115600
5393,38.57257,-90.23966,Some,No,2,0,Yes,2,Yes,Yes,1,1,No,No,1,No,Yes,2,No,No,No,Residential,high,29510115600
5394,38.5737,-90.23946,Ample,No,2,0,No,2,No,Yes,1,1,No,No,1,No,Yes,2,No,No,No,Residential,high,29510115600
5395,38.57504,-90.23924,Ample,No,2,0,Yes,2,Yes,Yes,0,0,No,No,1,Yes,Yes,2,No,No,No,Residential,high,29510115600
5396,38.57643,-90.23946,Ample,No,2,0,Yes,2,Yes,Yes,1,1,No,No,1,No,Yes,2,No,No,No,Residential,medium,29510115600
5397,38.57785,-90.23976,Ample,No,2,0,Yes,2,Yes,Yes,0,0,No,No,1,No,Yes,2,No,No,No,Residential,medium,29510115600
5398,38.57921,-90.24005,Ample,No,2,0,Yes,2,Yes,Yes,1,1,Yes,No,1,No,Yes,2,No,No,Yes,Residential,medium,29510115600
5399,38.58055,-90.23964,No,No,2,0,No,1,No,Yes,0,0,No,No,1,No,No,2,No,Yes,No,Commercial,high,29510115700
539,38.63458,-90.30049,Ample,No,0,0,Yes,2,Yes,Yes,1,1,No,No,1,Yes,Yes,2,No,No,No,Residential,high,29510112100
53,38.58589,-90.31368,Ample,No,2,0,Yes,2,Yes,Yes,1,1,No,No,2,Yes,Yes,2,No,No,No,Residential,high,29510102200
5400,38.58181,-90.23952,Ample,No,2,0,Yes,2,Yes,Yes,1,0,No,No,1,No,Yes,2,No,No,No,Residential,medium,29510115700
5401,38.58317,-90.23924,Ample,No,0,0,Yes,2,Yes,Yes,1,0,No,No,1,Yes,Yes,2,No,No,No,Residential,high,29510115700
5402,38.58449,-90.23961,Some,No,2,0,No,2,No,Yes,0,0,No,No,1,No,Yes,2,No,No,No,Residential,medium,29510116400
5403,38.58588,-90.23967,Ample,No,2,0,Yes,2,No,Yes,1,1,No,No,1,No,Yes,2,No,No,No,Residential,medium,29510116400
5404,38.58726,-90.23964,Ample,No,2,0,Yes,2,Yes,Yes,1,1,No,No,1,No,Yes,2,No,No,No,Residential,medium,29510116400
5405,38.5886,-90.23988,Some,No,2,0,Yes,2,No,Yes,1,1,No,No,1,No,Yes,2,No,No,No,Residential,high,29510116400
5406,38.58956,-90.23975,Ample,No,2,0,Yes,2,No,Yes,1,1,No,No,1,No,Yes,2,No,No,No,Residential,high,29510116400
5407,38.59139,-90.23958,Ample,No,2,0,Yes,2,Yes,Yes,1,0,No,No,1,Yes,Yes,2,No,No,No,Residential,high,29510116400
5408,38.59264,-90.23964,Ample,No,0,0,Yes,2,Yes,Yes,1,1,No,No,1,Yes,Yes,2,No,No,No,Residential,high,29510116400
5409,38.59392,-90.23939,Ample,No,2,0,Yes,2,Yes,Yes,1,1,No,No,1,No,Yes,2,No,No,No,Residential,medium,29510116400
540,38.63568,-90.30023,Some,No,0,0,Yes,2,No,Yes,1,0,No,No,2,Yes,Yes,2,No,No,Yes,Residential,high,29510112100
5410,38.59534,-90.23974,No,No,2,0,No,2,No,Yes,0,0,No,No,1,No,Yes,2,No,Yes,No,Commercial,low,29510116400
5411,38.59691,-90.23966,Ample,No,2,0,Yes,2,Yes,Yes,1,1,No,No,1,No,Yes,2,No,No,No,Residential,medium,29510116500
5412,38.59782,-90.23966,Ample,No,2,0,Yes,2,Yes,Yes,1,1,No,No,1,No,Yes,2,No,No,No,Residential,medium,29510116500
5413,38.59965,-90.23956,Ample,No,2,0,Yes,2,Yes,Yes,1,0,No,No,1,No,Yes,2,No,No,No,Residential,medium,29510116500
5414,38.60058,-90.23966,Ample,No,2,0,Yes,2,Yes,Yes,1,0,No,No,1,No,Yes,2,No,No,No,Residential,medium,29510116500
5415,38.60191,-90.23966,No,No,2,0,Yes,2,No,Yes,1,1,No,No,1,No,Yes,2,No,No,No,Residential,high,29510116500
5416,38.60341,-90.23977,Ample,No,2,0,Yes,2,Yes,Yes,1,1,No,No,1,No,Yes,2,No,No,No,Residential,medium,29510116500
5417,38.60466,-90.23975,Some,No,2,0,Yes,2,No,Yes,1,1,No,No,1,No,Yes,2,No,No,No,Residential,high,29510116500
5418,38.60604,-90.23966,Ample,No,2,0,Yes,2,Yes,Yes,1,1,No,No,1,No,Yes,2,No,No,No,Residential,high,29510117400
5419,38.60748,-90.24007,Ample,No,2,0,Yes,2,Yes,Yes,1,1,No,No,1,No,Yes,2,No,No,Yes,Residential,medium,29510117400
541,38.63733,-90.30031,No,No,0,0,No,2,No,Yes,0,0,No,No,1,No,No,2,No,No,No,Residential,high,29510112100
5420,38.6088,-90.23969,Ample,No,2,0,Yes,2,Yes,Yes,1,1,No,No,1,No,Yes,2,No,No,No,Residential,medium,29510117400
5421,38.6101,-90.23953,Ample,No,2,0,Yes,2,No,Yes,1,1,No,No,1,No,Yes,2,No,No,No,Residential,medium,29510117400
5422,38.61117,-90.2397,Ample,No,2,0,Yes,2,Yes,Yes,1,1,No,No,2,Yes,Yes,2,No,No,No,Residential,medium,29510117400
5423,38.61289,-90.24008,Ample,No,2,0,Yes,2,Yes,Yes,1,1,No,No,1,No,Yes,2,No,No,No,Residential,high,29510117400
5424,38.61427,-90.23979,Ample,No,2,1,Yes,2,Yes,Yes,1,1,No,No,1,Yes,Yes,2,No,No,No,Residential,high,29510127300
5425,38.61549,-90.23966,Ample,No,2,0,Yes,2,Yes,Yes,1,1,No,No,1,Yes,Yes,2,No,No,No,Residential,high,29510127300
5426,38.61677,-90.23966,Ample,Yes,2,0,No,2,Yes,Yes,1,0,No,No,1,No,Yes,2,No,No,No,Residential,high,29510127300
5427,38.61812,-90.23966,Ample,No,2,0,Yes,2,No,Yes,1,0,No,No,1,No,Yes,2,No,No,No,Residential,high,29510127300
5428,38.61953,-90.23963,Ample,No,2,0,Yes,2,Yes,Yes,1,1,No,No,1,No,Yes,2,No,No,No,Residential,low,29510127300
5429,38.62071,-90.23961,Ample,No,2,0,Yes,2,Yes,Yes,1,1,No,No,1,No,Yes,2,No,Yes,No,Commercial,high,29510127300
542,38.63842,-90.30029,Ample,No,0,0,Yes,2,Yes,Yes,0,0,No,No,2,Yes,Yes,2,No,Yes,No,Residential,high,29510112100
5430,38.62228,-90.23974,Ample,No,2,0,Yes,2,Yes,Yes,1,0,No,No,2,No,Yes,2,No,No,Yes,Commercial,INVALID,29510127300
5431,38.62355,-90.23939,Ample,No,2,0,Yes,2,Yes,Yes,1,1,No,No,1,No,Yes,2,No,No,Yes,Commercial,INVALID,29510127300
5432,38.62499,-90.2397,Ample,No,2,1,Yes,2,Yes,Yes,1,1,Yes,No,1,Yes,Yes,2,No,No,Yes,Commercial,high,29510127300
5433,38.62659,-90.2396,Ample,No,0,0,Yes,2,Yes,Yes,1,0,No,No,1,No,Yes,2,No,No,No,Commercial,INVALID,29510118600
5434,38.62772,-90.23987,Ample,No,0,0,Yes,2,Yes,Yes,1,1,No,No,1,No,Yes,2,No,No,No,Commercial,high,29510118600
5435,38.62853,-90.2396,Ample,No,0,0,No,2,Yes,Yes,1,1,No,No,1,No,Yes,2,No,No,No,Commercial,low,29510118600
5437,38.63236,-90.23938,Ample,No,2,0,Yes,2,Yes,Yes,1,1,No,No,1,No,Yes,2,No,No,No,Commercial,INVALID,29510118600
5438,38.63303,-90.23964,Ample,No,2,0,No,2,Yes,Yes,0,0,No,No,1,No,No,2,No,Yes,No,Commercial,high,29510118600
5439,38.63436,-90.23971,Ample,No,2,0,Yes,2,Yes,Yes,1,1,No,No,1,No,Yes,2,No,No,No,Commercial,high,29510118600
5440,38.63568,-90.23969,Ample,No,2,0,Yes,2,Yes,Yes,1,1,No,No,1,No,Yes,2,No,No,No,Residential,medium,29510119300
5441,38.63746,-90.23946,No,No,2,0,No,2,No,Yes,0,0,No,No,1,No,No,2,No,No,No,Residential,low,29510119300
5442,38.63865,-90.2396,Ample,No,2,0,Yes,2,Yes,Yes,1,1,No,No,1,Yes,Yes,2,No,Yes,No,Residential,medium,29510119300
5443,38.63984,-90.2397,Ample,No,2,0,No,2,Yes,Yes,1,1,No,No,1,No,Yes,2,No,No,No,Residential,INVALID,29510119300
5444,38.64098,-90.23941,Ample,No,2,0,Yes,2,Yes,Yes,1,0,No,No,1,Yes,Yes,2,No,No,No,Residential,INVALID,29510119300
5445,38.64246,-90.2396,Ample,No,2,0,Yes,2,Yes,Yes,0,0,No,No,1,Yes,Yes,2,No,No,No,Residential,low,29510119300
5446,38.64362,-90.23979,No,No,2,0,Yes,2,No,Yes,1,1,No,No,2,No,Yes,2,No,No,No,Residential,high,29510119300
5447,38.64535,-90.23951,Ample,No,2,0,Yes,2,Yes,Yes,1,1,No,No,1,No,Yes,2,No,No,No,Residential,high,29510111100
5448,38.64631,-90.23976,Ample,No,2,0,Yes,2,No,Yes,0,0,No,No,1,No,Yes,2,No,No,No,Residential,medium,29510111100
5449,38.64797,-90.23955,Ample,No,2,0,Yes,2,Yes,Yes,1,1,No,No,1,No,Yes,2,No,No,No,Residential,high,29510111100
5450,38.64926,-90.23969,Ample,No,2,0,Yes,2,Yes,Yes,1,1,No,No,1,No,Yes,2,No,No,No,Residential,high,29510111100
5451,38.65059,-90.23964,Some,No,1,0,Yes,2,No,Yes,1,1,No,No,1,Yes,Yes,2,No,No,No,Residential,high,29510111100
5452,38.65195,-90.23961,Ample,No,0,0,Yes,2,Yes,Yes,0,0,No,No,2,No,Yes,2,No,No,Yes,Residential,low,29510111200
5453,38.65329,-90.23965,Some,No,0,0,Yes,2,No,Yes,1,1,No,No,1,No,Yes,2,No,No,No,Residential,high,29510111200
5454,38.65472,-90.23965,Ample,No,0,0,Yes,2,No,Yes,0,0,No,No,2,No,No,2,No,No,No,Residential,high,29510111300
5455,38.65591,-90.23948,Ample,No,2,0,Yes,2,Yes,Yes,1,1,Yes,No,1,Yes,Yes,2,No,No,No,Residential,high,29510111300
5456,38.6573,-90.23972,Ample,No,2,0,Yes,2,Yes,Yes,1,1,No,No,1,No,Yes,2,No,No,No,Residential,high,29510111300
5457,38.65874,-90.23956,No,No,0,0,Yes,2,No,Yes,0,0,No,No,1,No,Yes,2,No,No,No,Residential,medium,29510111300
5458,38.66027,-90.23949,Ample,No,2,0,Yes,2,Yes,Yes,1,1,No,Yes,1,Yes,Yes,2,No,No,No,Residential,INVALID,29510111300
5459,38.66142,-90.23966,Ample,No,2,0,Yes,2,Yes,Yes,1,1,No,No,1,No,Yes,2,No,No,No,Residential,low,29510111300
5460,38.66265,-90.23973,Ample,No,2,0,Yes,2,No,Yes,1,1,No,No,1,No,Yes,2,No,No,No,Residential,high,29510111300
5461,38.66391,-90.23981,Ample,No,2,0,Yes,2,Yes,Yes,1,1,No,No,1,No,Yes,2,No,No,No,Residential,high,29510111300
5462,38.66539,-90.23961,Ample,No,2,0,Yes,2,Yes,Yes,1,1,No,No,1,Yes,Yes,2,No,No,Yes,Residential,high,29510110100
5463,38.66672,-90.23963,Some,No,0,0,No,2,No,Yes,0,0,No,No,1,No,Yes,2,No,No,No,Residential,high,29510110100
5464,38.66789,-90.23978,No,Yes,0,0,No,2,No,Yes,1,1,No,No,1,No,No,2,No,No,No,Residential,high,29510110100
5465,38.66968,-90.23953,Ample,No,2,0,Yes,2,Yes,Yes,1,1,No,No,1,No,Yes,2,No,No,No,Residential,medium,29510110100
5466,38.67072,-90.23963,Ample,No,2,0,Yes,2,Yes,Yes,1,1,No,Yes,1,No,Yes,2,No,No,No,Residential,medium,29510110100
5467,38.67216,-90.23963,Ample,No,2,0,Yes,2,No,Yes,1,1,No,No,1,No,Yes,2,No,No,No,Residential,high,29510110100
5468,38.67341,-90.23974,Some,No,0,1,Yes,2,No,Yes,1,1,No,No,1,No,No,2,No,No,No,Residential,high,29510110100
5469,38.675,-90.24027,Ample,No,2,0,Yes,2,Yes,Yes,1,1,No,No,1,No,Yes,2,No,No,No,Residential,high,29510126900
5470,38.67616,-90.23973,Ample,No,2,0,Yes,2,Yes,Yes,1,1,No,No,1,No,Yes,2,No,No,No,Residential,medium,29510126900
5471,38.67766,-90.2395,Some,No,2,0,Yes,2,No,Yes,1,0,No,No,1,No,Yes,2,No,No,No,Residential,high,29510126900
5472,38.67868,-90.23975,Ample,No,2,0,Yes,2,No,Yes,1,1,No,No,1,No,Yes,2,No,No,No,Residential,medium,29510126900
5473,38.68017,-90.2397,Ample,No,2,0,Yes,2,Yes,Yes,1,1,No,No,1,No,Yes,2,No,No,No,Residential,high,29510126900
5474,38.68159,-90.23965,Ample,No,2,0,Yes,2,Yes,Yes,1,1,No,No,1,No,Yes,2,No,No,No,Residential,high,29510126900
5475,38.6828,-90.23975,Ample,No,0,0,Yes,2,Yes,Yes,1,1,No,No,1,No,Yes,2,No,No,No,Residential,high,29510107600
5476,38.68326,-90.24081,No,No,0,0,Yes,2,No,Yes,1,1,No,No,1,No,Yes,2,No,No,No,Residential,high,29510107600
5478,38.68711,-90.23957,No,No,2,0,No,2,No,Yes,1,1,No,No,1,No,Yes,2,No,No,No,Residential,high,29510107600
5479,38.68837,-90.2395,Some,No,2,0,Yes,2,No,Yes,1,1,No,No,2,No,Yes,2,No,No,No,Residential,high,29510107600
547,38.64539,-90.29986,Ample,No,2,0,Yes,2,Yes,Yes,1,0,No,No,1,Yes,Yes,2,No,No,No,Residential,high,29510112100
5480,38.68964,-90.2397,Ample,No,2,0,Yes,2,No,Yes,1,1,Yes,No,1,No,Yes,2,No,No,Yes,Residential,high,29510107500
5481,38.69099,-90.23977,Ample,No,2,0,Yes,2,Yes,Yes,1,1,Yes,No,1,No,Yes,2,No,No,No,Residential,medium,29510107500
5482,38.69243,-90.23977,Ample,No,2,0,Yes,2,Yes,Yes,1,1,No,No,1,No,Yes,2,No,No,No,Residential,medium,29510107500
5483,38.69362,-90.2396,Ample,No,2,1,Yes,2,No,Yes,1,1,No,No,1,No,Yes,2,No,No,No,Residential,high,29510107500
5484,38.69513,-90.23979,Some,No,0,0,Yes,2,No,Yes,1,1,No,No,1,Yes,No,2,No,No,No,Residential,medium,29510107500
5485,38.69609,-90.24009,Ample,No,0,0,Yes,2,Yes,Yes,1,1,No,No,1,Yes,Yes,2,No,No,No,Residential,high,29510107500
548,38.64657,-90.30087,Ample,No,2,0,Yes,2,Yes,Yes,0,0,No,No,2,Yes,Yes,2,No,Yes,No,Residential,medium,29510112100
5496,38.71105,-90.23936,Ample,No,0,0,No,2,Yes,Yes,1,0,No,No,1,No,Yes,2,No,No,No,Residential,high,29510108100
5497,38.71243,-90.23939,Ample,No,2,0,Yes,2,No,Yes,1,1,No,No,1,No,Yes,2,No,No,No,Residential,high,29510108100
5498,38.71389,-90.23948,Ample,No,2,0,Yes,2,Yes,Yes,1,1,No,Yes,2,No,Yes,2,No,No,Yes,Residential,high,29510108100
5499,38.71521,-90.23978,No,No,2,0,Yes,2,Yes,Yes,1,1,No,No,1,No,Yes,2,No,No,No,Residential,INVALID,29510108100
549,38.64759,-90.30036,Ample,No,0,0,Yes,2,Yes,Yes,1,1,No,No,1,Yes,Yes,2,No,No,No,Residential,medium,29510105198
54,38.58702,-90.31423,Ample,No,0,0,Yes,2,Yes,Yes,1,1,No,No,1,No,Yes,2,No,No,No,Residential,high,29510103100
5500,38.7163,-90.23967,Ample,No,2,0,Yes,2,Yes,Yes,1,0,No,No,1,No,Yes,2,No,No,No,Residential,INVALID,29510108200
5501,38.71798,-90.23967,Ample,No,2,0,Yes,2,Yes,Yes,1,0,No,No,1,No,Yes,2,No,No,No,Residential,medium,29510108200
5502,38.71917,-90.23974,Ample,No,2,0,Yes,2,Yes,Yes,1,1,No,No,1,No,Yes,2,No,No,No,Residential,medium,29510108200
5503,38.72088,-90.24039,Ample,No,2,0,Yes,2,Yes,Yes,1,0,No,No,1,No,Yes,2,No,No,No,Residential,high,29510108200
5504,38.72196,-90.23962,Ample,No,2,0,Yes,2,Yes,Yes,1,1,No,No,1,No,Yes,2,No,No,No,Commercial,high,29510108300
5505,38.72335,-90.23981,Ample,No,2,0,Yes,2,Yes,Yes,1,1,No,No,1,No,Yes,2,No,No,No,Residential,medium,29510108300
550,38.64924,-90.30035,Ample,No,2,0,Yes,2,Yes,Yes,1,1,No,No,1,Yes,Yes,2,No,No,No,Residential,high,29510105198
5512,38.56703,-90.23835,Ample,No,2,0,Yes,2,Yes,Yes,1,1,No,No,1,No,Yes,2,No,No,No,Residential,medium,29510115600
5513,38.56827,-90.23769,Ample,No,2,0,Yes,2,Yes,Yes,1,1,No,No,1,No,Yes,2,No,No,No,Residential,medium,29510115600
5514,38.56964,-90.23798,Ample,No,2,0,Yes,2,Yes,Yes,1,0,No,No,1,No,Yes,2,No,No,No,Residential,high,29510115600
5515,38.57111,-90.23844,Ample,No,0,0,Yes,2,No,Yes,1,1,No,No,1,No,Yes,2,No,No,No,Residential,medium,29510115600
5516,38.5724,-90.23831,Ample,No,2,0,Yes,2,No,Yes,1,0,No,No,1,No,Yes,2,No,No,No,Residential,high,29510115600
5517,38.57373,-90.2383,Ample,No,2,0,Yes,2,Yes,Yes,1,1,No,No,1,No,Yes,2,No,No,No,Residential,medium,29510115600
5518,38.57517,-90.23856,Ample,No,2,0,Yes,2,Yes,Yes,1,1,No,No,1,No,Yes,2,No,No,No,Residential,medium,29510115600
5519,38.57646,-90.2383,Ample,No,2,0,Yes,2,Yes,Yes,1,1,No,Yes,1,Yes,Yes,2,No,No,No,Residential,medium,29510115600
551,38.65061,-90.30049,Ample,No,2,0,Yes,2,Yes,Yes,1,1,Yes,Yes,1,No,Yes,2,No,No,No,Residential,high,29510105198
5520,38.57781,-90.23859,No,No,2,0,Yes,2,Yes,Yes,0,0,No,No,1,No,Yes,2,No,No,No,Residential,high,29510115600
5521,38.57929,-90.23827,Ample,No,2,0,Yes,2,Yes,Yes,1,0,No,No,1,No,Yes,2,No,No,No,Residential,high,29510115600
5522,38.58065,-90.23824,No,No,2,0,Yes,2,No,Yes,1,0,No,No,1,No,Yes,2,No,No,No,Residential,medium,29510115700
5523,38.58188,-90.23834,Ample,No,2,0,Yes,2,No,Yes,1,1,No,No,2,Yes,Yes,2,No,No,No,Residential,high,29510115700
5525,38.58432,-90.23839,Some,No,2,0,No,2,Yes,Yes,0,0,No,No,1,No,Yes,2,No,No,No,Residential,medium,29510124100
5526,38.58573,-90.23847,Ample,No,2,0,Yes,2,Yes,Yes,1,1,No,No,1,No,Yes,2,No,No,Yes,Residential,medium,29510124100
5527,38.58724,-90.23841,Ample,No,2,0,Yes,2,Yes,Yes,1,1,No,No,1,No,Yes,2,No,No,No,Residential,INVALID,29510116400
5528,38.58852,-90.23815,Ample,No,2,0,Yes,2,Yes,Yes,1,1,No,Yes,1,No,Yes,2,No,No,No,Residential,medium,29510116400
5529,38.58987,-90.23787,Ample,No,2,0,Yes,2,Yes,Yes,1,1,No,No,1,No,Yes,2,No,No,No,Residential,medium,29510116400
552,38.65188,-90.30028,Ample,No,2,0,Yes,2,Yes,Yes,1,0,No,Yes,1,No,Yes,2,No,No,Yes,Residential,medium,29510105198
5530,38.59122,-90.23829,Ample,No,2,0,Yes,2,Yes,Yes,1,1,No,No,1,Yes,Yes,2,No,No,No,Residential,medium,29510116400
5531,38.59303,-90.23821,Ample,No,2,0,Yes,2,Yes,Yes,1,1,No,No,1,Yes,Yes,2,No,No,No,Residential,high,29510116400
5532,38.59395,-90.23819,Ample,No,2,0,Yes,2,Yes,Yes,1,1,No,No,1,No,Yes,2,No,No,No,Residential,high,29510116400
5533,38.5953,-90.23791,Ample,No,2,0,Yes,2,Yes,Yes,1,1,No,No,1,No,Yes,2,No,No,No,Residential,medium,29510116400
5534,38.59665,-90.23835,Ample,No,2,0,Yes,2,Yes,Yes,1,1,Yes,No,1,No,Yes,2,No,No,No,Residential,high,29510116400
5535,38.598,-90.23855,Ample,No,2,0,Yes,2,Yes,Yes,1,1,No,No,1,No,Yes,2,No,No,No,Residential,medium,29510116500
5536,38.59934,-90.23828,Ample,No,2,0,Yes,2,Yes,Yes,1,1,No,No,1,Yes,Yes,2,No,No,No,Residential,medium,29510116500
5537,38.60066,-90.238,Ample,No,2,0,Yes,2,Yes,Yes,1,0,No,No,1,Yes,Yes,2,No,No,No,Residential,medium,29510116500
5538,38.60221,-90.23826,Ample,No,2,0,Yes,2,Yes,Yes,1,0,No,No,1,No,Yes,2,No,No,No,Residential,medium,29510116500
5539,38.6034,-90.23854,Some,No,2,0,Yes,2,Yes,Yes,0,0,No,No,2,No,Yes,2,No,No,No,Residential,medium,29510116500
553,38.6532,-90.30006,Ample,No,2,0,Yes,2,Yes,Yes,1,1,No,No,1,No,Yes,2,No,No,No,Residential,medium,29510105198
5540,38.60494,-90.2383,Ample,No,2,0,Yes,2,Yes,Yes,1,0,No,No,1,No,Yes,2,No,No,No,Residential,medium,29510116500
5541,38.60603,-90.23805,Ample,No,2,0,Yes,2,Yes,Yes,1,0,No,No,1,No,Yes,2,No,No,No,Residential,medium,29510117400
5542,38.60771,-90.23824,Ample,No,2,0,Yes,2,Yes,Yes,1,1,No,No,1,No,Yes,2,No,No,No,Residential,medium,29510117400
5543,38.60878,-90.23808,Some,No,2,0,Yes,2,Yes,Yes,1,0,No,No,1,No,Yes,2,No,No,No,Residential,medium,29510117400
5544,38.61001,-90.23836,No,No,0,0,Yes,2,No,Yes,0,0,No,No,1,No,Yes,2,No,No,No,Residential,high,29510117400
5545,38.61155,-90.23836,Ample,No,2,0,Yes,2,Yes,Yes,1,1,No,No,2,No,Yes,2,No,No,No,Residential,medium,29510117400
5546,38.61285,-90.23812,No,No,2,0,No,2,No,Yes,0,0,No,No,1,No,No,2,No,Yes,No,Residential,high,29510117400
5549,38.61692,-90.23831,Ample,No,2,0,Yes,2,Yes,Yes,1,0,No,No,1,No,Yes,2,No,No,No,Commercial,high,29510127300
554,38.65454,-90.29985,Ample,No,2,0,Yes,2,Yes,Yes,1,1,No,No,1,No,Yes,2,No,No,Yes,Residential,medium,29510105198
5551,38.61964,-90.23874,Ample,No,2,0,Yes,2,Yes,Yes,1,1,Yes,No,2,Yes,Yes,2,No,No,Yes,Commercial,high,29510127300
5552,38.6209,-90.23843,Ample,No,2,0,Yes,2,Yes,Yes,1,1,No,No,1,No,Yes,2,No,No,No,Commercial,low,29510127300
5553,38.62234,-90.23835,Ample,No,2,0,Yes,2,Yes,Yes,1,1,Yes,No,1,No,Yes,2,No,No,Yes,Commercial,medium,29510127300
5554,38.62334,-90.23839,Ample,No,2,0,Yes,2,Yes,Yes,1,1,No,No,1,No,Yes,2,No,No,No,Commercial,INVALID,29510127300
5555,38.62459,-90.23839,Ample,No,2,0,Yes,2,Yes,Yes,1,1,No,No,1,No,Yes,2,No,No,No,Commercial,high,29510127300
5556,38.62632,-90.23827,Ample,No,0,0,Yes,2,Yes,Yes,1,1,No,No,1,No,Yes,2,No,No,No,Commercial,INVALID,29510118600
5559,38.63086,-90.23877,Ample,No,0,0,Yes,2,Yes,Yes,1,0,No,No,1,No,Yes,2,No,No,No,Commercial,INVALID,29510118600
555,38.6555,-90.30025,Ample,No,2,1,Yes,2,Yes,Yes,1,1,No,No,1,No,Yes,2,No,Yes,No,Commercial,high,29510105198
5560,38.63171,-90.23848,No,No,2,0,Yes,2,Yes,Yes,1,1,No,No,1,No,Yes,2,No,No,No,Commercial,INVALID,29510118600
5561,38.63328,-90.23793,Ample,No,2,0,Yes,2,Yes,Yes,1,1,No,No,1,No,Yes,2,No,No,No,Commercial,INVALID,29510118600
5562,38.6347,-90.23819,No,No,2,0,Yes,2,Yes,Yes,1,1,No,No,1,No,Yes,2,No,No,Yes,Commercial,high,29510118600
5563,38.63541,-90.23843,Ample,No,2,0,Yes,2,Yes,Yes,1,1,Yes,Yes,1,No,Yes,2,No,No,No,Commercial,high,29510119300
5565,38.6384,-90.23837,Ample,No,2,0,Yes,2,Yes,Yes,1,1,No,No,1,No,Yes,2,No,No,No,Residential,medium,29510119300
5566,38.6397,-90.23844,Ample,No,2,0,Yes,2,Yes,Yes,1,1,No,No,1,No,Yes,2,No,No,No,Residential,high,29510119300
5567,38.64091,-90.23845,Ample,Yes,2,1,Yes,2,Yes,Yes,1,0,No,No,2,No,Yes,2,No,No,No,Residential,medium,29510119300
5568,38.64253,-90.23834,Ample,No,2,0,Yes,2,Yes,Yes,1,1,No,Yes,2,Yes,Yes,2,No,No,No,Commercial,high,29510119300
5569,38.64362,-90.23839,Ample,No,2,0,Yes,2,Yes,Yes,1,1,No,No,1,No,Yes,2,No,No,No,Residential,low,29510119200
556,38.65733,-90.3007,Ample,No,2,1,Yes,2,No,Yes,1,1,No,No,1,No,Yes,2,No,No,No,Residential,high,
5570,38.64493,-90.23854,Ample,No,2,0,Yes,2,Yes,Yes,1,1,No,No,1,No,Yes,2,No,No,No,Residential,high,29510111100
5571,38.64635,-90.23841,Ample,No,2,0,Yes,2,Yes,Yes,1,1,No,No,1,No,Yes,2,No,No,Yes,Residential,medium,29510111100
5572,38.64806,-90.23813,Ample,No,2,0,Yes,2,Yes,Yes,1,0,No,No,1,No,Yes,2,No,No,No,Residential,high,29510111100
5573,38.64933,-90.23827,Ample,No,2,0,Yes,2,No,Yes,1,1,No,No,1,No,Yes,2,No,No,No,Residential,INVALID,29510111100
5574,38.65068,-90.23824,Ample,No,2,0,Yes,2,Yes,Yes,1,1,Yes,No,1,No,Yes,2,No,No,No,Commercial,high,29510127700
5575,38.65198,-90.23822,Ample,No,0,0,Yes,2,Yes,Yes,1,1,No,No,1,No,Yes,2,No,No,No,Residential,low,29510111200
5576,38.65332,-90.23825,Ample,No,2,0,Yes,2,Yes,Yes,1,1,No,No,1,Yes,Yes,2,No,No,No,Commercial,high,29510111200
5577,38.6546,-90.23833,Some,No,2,0,Yes,2,Yes,Yes,1,1,No,No,1,No,Yes,2,No,No,No,Residential,high,29510111300
5578,38.65611,-90.23822,Some,No,0,0,Yes,2,No,Yes,0,0,No,No,1,No,Yes,2,No,No,No,Residential,high,29510111300
5579,38.65734,-90.2385,Ample,No,2,0,Yes,2,Yes,Yes,1,0,No,No,1,No,Yes,2,No,No,No,Residential,high,29510111300
557,38.56426,-90.29909,Ample,No,2,0,Yes,2,No,Yes,1,1,No,No,1,No,Yes,2,No,No,No,Residential,high,
5580,38.65863,-90.23828,Ample,No,2,1,Yes,2,No,Yes,1,1,No,No,2,Yes,Yes,2,No,No,No,Residential,high,29510111300
5581,38.65983,-90.23848,Ample,No,2,0,Yes,2,Yes,Yes,1,1,No,No,1,Yes,Yes,2,No,Yes,No,Residential,high,29510111300
5582,38.6614,-90.23827,Ample,No,0,0,Yes,2,No,Yes,1,1,No,No,2,No,Yes,2,No,No,No,Residential,high,29510111300
5583,38.66266,-90.23839,Some,No,2,0,Yes,2,No,Yes,1,0,No,No,1,No,Yes,2,No,No,No,Residential,INVALID,29510111300
5584,38.66388,-90.23838,Some,No,0,0,No,2,No,Yes,0,0,No,No,1,No,Yes,2,No,No,No,Residential,high,29510110300
5585,38.66534,-90.23821,Ample,No,2,0,Yes,2,No,Yes,1,1,No,No,1,No,Yes,2,No,No,Yes,Residential,low,29510110300
5586,38.66681,-90.23858,Ample,No,2,0,Yes,2,Yes,Yes,1,1,Yes,No,1,No,Yes,2,No,No,No,Residential,high,29510110100
5587,38.66828,-90.23825,Ample,Yes,2,0,Yes,2,No,Yes,1,1,No,No,1,No,Yes,2,No,No,No,Residential,high,29510110100
5588,38.66949,-90.23853,Ample,No,2,0,Yes,2,No,Yes,0,0,No,No,1,No,Yes,2,No,No,No,Residential,high,29510110100
5589,38.6707,-90.23838,Ample,No,2,0,Yes,2,Yes,Yes,1,1,No,No,1,No,Yes,2,No,No,No,Residential,high,29510110100
558,38.56576,-90.29889,Ample,No,0,0,Yes,2,Yes,Yes,1,1,No,No,2,Yes,Yes,2,No,No,No,Residential,high,29510102100
5590,38.67206,-90.23838,Ample,No,2,0,Yes,2,Yes,Yes,1,1,No,No,1,No,Yes,2,No,No,Yes,Residential,medium,29510110100
5591,38.6735,-90.23829,Ample,No,2,0,Yes,2,No,Yes,1,1,No,Yes,1,No,Yes,2,No,No,No,Residential,INVALID,29510110100
5592,38.67481,-90.23834,Ample,No,0,0,Yes,2,No,Yes,0,0,No,No,1,No,Yes,2,No,Yes,No,Residential,high,29510110100
5593,38.67605,-90.23799,Ample,No,2,0,Yes,2,Yes,Yes,1,1,No,No,1,No,Yes,2,No,No,No,Residential,medium,29510126900
5594,38.67765,-90.23816,Ample,No,2,0,Yes,2,Yes,Yes,1,0,No,Yes,2,No,Yes,2,No,No,No,Residential,high,29510126900
5595,38.67871,-90.23849,Ample,No,2,0,Yes,2,Yes,Yes,1,1,No,No,1,No,Yes,2,No,No,No,Residential,medium,29510126900
5596,38.68017,-90.23829,Ample,No,2,0,Yes,2,Yes,Yes,1,1,No,No,1,No,Yes,2,No,No,No,Residential,high,29510126900
5597,38.68142,-90.23807,Some,No,2,0,Yes,2,No,Yes,1,1,No,No,1,No,Yes,2,No,No,No,Residential,high,29510126900
5598,38.68289,-90.23831,Ample,No,0,0,No,2,Yes,Yes,1,1,No,No,1,No,Yes,2,No,No,No,Residential,high,29510107600
559,38.56722,-90.29855,Ample,No,0,0,No,2,Yes,Yes,1,1,No,No,1,Yes,Yes,2,No,No,No,Residential,medium,29510102100
55,38.58883,-90.31334,Ample,No,2,0,Yes,2,Yes,Yes,1,0,No,Yes,1,No,Yes,2,No,No,No,Residential,medium,29510103100
5601,38.68712,-90.23846,Ample,No,0,0,Yes,2,Yes,Yes,1,1,No,No,1,No,Yes,2,No,No,No,Residential,high,29510107600
5602,38.6883,-90.23824,Some,No,0,0,Yes,2,No,Yes,1,1,No,No,1,No,Yes,2,No,Yes,No,Residential,high,29510107600
5603,38.68969,-90.23834,Some,No,0,0,Yes,2,No,Yes,1,1,No,No,1,No,Yes,2,No,No,No,Residential,high,29510107600
5604,38.69106,-90.23841,Some,No,2,0,Yes,2,No,Yes,1,1,No,No,1,No,Yes,2,No,No,No,Residential,high,29510107500
5605,38.69244,-90.23844,No,No,2,0,Yes,2,No,Yes,1,1,No,No,1,No,Yes,2,No,Yes,No,Residential,INVALID,29510107500
5606,38.69374,-90.2382,Ample,No,0,0,No,2,Yes,Yes,1,1,No,No,1,Yes,Yes,2,No,No,No,Residential,high,29510127000
5607,38.69717,-90.24119,No,No,2,0,No,2,No,Yes,1,0,No,No,1,No,No,2,No,Yes,No,Commercial,high,29510107400
5619,38.71127,-90.23794,Ample,Yes,0,0,Yes,2,Yes,Yes,1,1,No,No,1,No,Yes,2,No,No,No,Residential,high,29510108100
5620,38.71236,-90.23845,Ample,No,2,0,Yes,2,Yes,Yes,1,1,No,No,1,No,Yes,2,No,No,No,Residential,high,29510108100
5621,38.71367,-90.23846,Ample,No,0,0,Yes,2,Yes,Yes,1,1,No,No,1,No,Yes,2,No,No,No,Residential,high,29510108100
5622,38.71528,-90.23813,Ample,No,2,0,Yes,2,Yes,Yes,1,0,No,No,1,No,Yes,2,No,No,No,Residential,high,29510108100
5623,38.7166,-90.23842,No,No,2,0,Yes,2,Yes,Yes,0,0,No,No,1,No,Yes,2,No,No,No,Residential,INVALID,29510108200
5624,38.71789,-90.2382,Some,No,2,0,Yes,2,No,Yes,1,0,No,No,1,No,Yes,2,No,No,No,Residential,high,29510108200
5625,38.71932,-90.23821,Ample,No,2,0,Yes,2,Yes,Yes,1,0,Yes,No,1,No,Yes,2,No,No,No,Residential,high,29510108200
5626,38.72059,-90.23834,Ample,No,2,0,No,2,No,Yes,0,0,No,No,2,No,Yes,2,No,No,No,Residential,medium,29510108300
5627,38.72206,-90.23833,Ample,Yes,0,0,Yes,2,Yes,Yes,1,1,No,No,1,No,Yes,2,No,No,No,Residential,high,29510108300
5628,38.7237,-90.23839,Ample,No,2,0,Yes,2,Yes,Yes,1,0,No,No,1,No,Yes,2,No,No,No,Residential,high,29510108300
562,38.5714,-90.29866,Ample,No,2,0,Yes,2,Yes,Yes,1,1,No,No,1,Yes,Yes,2,No,No,No,Residential,medium,29510102100
5634,38.56781,-90.23779,Ample,Yes,2,0,Yes,2,Yes,Yes,1,1,No,No,1,Yes,Yes,2,No,No,No,Residential,high,29510115600
5635,38.56847,-90.23731,Some,No,2,0,Yes,2,Yes,Yes,1,1,No,No,1,No,Yes,2,No,No,Yes,Residential,INVALID,29510115600
5636,38.56973,-90.23694,Ample,No,2,0,Yes,2,No,Yes,1,0,No,No,1,No,Yes,2,No,No,No,Residential,INVALID,29510115600
5637,38.57106,-90.2371,Ample,No,2,0,Yes,2,Yes,Yes,1,1,No,No,2,No,Yes,2,No,No,No,Residential,medium,29510115600
5638,38.57233,-90.23696,Ample,No,2,0,No,2,Yes,Yes,1,1,No,No,1,No,Yes,2,No,No,No,Residential,medium,29510115600
5639,38.57377,-90.23711,Ample,No,2,0,Yes,2,Yes,Yes,0,0,No,No,1,No,Yes,2,No,No,No,Residential,high,29510115600
563,38.57258,-90.29882,Ample,No,2,0,Yes,2,Yes,Yes,1,1,No,No,1,No,Yes,2,No,No,No,Residential,high,29510102100
5640,38.57518,-90.23739,Ample,No,2,0,Yes,2,Yes,Yes,1,1,No,No,1,No,Yes,2,No,No,No,Residential,high,29510115600
5641,38.57637,-90.23698,Ample,No,2,0,Yes,2,Yes,Yes,1,1,No,No,1,No,Yes,2,No,No,No,Residential,medium,29510115600
5643,38.57916,-90.23775,Ample,No,2,0,Yes,2,Yes,Yes,1,1,Yes,No,2,No,Yes,2,No,No,No,Residential,high,29510115600
5644,38.58049,-90.23702,Some,No,2,0,No,2,Yes,Yes,1,1,No,No,1,No,Yes,2,No,No,No,Residential,medium,29510115700
5645,38.58187,-90.23701,Ample,No,2,0,Yes,2,Yes,Yes,1,1,No,No,1,No,Yes,2,No,No,No,Residential,medium,29510115700
5646,38.5832,-90.23689,Ample,No,2,0,Yes,2,Yes,Yes,1,1,No,No,2,No,Yes,2,No,No,No,Residential,medium,29510115700
5647,38.58447,-90.23663,Ample,No,2,0,Yes,2,Yes,Yes,1,1,No,No,1,No,Yes,2,No,No,No,Residential,medium,29510124100
5648,38.58555,-90.23702,Ample,No,2,0,Yes,2,Yes,Yes,1,1,No,No,1,No,Yes,2,No,No,No,Residential,medium,29510124100
5649,38.58738,-90.23697,Ample,No,2,0,Yes,2,Yes,Yes,1,1,No,No,1,No,Yes,2,No,No,No,Residential,medium,29510116400
564,38.57356,-90.29899,Ample,No,2,0,Yes,2,Yes,Yes,1,0,No,No,1,No,Yes,2,No,No,No,Residential,high,29510102100
5650,38.58858,-90.23696,Ample,No,2,0,Yes,2,Yes,Yes,1,0,No,No,1,No,Yes,2,No,No,No,Residential,medium,29510116400
5651,38.58991,-90.23669,Ample,No,2,0,Yes,2,Yes,Yes,1,1,No,No,1,No,Yes,2,No,No,No,Residential,high,29510116400
5652,38.59107,-90.23705,Ample,No,2,0,Yes,2,Yes,Yes,1,1,No,No,1,No,Yes,2,No,No,No,Residential,medium,29510116400
5653,38.59287,-90.23691,Ample,No,2,0,Yes,2,Yes,Yes,1,1,No,No,1,No,Yes,2,No,No,No,Residential,high,29510116400
5654,38.59394,-90.23703,Ample,No,2,0,Yes,2,Yes,Yes,1,1,No,No,1,No,Yes,2,No,No,No,Residential,medium,29510116400
5655,38.59531,-90.23676,Ample,No,2,0,Yes,2,Yes,Yes,1,1,No,No,1,No,Yes,2,No,No,No,Residential,high,29510116400
5656,38.59656,-90.23696,Ample,No,2,0,Yes,2,Yes,Yes,1,0,No,No,1,No,Yes,2,No,No,No,Residential,medium,29510116500
5657,38.59785,-90.23672,Ample,No,2,0,Yes,2,Yes,Yes,1,1,No,No,1,No,Yes,2,No,No,No,Residential,high,29510116500
5659,38.60107,-90.23688,Ample,No,2,0,Yes,2,No,Yes,1,1,No,No,1,Yes,Yes,2,No,No,No,Residential,medium,29510116500
565,38.57533,-90.29887,Ample,No,2,0,Yes,2,Yes,Yes,1,0,No,No,1,No,Yes,2,No,No,No,Residential,high,29510102200
5660,38.60206,-90.23692,Ample,No,2,0,Yes,2,Yes,Yes,1,0,No,No,1,No,Yes,2,No,No,No,Residential,medium,29510116500
5661,38.6034,-90.23684,Some,No,2,0,Yes,2,Yes,Yes,1,0,No,No,1,No,Yes,2,No,No,No,Residential,high,29510116500
5662,38.60477,-90.23696,Ample,No,2,0,Yes,2,No,Yes,1,1,No,No,1,No,Yes,2,No,No,No,Residential,high,29510116500
5663,38.60609,-90.23688,Ample,No,2,0,Yes,2,Yes,Yes,1,1,No,No,1,Yes,Yes,2,No,No,No,Residential,high,29510117400
5664,38.60756,-90.23701,Ample,No,2,0,Yes,2,Yes,Yes,1,0,No,No,1,No,Yes,2,No,No,No,Residential,medium,29510117400
5665,38.60882,-90.23748,Ample,No,2,0,Yes,2,Yes,Yes,1,0,No,No,1,No,Yes,2,No,No,No,Residential,medium,29510117400
5666,38.60986,-90.2371,Ample,No,2,0,No,2,No,Yes,0,0,No,No,1,No,Yes,2,No,No,No,Residential,high,29510117400
5667,38.6116,-90.23696,Ample,No,2,0,Yes,2,No,Yes,1,1,No,No,1,No,Yes,2,No,No,No,Residential,medium,29510117400
5668,38.61303,-90.23689,Ample,No,2,0,Yes,2,Yes,Yes,1,0,No,No,1,Yes,Yes,2,No,No,No,Residential,high,29510127300
566,38.5764,-90.29886,Ample,No,2,0,Yes,2,Yes,Yes,1,1,Yes,No,1,No,Yes,2,No,No,No,Residential,medium,29510102200
5671,38.61675,-90.23695,Ample,No,2,0,Yes,2,Yes,Yes,1,1,No,No,1,No,Yes,2,No,No,No,Commercial,medium,29510127300
5673,38.61952,-90.23646,Ample,No,2,0,Yes,2,Yes,Yes,1,1,No,No,1,No,Yes,2,No,No,No,Residential,low,29510127300
5674,38.62107,-90.23692,Some,No,2,0,Yes,2,Yes,Yes,1,1,No,No,2,No,Yes,2,No,No,No,Residential,low,29510127300
5675,38.62256,-90.23715,Ample,No,2,0,Yes,2,Yes,Yes,1,1,No,Yes,2,Yes,Yes,2,No,Yes,No,Residential,high,29510127300
5676,38.62371,-90.23745,Ample,No,2,0,Yes,2,Yes,Yes,1,1,No,No,1,Yes,Yes,2,No,No,No,Commercial,low,29510127300
5677,38.62491,-90.23701,Ample,No,2,1,Yes,2,Yes,Yes,1,1,No,No,1,Yes,Yes,2,No,No,No,Commercial,low,29510127300
5678,38.62606,-90.23707,Ample,No,0,0,Yes,2,Yes,Yes,1,1,No,No,1,No,Yes,2,No,No,No,Commercial,INVALID,29510127300
5679,38.62806,-90.23689,Some,No,0,0,Yes,2,Yes,Yes,1,1,No,No,1,No,Yes,2,No,No,No,Residential,low,29510118600
567,38.57782,-90.2988,Ample,No,2,0,Yes,2,Yes,Yes,1,1,No,No,1,No,Yes,2,No,No,No,Residential,high,29510102200
5681,38.6304,-90.2372,Ample,No,0,0,Yes,2,Yes,Yes,1,0,No,No,1,No,Yes,2,No,No,No,Commercial,INVALID,29510118600
5682,38.63164,-90.2368,Ample,Yes,1,0,Yes,2,No,Yes,1,1,No,No,1,No,Yes,2,No,No,Yes,Commercial,INVALID,29510118600
5683,38.63305,-90.23691,Ample,No,0,0,Yes,2,Yes,Yes,1,1,No,No,1,No,Yes,2,No,No,No,Commercial,low,29510118600
5684,38.63446,-90.23698,Some,Yes,2,0,Yes,2,No,Yes,1,0,No,No,2,No,Yes,2,No,No,No,Commercial,INVALID,29510118600
5686,38.63725,-90.23663,Ample,No,0,0,Yes,2,No,Yes,1,1,Yes,Yes,1,Yes,Yes,2,No,Yes,No,Residential,medium,29510119300
5687,38.63842,-90.23681,Ample,No,2,0,No,2,No,Yes,0,0,No,No,1,No,No,2,No,Yes,No,Commercial,INVALID,29510119300
5688,38.63969,-90.23705,Some,No,2,0,Yes,2,Yes,Yes,1,1,No,Yes,2,No,Yes,2,No,No,No,Residential,low,29510119300
5689,38.64097,-90.23712,Ample,No,0,0,Yes,2,Yes,Yes,0,0,No,No,1,No,Yes,2,No,No,No,Residential,low,29510119300
568,38.57954,-90.29892,Ample,No,2,0,Yes,2,Yes,Yes,1,0,No,No,1,No,Yes,2,No,No,No,Residential,high,29510102200
5691,38.64396,-90.23733,Ample,No,2,0,Yes,2,Yes,Yes,1,0,No,No,1,Yes,Yes,2,No,No,No,Residential,high,29510119300
5692,38.64519,-90.23728,Ample,No,0,0,Yes,2,No,Yes,1,1,No,No,2,No,Yes,2,No,No,No,Residential,high,29510111100
5693,38.64637,-90.23706,Ample,No,0,0,Yes,2,No,Yes,0,0,No,No,1,No,Yes,2,No,No,No,Residential,low,29510111100
5694,38.64808,-90.2368,Ample,No,0,0,Yes,2,No,Yes,1,1,No,No,1,No,Yes,2,No,No,No,Residential,high,29510111100
5695,38.64937,-90.23688,Ample,No,0,0,Yes,2,No,Yes,1,0,No,No,1,No,Yes,2,No,No,No,Residential,high,29510111100
5696,38.65073,-90.23681,Some,No,0,0,Yes,2,No,Yes,0,0,No,No,1,No,Yes,2,No,No,No,Residential,high,29510127700
5697,38.65154,-90.23724,Ample,No,0,0,Yes,2,Yes,Yes,1,1,No,No,1,No,Yes,2,No,No,No,Residential,high,29510127700
5698,38.65344,-90.23689,Ample,No,0,0,Yes,2,No,Yes,1,0,No,No,1,No,Yes,2,No,No,No,Residential,low,29510127700
5699,38.65453,-90.23679,Ample,No,0,0,Yes,2,No,Yes,1,1,No,No,1,No,Yes,2,No,No,No,Residential,high,29510111300
569,38.58028,-90.29897,Ample,No,2,0,Yes,2,Yes,Yes,1,1,No,No,1,No,Yes,2,No,No,No,Residential,medium,29510102200
56,38.58991,-90.3137,No,No,2,0,Yes,2,Yes,Yes,0,0,No,No,2,No,Yes,2,No,No,No,Residential,medium,29510103100
5700,38.65608,-90.23694,Ample,No,2,0,Yes,2,Yes,Yes,1,1,Yes,No,2,No,Yes,2,No,No,Yes,Residential,high,29510111300
5701,38.65715,-90.23705,Ample,No,2,0,Yes,2,Yes,Yes,1,0,No,No,1,Yes,Yes,2,No,No,No,Residential,high,29510111300
5702,38.65826,-90.23721,Ample,No,2,0,Yes,2,Yes,Yes,1,1,No,No,1,No,Yes,2,No,No,No,Residential,high,29510111300
5703,38.65992,-90.23673,Ample,No,2,0,Yes,2,Yes,Yes,1,1,Yes,No,1,Yes,Yes,2,No,No,No,Residential,high,29510111300
5704,38.66134,-90.23701,Ample,No,2,0,Yes,2,Yes,Yes,1,1,No,No,1,No,Yes,2,No,No,No,Residential,low,29510111300
5705,38.6627,-90.23703,Ample,No,0,0,Yes,2,Yes,Yes,1,1,No,No,1,No,Yes,2,No,No,No,Residential,high,29510110300
5706,38.66401,-90.23697,Ample,No,0,0,Yes,2,No,Yes,1,1,No,No,1,No,Yes,2,No,No,No,Residential,low,29510110300
5707,38.66538,-90.23686,Ample,No,2,0,Yes,2,Yes,Yes,1,1,No,No,1,No,Yes,2,No,No,No,Residential,low,29510110300
5708,38.66682,-90.23715,Ample,No,0,0,Yes,2,Yes,Yes,1,1,No,No,1,No,Yes,2,No,No,No,Residential,high,29510110300
5709,38.66793,-90.23709,Some,No,0,0,Yes,2,No,Yes,0,0,No,No,2,Yes,Yes,2,No,No,No,Residential,high,29510110300
570,38.58194,-90.2989,Ample,No,2,0,Yes,2,Yes,Yes,1,0,No,No,1,Yes,Yes,2,No,No,No,Residential,medium,29510114102
5710,38.66939,-90.23676,Ample,No,2,0,Yes,2,Yes,Yes,1,1,No,No,1,No,Yes,2,No,No,No,Residential,high,29510110100
5711,38.67074,-90.23684,Ample,No,2,0,Yes,2,Yes,Yes,1,1,No,No,1,No,Yes,2,No,No,No,Residential,INVALID,29510110100
5712,38.67216,-90.2369,Some,No,0,0,Yes,2,No,Yes,0,0,No,No,1,No,Yes,2,No,No,No,Residential,medium,29510110100
5713,38.67342,-90.23681,Some,No,0,0,Yes,2,Yes,Yes,1,1,No,No,1,No,Yes,2,No,No,No,Residential,high,29510110100
5714,38.67483,-90.23706,Some,No,0,0,Yes,2,No,Yes,1,1,No,No,1,No,Yes,2,No,No,No,Residential,high,29510110100
5715,38.67623,-90.23686,Ample,No,2,0,Yes,2,No,Yes,1,1,No,No,1,No,Yes,2,No,Yes,No,Residential,high,29510110100
5716,38.67757,-90.23694,Some,No,2,0,Yes,2,No,Yes,0,0,No,No,2,No,Yes,2,No,No,No,Residential,high,29510126900
5717,38.67888,-90.23694,Ample,No,2,0,Yes,2,Yes,Yes,1,1,No,No,2,No,Yes,2,No,No,No,Residential,high,29510126900
5718,38.68037,-90.23685,Ample,No,2,0,Yes,2,Yes,Yes,1,0,No,No,1,No,Yes,2,No,No,No,Residential,medium,29510126900
5719,38.68165,-90.23724,Ample,No,2,0,Yes,2,Yes,Yes,1,1,No,No,1,No,Yes,2,No,No,No,Residential,medium,29510126900
571,38.58306,-90.29897,Ample,No,2,0,Yes,2,Yes,Yes,1,1,No,No,1,No,Yes,2,No,No,No,Residential,medium,29510114102
5720,38.68294,-90.23697,Ample,No,0,0,No,2,Yes,Yes,1,0,No,No,1,Yes,Yes,2,No,No,No,Commercial,high,29510107600
5721,38.68429,-90.23708,Ample,Yes,2,0,Yes,2,Yes,Yes,1,1,No,No,1,No,Yes,2,No,No,No,Commercial,high,29510107600
5722,38.68461,-90.23653,Ample,No,0,0,Yes,2,Yes,Yes,1,1,No,No,2,No,Yes,2,No,No,No,Commercial,high,29510107600
5724,38.68845,-90.23701,No,Yes,0,0,Yes,2,No,Yes,1,1,No,No,1,No,Yes,2,No,No,No,Residential,medium,29510107600
5725,38.68963,-90.23693,Some,No,2,0,Yes,2,No,Yes,1,0,No,No,1,No,Yes,2,No,No,No,Residential,medium,29510107600
5726,38.69097,-90.23701,Ample,No,2,0,Yes,2,Yes,Yes,1,1,No,No,1,No,Yes,2,No,No,No,Residential,high,29510107500
5727,38.69236,-90.23704,Ample,No,2,0,No,2,Yes,Yes,1,1,No,No,1,Yes,Yes,2,No,No,No,Residential,high,29510107500
5729,38.69506,-90.23704,Ample,No,2,0,Yes,2,Yes,Yes,1,1,No,No,1,Yes,Yes,2,No,No,No,Residential,high,29510108100
572,38.58455,-90.29922,Ample,No,2,0,Yes,2,Yes,Yes,1,0,No,No,1,Yes,Yes,2,No,Yes,No,Residential,high,29510114102
573,38.58588,-90.299,Ample,No,2,0,Yes,2,Yes,Yes,1,0,No,No,1,Yes,Yes,2,No,Yes,No,Residential,medium,29510114102
5740,38.71014,-90.23649,Ample,No,2,0,Yes,2,No,Yes,1,1,No,No,1,Yes,Yes,2,No,No,No,Residential,low,29510108100
5741,38.71138,-90.23676,Ample,No,2,0,Yes,2,Yes,Yes,1,1,No,No,1,No,Yes,2,No,Yes,No,Residential,high,29510108100
5742,38.71232,-90.23661,Ample,No,2,0,Yes,2,No,Yes,1,1,No,No,1,No,Yes,2,No,No,No,Residential,high,29510108100
5743,38.71392,-90.237,Ample,No,2,0,Yes,2,Yes,Yes,1,1,No,No,1,No,Yes,2,No,No,No,Residential,high,29510108100
5744,38.71564,-90.23692,Ample,No,2,0,Yes,2,Yes,Yes,1,0,No,No,1,No,Yes,2,No,No,No,Residential,high,29510108200
5746,38.71785,-90.23719,Ample,No,2,0,Yes,2,Yes,Yes,1,1,No,No,1,No,Yes,2,No,No,No,Residential,medium,29510108200
5747,38.71917,-90.23704,Ample,No,2,0,Yes,2,Yes,Yes,1,1,No,No,1,No,Yes,2,No,No,No,Residential,high,29510108300
5748,38.72085,-90.23698,Ample,No,0,0,Yes,2,Yes,Yes,1,1,No,No,1,No,Yes,2,No,No,No,Residential,high,29510108300
5749,38.72215,-90.23695,Some,No,2,0,Yes,2,No,Yes,0,0,No,No,1,No,Yes,2,No,No,No,Residential,high,29510108300
574,38.58708,-90.29896,Ample,No,2,0,Yes,2,Yes,Yes,1,1,Yes,No,1,Yes,Yes,2,No,No,No,Residential,high,29510114102
5750,38.7237,-90.23685,Ample,No,2,0,Yes,2,Yes,Yes,1,1,No,No,1,No,Yes,2,No,No,No,Residential,medium,29510108300
5757,38.56985,-90.23633,Ample,No,2,0,No,2,Yes,Yes,1,0,No,No,1,No,Yes,2,No,No,No,Residential,medium,29510115600
5758,38.57099,-90.23551,Ample,No,2,0,Yes,2,Yes,Yes,1,1,No,No,1,Yes,Yes,2,No,No,No,Residential,medium,29510115600
5759,38.57244,-90.23563,Ample,No,0,0,Yes,2,Yes,Yes,1,0,No,No,1,No,Yes,2,No,No,No,Residential,high,29510115600
575,38.5884,-90.29897,Ample,No,2,0,Yes,2,Yes,Yes,1,0,No,No,1,No,Yes,2,No,No,No,Residential,medium,29510114102
5760,38.57375,-90.23565,Some,No,2,0,Yes,2,No,Yes,1,1,No,No,2,Yes,Yes,2,No,No,No,Residential,medium,29510115600
5761,38.57534,-90.23619,Ample,No,2,0,Yes,2,Yes,Yes,1,1,No,No,1,Yes,Yes,2,No,No,No,Residential,medium,29510115600
5762,38.57665,-90.23557,Ample,No,2,0,Yes,2,Yes,Yes,0,0,No,No,1,No,Yes,2,No,No,No,Residential,medium,29510115600
5763,38.57778,-90.23567,Some,No,2,0,Yes,2,Yes,Yes,1,1,No,No,1,No,Yes,2,No,No,No,Residential,medium,29510115600
5764,38.5791,-90.2354,Ample,No,2,1,Yes,2,Yes,Yes,1,0,No,No,1,No,Yes,2,No,No,No,Residential,medium,29510115600
5765,38.58032,-90.23566,No,No,2,0,Yes,2,Yes,Yes,1,1,No,No,1,No,Yes,2,No,No,No,Residential,high,29510115700
5766,38.58172,-90.23576,Ample,No,2,0,Yes,2,Yes,Yes,1,1,No,No,1,No,Yes,2,No,No,No,Residential,medium,29510115700
5767,38.58322,-90.23572,Ample,No,2,0,Yes,2,Yes,Yes,1,0,No,No,2,No,Yes,2,No,No,No,Residential,high,29510115700
5768,38.58451,-90.23546,Ample,No,2,0,Yes,2,Yes,Yes,1,1,No,No,1,No,Yes,2,No,No,No,Residential,medium,29510124100
5769,38.58586,-90.23518,Ample,No,0,0,Yes,2,Yes,Yes,0,0,No,No,1,Yes,Yes,2,No,No,No,Residential,medium,29510124100
576,38.58978,-90.29894,Ample,No,2,0,Yes,2,Yes,Yes,1,0,No,No,1,No,Yes,2,No,No,No,Residential,high,29510114102
5770,38.58721,-90.23561,Ample,Yes,0,0,Yes,2,Yes,Yes,1,1,No,No,1,No,Yes,2,No,No,No,Residential,medium,29510124100
5771,38.58863,-90.23578,Ample,No,2,0,Yes,2,Yes,Yes,1,1,No,No,1,No,Yes,2,No,No,No,Residential,medium,29510116400
5772,38.5899,-90.23552,Ample,No,2,0,Yes,2,Yes,Yes,1,1,No,No,1,No,Yes,2,No,No,No,Residential,high,29510116400
5773,38.59125,-90.23524,Ample,No,2,0,Yes,2,Yes,Yes,1,1,No,No,1,No,Yes,2,No,No,No,Residential,medium,29510116400
5774,38.59271,-90.23559,Ample,No,2,0,Yes,2,Yes,Yes,1,1,No,No,1,No,Yes,2,No,No,Yes,Residential,medium,29510116400
5775,38.59409,-90.2356,Some,No,2,0,Yes,2,No,Yes,1,1,No,No,1,No,Yes,2,No,No,No,Residential,low,29510116400
5776,38.59535,-90.23557,Ample,No,2,0,Yes,2,Yes,Yes,1,1,No,No,1,No,Yes,2,No,No,No,Residential,medium,29510116400
5777,38.59667,-90.23529,Ample,No,2,0,Yes,2,No,Yes,1,1,No,No,1,No,Yes,2,No,No,No,Residential,medium,29510116500
5778,38.59823,-90.23552,Ample,No,2,0,Yes,2,Yes,Yes,1,0,No,Yes,1,No,Yes,2,No,No,No,Residential,high,29510116500
5779,38.59937,-90.23591,Ample,No,2,0,Yes,2,Yes,Yes,1,1,No,No,2,Yes,Yes,2,No,No,Yes,Residential,high,29510116500
577,38.59115,-90.29896,Ample,No,2,0,Yes,2,Yes,Yes,1,1,No,No,1,No,Yes,2,No,No,No,Residential,high,29510114102
5780,38.60069,-90.23564,Ample,No,2,0,Yes,2,Yes,Yes,1,1,No,No,1,Yes,Yes,2,No,No,No,Residential,medium,29510116500
5781,38.60191,-90.23571,Ample,No,2,0,Yes,2,Yes,Yes,1,0,Yes,No,1,No,Yes,2,No,No,No,Residential,medium,29510116500
5782,38.6034,-90.23567,Some,No,2,0,Yes,2,Yes,Yes,0,0,No,No,1,No,Yes,2,No,No,No,Residential,medium,29510116500
5783,38.6046,-90.23565,Ample,No,2,0,Yes,2,Yes,Yes,1,0,No,No,1,No,Yes,2,No,No,Yes,Residential,high,29510116500
5784,38.60612,-90.23569,Ample,No,2,0,Yes,2,Yes,Yes,1,0,No,No,1,No,Yes,2,No,No,No,Residential,medium,29510117400
5785,38.60739,-90.23564,Ample,No,2,0,Yes,2,Yes,Yes,1,1,No,No,1,No,Yes,2,No,No,No,Residential,medium,29510117400
5786,38.60878,-90.23568,Ample,No,2,0,Yes,2,Yes,Yes,1,1,No,No,2,No,Yes,2,No,No,No,Residential,high,29510117400
5787,38.6103,-90.23555,Ample,No,0,0,Yes,2,No,Yes,1,1,No,No,1,No,Yes,2,No,No,No,Residential,medium,29510117400
5788,38.61142,-90.23562,Ample,No,2,0,Yes,2,No,Yes,1,1,No,No,1,No,Yes,2,No,No,No,Residential,high,29510117400
5789,38.61288,-90.23567,Ample,No,2,0,Yes,2,Yes,Yes,1,0,No,No,2,Yes,Yes,2,No,No,Yes,Residential,high,29510117400
578,38.59296,-90.29865,Ample,No,2,0,Yes,2,Yes,Yes,1,1,No,No,1,No,Yes,2,No,No,No,Residential,medium,29510114102
5790,38.61411,-90.23522,Some,No,0,0,Yes,2,Yes,Yes,1,1,No,No,1,Yes,Yes,2,No,No,No,Residential,high,29510127300
5791,38.61534,-90.23496,Some,No,0,0,Yes,2,Yes,Yes,1,1,No,No,1,Yes,Yes,2,No,No,No,Residential,high,29510127300
5792,38.61659,-90.2357,Ample,No,2,0,Yes,2,Yes,Yes,1,1,No,No,1,No,Yes,2,No,No,No,Residential,high,29510127300
5795,38.62085,-90.23569,Ample,No,2,0,Yes,2,Yes,Yes,1,1,No,No,1,No,Yes,2,No,No,No,Residential,low,29510127300
5797,38.62401,-90.23548,Ample,No,2,0,Yes,2,Yes,Yes,1,1,No,No,2,No,Yes,2,No,No,No,Commercial,high,29510127300
5798,38.62495,-90.23552,Ample,No,2,0,Yes,2,No,Yes,1,1,No,No,1,Yes,Yes,2,No,No,No,Residential,high,29510127300
5799,38.6263,-90.2356,Ample,No,2,1,No,2,Yes,Yes,0,0,No,No,1,No,Yes,2,No,No,No,Commercial,INVALID,29510127800
579,38.59378,-90.29888,Ample,No,2,0,Yes,2,Yes,Yes,1,1,No,No,1,No,Yes,2,No,No,No,Commercial,medium,29510114102
57,38.5913,-90.31375,No,No,2,0,Yes,2,No,Yes,0,0,No,No,1,No,Yes,2,No,No,No,Residential,INVALID,29510103100
5800,38.6278,-90.23563,Ample,No,2,0,Yes,2,Yes,Yes,1,1,No,No,1,No,Yes,2,No,No,No,Commercial,INVALID,29510127800
5801,38.62904,-90.23564,Ample,No,2,0,Yes,2,Yes,Yes,1,1,No,No,2,No,Yes,2,No,No,No,Commercial,INVALID,29510127800
5802,38.63029,-90.23556,Ample,No,2,0,No,2,No,Yes,1,1,No,No,1,No,Yes,2,No,No,No,Commercial,INVALID,29510118600
5803,38.63168,-90.23559,Ample,No,2,0,No,2,Yes,Yes,1,1,No,No,1,No,Yes,2,No,No,No,Commercial,INVALID,29510118600
5804,38.63327,-90.2355,Ample,No,2,1,Yes,2,Yes,Yes,1,1,No,No,2,No,Yes,2,No,No,No,Commercial,high,29510118600
5805,38.63419,-90.23564,Ample,No,2,0,Yes,2,Yes,Yes,0,0,No,No,2,No,Yes,2,No,No,No,Commercial,INVALID,29510118600
5806,38.63535,-90.23538,No,No,2,0,Yes,2,No,Yes,0,0,No,No,1,Yes,Yes,2,No,Yes,Yes,Commercial,high,29510119300
5807,38.63778,-90.23538,Ample,No,2,0,Yes,2,Yes,Yes,1,1,No,No,1,Yes,Yes,2,No,No,No,Residential,high,29510119300
5808,38.63856,-90.23587,Ample,No,2,0,Yes,2,Yes,Yes,1,1,No,No,1,No,Yes,2,No,No,No,Commercial,medium,29510119300
5809,38.63968,-90.23568,Ample,No,2,0,Yes,2,Yes,Yes,1,1,No,No,1,Yes,Yes,2,No,No,No,Residential,low,29510119300
580,38.59559,-90.29891,Ample,No,2,0,Yes,2,Yes,Yes,1,1,No,No,1,No,Yes,2,No,No,No,Residential,medium,29510114102
5810,38.64117,-90.23558,Ample,No,2,0,Yes,2,Yes,Yes,1,1,No,No,1,No,Yes,2,No,No,No,Residential,low,29510119300
5812,38.64368,-90.23579,Ample,No,2,0,Yes,2,Yes,Yes,1,0,No,No,1,Yes,Yes,2,No,No,Yes,Residential,medium,29510119300
5813,38.64514,-90.23567,Ample,No,2,0,Yes,2,Yes,Yes,1,1,No,No,1,Yes,Yes,2,No,No,No,Residential,high,29510111100
5814,38.64651,-90.23552,Ample,No,2,0,Yes,2,Yes,Yes,1,1,No,No,1,No,Yes,2,No,No,No,Commercial,medium,29510111100
5815,38.6481,-90.23549,Ample,No,2,0,Yes,2,Yes,Yes,1,1,No,No,1,No,Yes,2,No,No,Yes,Residential,high,29510111100
5816,38.64944,-90.23542,Ample,No,2,0,Yes,2,Yes,Yes,1,1,Yes,No,1,No,Yes,2,No,No,No,Residential,high,29510127700
5817,38.65078,-90.2355,Ample,No,0,0,Yes,2,Yes,Yes,1,1,No,No,1,No,Yes,2,No,No,No,Residential,low,29510127700
5818,38.65224,-90.23533,Ample,No,2,0,Yes,2,Yes,Yes,1,0,No,No,1,Yes,Yes,2,No,No,No,Residential,medium,29510127700
5819,38.65334,-90.23561,Some,No,2,0,Yes,2,No,Yes,1,1,No,No,1,No,Yes,2,No,No,No,Residential,medium,29510127700
581,38.59663,-90.29886,Ample,No,2,0,Yes,2,Yes,Yes,1,1,No,No,1,No,Yes,2,No,No,No,Residential,medium,29510114102
5820,38.65453,-90.2354,Ample,No,0,0,Yes,2,Yes,Yes,1,1,No,No,1,No,Yes,2,No,No,No,Residential,low,29510127700
5821,38.65594,-90.23562,Ample,No,2,0,Yes,2,No,Yes,1,1,No,No,1,Yes,Yes,2,No,Yes,No,Residential,high,29510111300
5822,38.65728,-90.2355,Some,No,2,0,Yes,2,No,Yes,1,1,No,No,1,No,Yes,2,No,No,No,Residential,low,29510111300
5823,38.65856,-90.2353,Ample,No,2,0,Yes,2,Yes,Yes,1,1,No,No,1,No,Yes,2,No,No,No,Residential,medium,29510111300
5824,38.66018,-90.23546,Ample,No,0,0,Yes,2,No,Yes,1,0,No,No,1,No,Yes,2,No,No,No,Residential,high,29510111300
5825,38.66145,-90.23554,Some,No,0,0,No,2,No,Yes,0,0,No,No,1,No,No,2,No,No,No,Residential,high,29510111300
5826,38.66272,-90.23566,Some,No,0,0,Yes,2,No,Yes,0,0,No,No,2,No,Yes,2,No,No,No,Residential,high,29510110300
5827,38.664,-90.23564,Ample,No,0,0,Yes,2,No,Yes,1,0,No,No,1,No,Yes,2,No,No,No,Residential,high,29510110300
5828,38.66554,-90.23588,Ample,No,2,0,Yes,2,No,Yes,1,1,No,No,1,Yes,Yes,2,No,No,No,Residential,low,29510110300
5829,38.66663,-90.23564,Ample,No,2,0,Yes,2,No,Yes,1,1,No,No,1,No,Yes,2,No,No,No,Residential,high,29510110300
582,38.59822,-90.29896,Ample,No,2,0,Yes,2,Yes,Yes,1,1,No,No,1,No,Yes,2,No,No,No,Residential,medium,29510114200
5830,38.66798,-90.23567,Ample,No,2,0,Yes,2,No,Yes,1,1,No,No,1,No,Yes,2,No,No,No,Residential,medium,29510110300
5831,38.66941,-90.23562,Ample,No,2,0,Yes,2,Yes,Yes,1,1,No,No,1,Yes,Yes,2,No,No,Yes,Commercial,medium,29510110200
5832,38.67083,-90.23565,Ample,No,2,0,Yes,2,Yes,Yes,1,1,No,No,1,No,Yes,2,No,No,No,Residential,high,29510110100
5833,38.67228,-90.2355,Ample,No,2,0,Yes,2,Yes,Yes,1,1,No,No,1,No,Yes,2,No,No,No,Residential,high,29510110100
5834,38.67362,-90.2355,Some,No,2,0,No,2,No,Yes,0,0,No,No,1,No,No,2,No,No,No,Residential,high,29510110100
5835,38.67491,-90.2355,No,No,0,0,Yes,2,No,Yes,0,0,No,No,1,No,Yes,2,No,No,No,Residential,high,29510110100
5836,38.67614,-90.23563,Ample,No,0,0,Yes,2,No,Yes,0,0,No,No,1,No,Yes,2,No,No,No,Residential,high,29510110100
5837,38.67749,-90.23568,Ample,No,2,0,Yes,2,Yes,Yes,1,1,No,No,1,No,Yes,2,No,No,Yes,Residential,high,29510126900
5838,38.67867,-90.23539,Ample,No,0,0,Yes,2,Yes,Yes,1,1,No,No,1,No,Yes,2,No,No,No,Residential,medium,29510126900
5839,38.68027,-90.23561,Some,No,2,0,Yes,2,No,Yes,1,1,No,No,1,No,Yes,2,No,No,No,Residential,high,29510126900
583,38.59952,-90.29887,Ample,No,2,0,Yes,2,No,Yes,0,0,No,No,1,No,Yes,2,No,No,No,Residential,high,29510114200
5840,38.68171,-90.2356,Some,No,2,0,Yes,2,No,Yes,0,0,No,No,1,No,Yes,2,No,No,No,Residential,medium,29510126900
5841,38.68296,-90.23562,Ample,No,0,0,No,2,Yes,Yes,1,0,No,No,1,No,Yes,2,No,No,No,Residential,high,29510107600
5842,38.6847,-90.23635,Ample,No,2,0,Yes,2,Yes,Yes,1,1,No,No,2,No,Yes,2,No,No,Yes,Commercial,high,29510107600
5843,38.68527,-90.23534,Ample,No,2,0,Yes,2,Yes,Yes,1,1,No,No,1,No,Yes,2,No,No,No,Commercial,high,29510107600
5845,38.68845,-90.23529,Ample,No,2,0,Yes,2,Yes,Yes,1,1,No,No,2,No,Yes,2,No,No,Yes,Residential,high,29510107600
5846,38.68966,-90.23564,Some,No,2,0,Yes,2,Yes,Yes,1,1,No,No,1,Yes,Yes,2,No,No,No,Residential,medium,29510107600
5847,38.69092,-90.23578,Ample,No,2,0,Yes,2,Yes,Yes,1,0,No,Yes,1,Yes,Yes,2,No,No,No,Residential,high,29510127000
584,38.60087,-90.29896,Ample,No,2,0,Yes,2,Yes,Yes,1,1,No,No,1,No,Yes,2,No,No,No,Residential,high,29510114200
5851,38.69601,-90.2353,Ample,No,2,0,Yes,2,Yes,Yes,1,0,No,No,2,Yes,Yes,2,No,No,No,Residential,high,29510108100
585,38.60206,-90.29919,Ample,No,2,0,Yes,2,Yes,Yes,1,1,No,No,1,No,Yes,2,No,No,No,Commercial,medium,29510103800
5861,38.70959,-90.23588,Ample,No,0,0,Yes,2,No,Yes,1,1,No,No,1,Yes,Yes,2,No,No,No,Residential,high,29510108100
5862,38.71124,-90.23561,Ample,No,2,0,Yes,2,Yes,Yes,0,0,No,No,2,Yes,Yes,2,No,No,No,Residential,high,29510108100
5863,38.71252,-90.23539,Ample,No,2,0,Yes,2,Yes,Yes,1,1,No,No,1,No,Yes,2,No,No,No,Residential,medium,29510108100
5864,38.71362,-90.23567,Ample,No,2,0,Yes,2,Yes,Yes,1,0,No,No,1,No,Yes,2,No,No,No,Residential,high,29510108100
5865,38.7155,-90.23559,Ample,No,2,0,Yes,2,Yes,Yes,1,1,No,No,1,No,Yes,2,No,No,No,Residential,medium,29510108200
5866,38.71659,-90.23554,Ample,No,2,0,Yes,2,Yes,Yes,1,1,Yes,Yes,1,Yes,Yes,2,No,Yes,Yes,Residential,high,29510108200
5867,38.71788,-90.23555,Ample,No,2,0,Yes,2,Yes,Yes,1,1,No,No,1,No,Yes,2,No,No,No,Residential,INVALID,29510108200
5868,38.71923,-90.23533,Ample,No,0,0,Yes,2,Yes,Yes,1,1,No,No,1,No,Yes,2,No,No,No,Residential,high,29510108300
5869,38.72082,-90.23556,Ample,No,2,0,Yes,2,Yes,Yes,1,0,No,No,1,No,Yes,2,No,No,No,Residential,high,29510108300
586,38.60324,-90.29849,Ample,No,2,0,Yes,2,Yes,Yes,1,1,No,No,1,No,Yes,2,No,No,No,Residential,medium,29510103400
5870,38.72198,-90.23545,Ample,No,0,0,Yes,2,No,Yes,0,0,No,No,1,Yes,Yes,2,No,No,No,Residential,high,29510108300
5871,38.72306,-90.23551,Ample,No,2,0,Yes,2,Yes,Yes,1,1,No,No,1,Yes,Yes,2,No,No,No,Residential,high,29510108300
5872,38.72448,-90.23594,Ample,No,2,0,Yes,2,No,Yes,1,0,No,No,1,No,Yes,2,No,No,No,Residential,medium,29510108300
5878,38.57055,-90.23583,Ample,No,0,0,Yes,2,Yes,Yes,1,1,Yes,Yes,1,Yes,Yes,2,No,No,No,Residential,high,29510115600
587,38.60534,-90.29911,Ample,No,2,0,Yes,2,Yes,Yes,1,1,No,Yes,1,No,Yes,2,No,No,No,Residential,medium,29510103400
5880,38.57239,-90.23431,Ample,Yes,2,0,Yes,2,Yes,Yes,1,1,No,No,1,No,Yes,2,No,No,No,Residential,low,29510115600
5881,38.57378,-90.23425,Ample,No,0,0,Yes,2,Yes,Yes,1,1,No,No,2,No,Yes,2,No,No,No,Residential,high,29510115600
5882,38.57505,-90.23391,Ample,No,2,0,Yes,2,Yes,Yes,1,1,Yes,No,1,Yes,Yes,2,No,No,No,Residential,high,29510115600
5883,38.57649,-90.23429,No,No,2,0,Yes,2,No,Yes,0,0,No,No,1,No,Yes,2,No,No,No,Residential,high,29510115600
5884,38.57787,-90.23431,Ample,No,2,0,Yes,2,Yes,Yes,1,1,Yes,No,1,No,Yes,2,No,No,No,Residential,high,29510115600
5885,38.57911,-90.23424,Ample,No,2,0,Yes,2,Yes,Yes,1,0,No,No,1,Yes,Yes,2,No,No,No,Residential,high,29510115600
5886,38.5805,-90.23395,Ample,No,2,0,Yes,2,Yes,Yes,1,1,No,No,1,No,Yes,2,No,No,No,Residential,medium,29510115700
5887,38.58154,-90.23435,Ample,No,2,0,Yes,2,Yes,Yes,1,1,No,No,1,No,Yes,2,No,No,No,Residential,high,29510115700
5888,38.58335,-90.23423,Ample,No,2,0,Yes,2,Yes,Yes,1,1,No,No,1,No,Yes,2,No,No,No,Residential,INVALID,29510124100
5889,38.58456,-90.23429,Ample,No,2,0,Yes,2,Yes,Yes,1,1,No,No,1,No,Yes,2,No,No,No,Residential,high,29510124100
588,38.60617,-90.29949,Ample,No,2,0,Yes,2,Yes,Yes,1,1,No,No,1,No,Yes,2,No,No,No,Residential,medium,29510103400
5890,38.58583,-90.23402,Ample,No,2,0,Yes,2,Yes,Yes,1,1,No,No,1,No,Yes,2,No,No,No,Residential,medium,29510124100
5891,38.58704,-90.23428,Ample,No,2,0,Yes,2,Yes,Yes,1,0,No,No,2,No,Yes,2,No,No,Yes,Residential,medium,29510124100
5892,38.58864,-90.23462,Ample,No,2,0,Yes,2,Yes,Yes,1,1,No,No,1,No,Yes,2,No,No,No,Residential,high,29510124100
5893,38.58991,-90.23436,Ample,No,2,0,Yes,2,Yes,Yes,1,1,Yes,No,1,No,Yes,2,No,No,No,Residential,medium,29510124100
5894,38.59124,-90.23408,Ample,No,2,0,Yes,2,Yes,Yes,1,0,No,No,1,No,Yes,2,No,No,No,Residential,medium,29510124100
5895,38.59256,-90.23433,Ample,No,2,0,Yes,2,Yes,Yes,1,0,No,No,1,No,Yes,2,No,No,No,Residential,medium,29510124100
5896,38.59393,-90.23428,Some,No,0,0,Yes,2,No,Yes,1,0,No,No,1,No,Yes,2,No,No,No,Residential,INVALID,29510124100
5897,38.59536,-90.23442,Ample,No,2,0,Yes,2,Yes,Yes,1,0,No,No,1,No,Yes,2,No,No,No,Residential,medium,29510116400
5898,38.59669,-90.23414,Ample,No,2,0,Yes,2,Yes,Yes,1,1,No,No,1,No,Yes,2,No,No,No,Residential,medium,29510116500
5899,38.59807,-90.2343,Ample,No,2,1,Yes,2,Yes,Yes,1,0,No,No,1,No,Yes,2,No,No,No,Residential,medium,29510116500
589,38.60741,-90.29871,Ample,No,2,0,Yes,2,Yes,Yes,1,1,No,No,1,No,Yes,2,No,No,No,Residential,low,29510103400
58,38.59267,-90.31375,Ample,No,2,0,Yes,2,Yes,Yes,1,1,No,No,1,No,Yes,2,No,No,No,Residential,medium,29510103100
5900,38.59953,-90.23444,Ample,No,2,0,Yes,2,Yes,Yes,1,0,No,No,1,No,Yes,2,No,No,No,Residential,high,29510116500
5901,38.60069,-90.23446,Ample,No,2,0,Yes,2,No,Yes,1,1,No,No,1,No,Yes,2,No,No,No,Residential,medium,29510116500
5902,38.60207,-90.23417,Ample,No,2,0,Yes,2,Yes,Yes,1,1,No,No,1,No,Yes,2,No,No,No,Residential,medium,29510116500
5903,38.60355,-90.23425,Ample,No,2,0,Yes,2,Yes,Yes,1,1,No,No,1,No,Yes,2,No,No,No,Residential,medium,29510116500
5904,38.60445,-90.23434,Ample,No,2,0,Yes,2,Yes,Yes,1,1,No,No,1,No,Yes,2,No,No,No,Residential,medium,29510116500
5905,38.60609,-90.23452,Ample,No,2,0,Yes,2,Yes,Yes,1,0,No,No,1,No,Yes,2,No,No,No,Residential,medium,29510117400
5906,38.60739,-90.23425,Ample,No,2,0,Yes,2,Yes,Yes,1,1,No,No,1,No,Yes,2,No,No,No,Residential,medium,29510117400
5907,38.60861,-90.23432,Ample,No,2,0,No,2,No,Yes,1,1,No,No,1,No,Yes,2,No,No,No,Residential,medium,29510117400
5908,38.61007,-90.23433,Ample,No,2,0,Yes,2,Yes,Yes,1,1,No,No,1,No,Yes,2,No,No,No,Residential,high,29510117400
5909,38.61119,-90.2344,Ample,No,2,0,Yes,2,Yes,Yes,1,1,No,No,1,No,Yes,2,No,No,No,Residential,medium,29510117400
590,38.60884,-90.29894,Ample,No,2,0,Yes,2,No,Yes,1,1,No,No,1,No,Yes,2,No,No,No,Residential,high,29510103400
5910,38.61292,-90.23428,Some,No,2,0,Yes,2,No,Yes,1,1,No,No,1,No,Yes,2,No,No,No,Residential,medium,29510127300
5911,38.61417,-90.23402,Ample,No,2,0,Yes,2,Yes,Yes,1,0,No,No,1,No,Yes,2,No,No,No,Residential,high,29510127300
5912,38.61544,-90.23433,Ample,No,0,0,Yes,2,Yes,Yes,1,1,No,No,1,No,Yes,2,No,No,No,Residential,high,29510127300
5913,38.61691,-90.2343,Ample,No,2,0,Yes,2,Yes,Yes,0,0,No,No,1,No,Yes,2,No,No,No,Residential,INVALID,29510127300
5914,38.61828,-90.23425,Ample,No,2,0,Yes,2,Yes,Yes,1,1,Yes,No,1,Yes,Yes,2,No,No,Yes,Residential,medium,29510127300
5915,38.61958,-90.23414,Ample,No,2,0,Yes,2,Yes,Yes,1,0,No,No,1,No,Yes,2,No,No,No,Residential,high,29510127300
5916,38.62103,-90.23422,Ample,No,2,0,Yes,2,No,Yes,1,1,No,No,1,No,Yes,2,No,No,No,Residential,high,29510127300
5917,38.62198,-90.23442,Ample,No,2,0,Yes,2,No,Yes,1,1,No,No,1,No,Yes,2,No,No,No,Residential,high,29510127300
5918,38.62375,-90.23428,Ample,No,2,0,Yes,2,Yes,Yes,1,1,No,No,1,Yes,Yes,2,No,No,No,Commercial,high,29510127300
5919,38.62494,-90.23409,Ample,No,2,0,Yes,2,No,Yes,1,1,No,No,1,No,Yes,2,No,No,No,Residential,low,29510127300
591,38.61028,-90.29892,No,No,2,0,Yes,2,Yes,Yes,0,0,No,No,2,No,Yes,2,No,No,No,Residential,high,29510103400
5920,38.62651,-90.23425,Ample,No,2,0,Yes,2,Yes,Yes,1,1,No,No,1,No,Yes,2,No,No,No,Commercial,low,29510127800
5921,38.62752,-90.23431,Ample,No,2,0,No,2,No,Yes,1,1,No,No,1,No,Yes,2,No,No,No,Commercial,INVALID,29510127800
5922,38.62951,-90.23411,Ample,No,2,0,Yes,2,Yes,Yes,1,1,No,No,1,No,Yes,2,No,No,No,Commercial,low,29510127800
5923,38.63051,-90.23424,Ample,No,0,0,Yes,2,Yes,Yes,1,1,Yes,Yes,1,No,Yes,2,No,No,No,Commercial,low,29510127800
5924,38.63188,-90.23441,Ample,No,0,0,Yes,2,Yes,Yes,1,1,No,No,1,No,Yes,2,No,No,No,Commercial,low,29510127800
5925,38.63302,-90.23428,Ample,No,2,0,Yes,2,Yes,Yes,1,1,No,Yes,1,No,Yes,2,No,No,Yes,Commercial,high,29510118600
5926,38.63452,-90.23421,Ample,No,2,1,Yes,2,Yes,Yes,1,1,No,Yes,1,Yes,Yes,2,No,No,No,Commercial,high,29510119300
5927,38.6356,-90.23425,Ample,No,2,0,No,2,No,Yes,0,0,No,No,1,No,No,2,No,No,No,Commercial,low,29510119300
5928,38.63725,-90.23479,Ample,No,2,0,Yes,2,Yes,Yes,1,1,No,No,1,Yes,Yes,2,No,No,Yes,Commercial,medium,29510119300
5929,38.63865,-90.23467,Ample,No,2,0,Yes,2,Yes,Yes,1,1,No,No,1,No,Yes,2,No,No,No,Commercial,medium,29510119300
592,38.61146,-90.29859,Ample,No,2,0,Yes,2,Yes,Yes,1,1,No,No,1,No,Yes,2,No,No,No,Residential,medium,29510103400
5930,38.63972,-90.23433,Ample,No,2,0,Yes,2,Yes,Yes,1,1,No,No,2,No,Yes,2,No,No,No,Commercial,INVALID,29510119300
5931,38.64118,-90.23422,Ample,No,2,0,Yes,2,No,Yes,0,0,No,No,1,No,Yes,2,No,No,No,Residential,low,29510119300
5932,38.64242,-90.2341,Ample,No,2,0,Yes,2,Yes,Yes,1,1,No,No,1,Yes,Yes,2,No,No,No,Residential,high,29510119300
5933,38.64354,-90.23332,Ample,No,2,0,Yes,2,Yes,Yes,1,1,No,No,1,Yes,Yes,2,No,No,No,Residential,medium,29510119300
5934,38.64519,-90.23432,Ample,No,2,0,Yes,2,Yes,Yes,1,1,No,No,1,No,Yes,2,No,No,No,Residential,high,29510111100
5935,38.64641,-90.23436,Ample,No,2,0,Yes,2,Yes,Yes,1,0,No,No,1,No,Yes,2,No,No,No,Residential,high,29510111100
5936,38.64796,-90.23448,Ample,No,2,1,Yes,2,Yes,Yes,1,1,No,No,1,No,Yes,2,No,No,No,Residential,high,29510111100
5937,38.64899,-90.2344,Ample,No,2,0,Yes,2,Yes,Yes,1,1,No,No,1,No,Yes,2,No,No,No,Residential,high,29510127700
5938,38.65033,-90.23449,Ample,No,2,0,Yes,2,Yes,Yes,1,1,No,No,1,No,Yes,2,No,No,No,Residential,low,29510127700
5939,38.65184,-90.23425,Ample,Yes,0,0,Yes,2,Yes,Yes,1,1,Yes,Yes,1,No,Yes,2,No,No,No,Residential,low,29510127700
593,38.61314,-90.299,Ample,No,2,0,Yes,2,Yes,Yes,1,1,No,No,1,No,Yes,2,No,No,No,Residential,medium,29510103600
5940,38.6532,-90.23426,Some,No,0,0,Yes,2,No,Yes,0,0,No,No,1,No,Yes,2,No,No,No,Residential,INVALID,29510127700
5941,38.65463,-90.2342,Some,No,0,0,Yes,2,Yes,Yes,1,1,No,No,1,No,Yes,2,No,No,No,Residential,low,29510127700
5942,38.65601,-90.23436,Ample,No,0,0,Yes,2,No,Yes,1,1,No,No,1,No,Yes,2,No,No,No,Residential,low,29510127700
5943,38.65723,-90.23418,Some,No,0,0,Yes,2,Yes,Yes,0,0,No,No,1,No,Yes,2,No,No,No,Residential,high,29510127700
5944,38.6587,-90.23448,Some,No,2,0,Yes,2,No,Yes,1,0,No,No,1,No,Yes,2,No,No,No,Residential,high,29510111300
5945,38.65996,-90.2343,Ample,No,2,0,Yes,2,Yes,Yes,1,1,No,No,1,No,Yes,2,No,No,No,Residential,high,29510111300
5946,38.66147,-90.23418,Ample,No,2,0,Yes,2,Yes,Yes,1,1,No,No,1,No,Yes,2,No,No,No,Residential,high,29510111300
5947,38.6627,-90.23432,Ample,No,2,0,Yes,2,Yes,Yes,1,1,No,No,1,No,Yes,2,No,No,No,Residential,high,29510110300
5948,38.66382,-90.23374,Ample,No,0,0,Yes,2,No,Yes,1,1,No,No,1,No,Yes,2,No,No,No,Residential,high,29510110300
5949,38.66532,-90.23428,Ample,No,2,0,Yes,2,Yes,Yes,0,0,No,No,2,No,Yes,2,No,No,No,Residential,high,29510110300
594,38.61401,-90.29897,Ample,No,2,0,Yes,2,Yes,Yes,1,1,No,No,1,No,Yes,2,No,No,No,Residential,high,29510103600
5950,38.66669,-90.23429,Ample,No,0,0,Yes,2,No,Yes,1,0,No,No,1,No,Yes,2,No,No,No,Residential,high,29510110300
5951,38.66806,-90.23425,Some,No,0,0,Yes,2,No,Yes,0,0,No,No,1,No,Yes,2,No,No,No,Residential,high,29510110300
5952,38.66933,-90.23441,Some,No,0,0,Yes,2,No,Yes,1,1,No,No,1,No,Yes,2,No,No,No,Residential,high,29510110200
5953,38.67078,-90.23428,Ample,No,2,0,Yes,2,Yes,Yes,1,1,No,No,2,No,Yes,2,No,No,No,Residential,high,29510110200
5954,38.67228,-90.23417,Ample,No,2,0,Yes,2,No,Yes,0,0,No,No,2,No,Yes,2,No,No,No,Residential,low,29510110200
5955,38.67344,-90.23432,Ample,No,2,0,Yes,2,Yes,Yes,1,1,No,No,1,No,Yes,2,No,No,No,Residential,low,29510110100
5956,38.67501,-90.23408,Ample,No,2,0,Yes,2,No,Yes,1,1,No,No,1,No,Yes,2,No,No,No,Residential,high,29510110100
5957,38.67602,-90.23441,Ample,No,2,0,Yes,2,Yes,Yes,1,1,No,No,1,No,Yes,2,No,No,No,Residential,high,29510110100
5958,38.67736,-90.23434,Ample,No,2,0,Yes,2,No,Yes,1,0,No,No,1,No,Yes,2,No,No,No,Residential,high,29510110100
5959,38.67913,-90.23406,Ample,No,2,0,Yes,2,Yes,Yes,1,0,No,No,1,No,Yes,2,No,No,No,Residential,medium,29510109600
595,38.61518,-90.29871,Ample,No,0,0,No,2,Yes,Yes,1,1,No,No,2,No,Yes,2,No,No,No,Commercial,high,29510103600
5960,38.68015,-90.23431,Ample,No,2,0,Yes,2,Yes,Yes,1,0,No,No,2,No,Yes,2,No,No,No,Residential,medium,29510126900
5961,38.68151,-90.23446,Some,No,0,0,Yes,2,No,Yes,0,0,No,No,1,No,Yes,2,No,No,No,Residential,high,29510126900
5962,38.68287,-90.23428,Ample,No,2,0,No,2,Yes,Yes,1,0,No,No,1,No,Yes,2,No,No,No,Residential,high,29510107600
5964,38.68579,-90.23442,Ample,No,2,0,Yes,2,Yes,Yes,1,1,No,No,2,No,Yes,2,No,No,No,Residential,medium,29510107600
5965,38.68709,-90.23412,Ample,No,2,0,Yes,2,Yes,Yes,1,1,No,No,2,No,Yes,2,No,No,No,Residential,high,29510107600
5966,38.68834,-90.23425,Ample,No,2,0,Yes,2,Yes,Yes,1,1,No,No,2,No,Yes,2,No,No,Yes,Residential,high,29510107600
5967,38.6895,-90.23453,Ample,No,2,0,No,2,Yes,Yes,1,1,No,No,1,Yes,Yes,2,No,No,No,Residential,high,29510127000
5972,38.69653,-90.23435,Ample,No,2,0,Yes,2,Yes,Yes,1,0,No,No,2,Yes,Yes,2,No,No,No,Residential,high,29510108100
597,38.61846,-90.29906,Ample,No,2,0,Yes,2,Yes,Yes,1,1,No,Yes,1,No,Yes,2,No,No,Yes,Commercial,high,29510126800
5981,38.70864,-90.23409,Ample,No,0,0,Yes,2,No,Yes,1,1,No,No,1,No,Yes,2,No,No,No,Residential,high,29510108100
5982,38.70963,-90.23419,Some,No,2,0,Yes,2,Yes,Yes,1,1,No,No,2,Yes,Yes,2,No,No,No,Residential,low,29510108100
5983,38.71075,-90.23418,Ample,No,2,0,Yes,2,Yes,Yes,1,1,No,No,2,No,Yes,2,No,No,No,Residential,high,29510108100
5984,38.7125,-90.23427,Ample,No,2,0,Yes,2,Yes,Yes,0,0,No,No,1,No,Yes,2,No,No,No,Residential,high,29510108100
5985,38.71342,-90.23418,Ample,No,2,0,Yes,2,Yes,Yes,1,0,No,No,1,No,Yes,2,No,No,No,Residential,high,29510108100
5986,38.71536,-90.23424,Ample,No,1,0,Yes,2,Yes,Yes,1,1,No,No,1,No,Yes,2,No,No,No,Residential,high,29510108200
5987,38.7165,-90.23428,No,No,0,0,Yes,2,No,Yes,1,1,No,No,1,No,Yes,2,No,No,No,Residential,high,29510108200
5988,38.71798,-90.23421,Ample,No,2,0,Yes,2,No,Yes,1,1,No,No,1,No,Yes,2,No,No,No,Residential,high,29510108200
5989,38.71933,-90.23421,Ample,No,2,0,Yes,2,No,Yes,1,1,No,No,1,No,Yes,2,No,No,No,Residential,high,29510108300
598,38.61971,-90.29902,Ample,No,2,0,Yes,2,Yes,Yes,1,1,Yes,Yes,1,No,Yes,2,No,No,Yes,Commercial,low,29510126800
5990,38.7207,-90.23429,Ample,No,2,0,Yes,2,Yes,Yes,1,1,No,No,1,No,Yes,2,No,No,No,Residential,medium,29510108300
5991,38.72203,-90.23432,Ample,No,0,0,Yes,2,No,Yes,0,0,No,No,1,No,No,2,No,No,No,Residential,high,29510108300
5992,38.72336,-90.23425,Ample,No,2,0,Yes,2,Yes,Yes,1,0,No,No,1,No,Yes,2,No,No,No,Residential,high,29510108300
5993,38.72463,-90.23417,Ample,No,2,0,Yes,2,Yes,Yes,1,0,No,No,1,No,Yes,2,No,No,No,Residential,medium,29510108300
5999,38.57261,-90.23279,Ample,No,0,0,Yes,2,No,Yes,1,1,No,No,1,No,Yes,2,No,No,No,Residential,low,29510115600
599,38.62115,-90.29907,Ample,No,2,0,Yes,2,Yes,Yes,1,1,No,No,1,No,Yes,2,No,No,No,Residential,high,29510126800
59,38.59358,-90.31384,Ample,No,2,0,Yes,2,Yes,Yes,1,0,No,No,1,No,Yes,2,No,No,No,Residential,medium,29510103800
5,38.5892,-90.31782,Ample,No,2,0,Yes,2,Yes,Yes,1,1,No,No,1,Yes,Yes,2,No,No,No,Residential,medium,29510103100
6000,38.57372,-90.23293,Ample,Yes,0,0,Yes,2,No,Yes,1,1,No,No,1,No,Yes,2,No,No,No,Residential,high,29510115600
6001,38.57506,-90.2329,Ample,No,0,0,No,2,Yes,Yes,1,0,No,No,1,Yes,Yes,2,No,Yes,No,Residential,high,29510115600
6002,38.57644,-90.23283,Ample,No,2,0,Yes,2,Yes,Yes,1,0,No,No,1,No,Yes,2,No,No,No,Residential,high,29510115600
6003,38.5777,-90.23298,Ample,No,2,0,Yes,2,Yes,Yes,1,1,No,No,1,No,Yes,2,No,No,No,Residential,medium,29510115600
6004,38.57906,-90.23292,Ample,No,2,0,Yes,2,No,Yes,0,0,No,No,1,No,Yes,2,No,No,No,Residential,medium,29510115600
6005,38.58045,-90.23279,Ample,No,2,0,Yes,2,Yes,Yes,1,1,Yes,No,1,No,Yes,2,No,No,No,Residential,medium,29510115700
6006,38.58183,-90.2325,Ample,No,2,0,Yes,2,Yes,Yes,1,0,No,No,1,No,Yes,2,No,No,No,Residential,high,29510115700
6007,38.58319,-90.2329,Ample,No,2,0,Yes,2,Yes,Yes,1,1,No,No,1,No,Yes,2,No,No,No,Residential,medium,29510124100
6008,38.58453,-90.23311,Ample,No,2,0,Yes,2,Yes,Yes,1,0,No,No,1,No,Yes,2,No,No,No,Residential,high,29510124100
6009,38.58589,-90.23283,Ample,No,2,0,Yes,2,Yes,Yes,1,0,No,No,1,No,Yes,2,No,No,No,Residential,medium,29510124100
600,38.62228,-90.29924,Ample,No,2,0,Yes,2,Yes,Yes,1,1,No,No,1,No,Yes,2,No,No,No,Residential,high,29510126800
6010,38.58718,-90.23257,Ample,No,2,0,Yes,2,Yes,Yes,1,1,No,No,1,No,Yes,2,No,No,No,Residential,medium,29510124100
6011,38.5887,-90.23289,Ample,No,2,0,Yes,2,Yes,Yes,1,1,No,No,1,No,Yes,2,No,No,No,Residential,high,29510124100
6012,38.58993,-90.23318,Ample,No,2,0,Yes,2,Yes,Yes,1,0,No,No,1,No,Yes,2,No,No,Yes,Residential,medium,29510124100
6013,38.59131,-90.23289,Ample,No,2,0,Yes,2,Yes,Yes,1,1,No,No,1,No,Yes,2,No,No,No,Residential,medium,29510124100
6014,38.59239,-90.23294,Ample,No,2,0,Yes,2,Yes,Yes,1,1,No,No,2,No,Yes,2,No,No,No,Residential,medium,29510124100
6015,38.59377,-90.23294,Ample,No,2,0,Yes,2,No,Yes,0,0,No,No,1,No,Yes,2,No,No,No,Residential,high,29510124100
6016,38.59535,-90.23323,Ample,No,2,0,Yes,2,Yes,Yes,1,1,No,No,1,No,Yes,2,No,No,No,Residential,high,29510116400
6017,38.59666,-90.23295,Ample,No,2,0,Yes,2,Yes,Yes,1,1,No,No,1,No,Yes,2,No,No,No,Residential,medium,29510116500
6018,38.59789,-90.23291,Ample,No,2,0,Yes,2,Yes,Yes,1,0,Yes,No,1,No,Yes,2,No,No,No,Residential,medium,29510116500
6019,38.59973,-90.23285,Ample,No,2,0,Yes,2,Yes,Yes,1,1,No,No,1,No,Yes,2,No,No,No,Residential,low,29510116500
601,38.62358,-90.29894,Ample,No,2,0,Yes,2,Yes,Yes,1,1,No,No,1,No,Yes,2,No,No,No,Residential,high,29510126800
6020,38.60057,-90.23282,Ample,No,2,1,Yes,2,Yes,Yes,1,1,No,No,1,No,Yes,2,No,No,No,Commercial,medium,29510116500
6021,38.60206,-90.233,Ample,No,2,0,Yes,2,Yes,Yes,1,1,No,No,1,Yes,Yes,2,No,No,No,Residential,medium,29510116500
6022,38.60338,-90.23296,Ample,No,2,0,Yes,2,Yes,Yes,1,1,No,No,1,No,Yes,2,No,No,No,Residential,medium,29510116500
6023,38.60469,-90.23299,Some,No,2,0,Yes,2,Yes,Yes,1,0,No,No,1,No,Yes,2,No,No,No,Residential,INVALID,29510116500
6024,38.60605,-90.23278,Ample,No,2,0,Yes,2,Yes,Yes,1,1,No,No,1,No,Yes,2,No,No,No,Residential,high,29510117400
6025,38.60743,-90.23307,Ample,No,2,0,Yes,2,Yes,Yes,1,1,No,No,1,No,Yes,2,No,No,No,Residential,high,29510117400
6026,38.6089,-90.23294,Ample,No,2,0,Yes,2,Yes,Yes,1,1,No,No,1,No,Yes,2,No,No,No,Residential,high,29510117400
6027,38.60993,-90.23289,Ample,No,2,0,Yes,2,Yes,Yes,1,1,No,No,2,Yes,Yes,2,No,No,No,Residential,high,29510117400
6028,38.61154,-90.23338,Ample,No,2,0,Yes,2,No,Yes,1,1,No,No,1,Yes,Yes,2,No,No,No,Residential,medium,29510117400
6029,38.6129,-90.23311,Ample,No,2,0,Yes,2,Yes,Yes,1,0,No,No,1,No,Yes,2,No,No,No,Residential,high,29510127300
602,38.62466,-90.29911,Ample,No,2,0,Yes,2,Yes,Yes,1,1,No,No,1,No,Yes,2,No,No,No,Residential,high,29510104200
6030,38.61417,-90.23283,Ample,No,2,0,Yes,2,Yes,Yes,1,0,Yes,No,1,No,Yes,2,No,No,No,Residential,high,29510127300
6031,38.61554,-90.23291,Ample,No,0,0,Yes,2,Yes,Yes,1,0,No,No,2,No,Yes,2,No,No,No,Residential,high,29510127300
6032,38.61674,-90.23291,Some,No,2,0,Yes,2,No,Yes,1,1,No,No,1,No,Yes,2,No,No,No,Residential,high,29510127300
6033,38.6181,-90.2329,Ample,No,2,0,Yes,2,Yes,Yes,1,1,No,No,1,Yes,Yes,2,No,No,No,Residential,high,29510127300
6034,38.61948,-90.2329,Ample,No,2,0,Yes,2,Yes,Yes,0,0,No,No,2,No,Yes,2,No,No,No,Residential,high,29510127300
6035,38.62077,-90.23296,Ample,No,0,0,Yes,2,No,Yes,1,1,No,No,1,Yes,Yes,2,No,No,No,Residential,high,29510127300
6036,38.62257,-90.23287,Ample,No,2,0,Yes,2,Yes,Yes,1,1,No,No,1,Yes,Yes,2,No,No,No,Commercial,high,29510127300
6037,38.6236,-90.23304,Ample,No,2,0,Yes,2,Yes,Yes,1,1,No,No,1,Yes,Yes,2,No,No,Yes,Residential,high,29510127300
6038,38.6252,-90.23288,Ample,No,2,0,Yes,2,Yes,Yes,1,1,No,No,1,No,Yes,2,No,No,No,Commercial,low,29510127800
6039,38.62625,-90.23295,Ample,No,0,0,Yes,2,Yes,Yes,1,1,No,No,1,No,Yes,2,No,No,No,Commercial,low,29510127800
603,38.62639,-90.29897,Ample,No,2,0,Yes,2,Yes,Yes,1,1,No,No,1,No,Yes,2,No,No,No,Residential,high,29510104200
6040,38.6277,-90.23324,Ample,No,2,0,Yes,2,No,Yes,0,0,No,No,1,No,Yes,2,No,No,No,Commercial,INVALID,29510127800
6041,38.629,-90.23287,Ample,No,2,0,Yes,2,Yes,Yes,1,1,No,No,1,No,Yes,2,No,No,No,Commercial,INVALID,29510127800
6042,38.63027,-90.23298,Ample,No,2,0,Yes,2,Yes,Yes,1,1,No,No,1,No,Yes,2,No,No,No,Commercial,INVALID,29510127800
6043,38.63221,-90.23278,Ample,No,2,0,Yes,2,Yes,Yes,1,1,No,No,1,No,Yes,2,No,No,Yes,Commercial,high,29510127800
6044,38.633,-90.23292,Ample,No,2,0,Yes,2,Yes,Yes,0,0,No,No,1,No,Yes,2,No,No,No,Commercial,high,29510127800
6045,38.63426,-90.23294,Ample,No,2,0,Yes,2,Yes,Yes,1,1,Yes,Yes,1,No,Yes,2,No,No,No,Residential,medium,29510127800
6046,38.63583,-90.23327,Ample,No,2,0,Yes,2,Yes,Yes,1,1,Yes,Yes,2,Yes,Yes,2,No,No,Yes,Residential,high,29510127800
6047,38.63709,-90.23283,Ample,No,2,0,Yes,2,Yes,Yes,1,1,Yes,Yes,2,Yes,Yes,2,No,No,Yes,Commercial,high,29510119300
6048,38.63847,-90.23291,Ample,No,2,0,Yes,2,Yes,Yes,1,1,No,No,1,No,Yes,2,No,No,No,Commercial,high,29510119300
6049,38.63993,-90.23277,Ample,No,2,0,Yes,2,Yes,Yes,1,1,Yes,Yes,1,No,Yes,2,No,No,No,Commercial,low,29510119300
604,38.62778,-90.29898,Ample,No,2,0,Yes,2,Yes,Yes,1,1,No,No,1,No,Yes,2,No,No,No,Residential,high,29510104200
6050,38.64119,-90.23291,Ample,No,2,0,Yes,2,Yes,Yes,1,1,No,No,1,No,Yes,2,No,No,No,Commercial,low,29510119300
6051,38.64244,-90.23297,Ample,No,2,0,Yes,2,Yes,Yes,1,1,No,No,2,No,Yes,2,No,No,No,Commercial,INVALID,29510119300
6052,38.64391,-90.23285,Ample,No,2,0,Yes,2,No,Yes,1,1,No,No,1,No,Yes,2,No,No,Yes,Residential,high,29510111100
6053,38.64514,-90.2329,Some,No,0,0,Yes,2,No,Yes,0,0,No,No,1,No,Yes,2,No,No,No,Residential,high,29510111100
6054,38.64642,-90.233,Ample,No,0,0,Yes,2,No,Yes,0,0,No,No,1,No,Yes,2,No,No,No,Residential,high,29510111100
6055,38.64769,-90.23305,Some,No,0,0,No,2,No,Yes,0,0,No,No,1,No,Yes,2,No,No,No,Residential,high,29510111100
6056,38.64909,-90.23308,Some,No,0,0,No,2,No,Yes,0,0,No,No,1,No,No,2,No,No,No,Residential,high,29510127700
6057,38.6505,-90.23269,Ample,No,2,0,Yes,2,Yes,Yes,1,1,No,No,1,Yes,Yes,2,No,No,No,Residential,high,29510127700
6058,38.65172,-90.23306,Ample,No,0,0,Yes,2,No,Yes,0,0,No,No,2,No,Yes,2,No,No,No,Residential,low,29510127700
6059,38.65312,-90.23297,Ample,No,2,0,Yes,2,Yes,Yes,1,1,No,No,1,No,Yes,2,No,No,No,Residential,low,29510127700
605,38.62904,-90.29899,Ample,No,2,0,Yes,2,Yes,Yes,1,0,No,No,1,No,Yes,2,No,No,No,Residential,high,29510104200
6060,38.65457,-90.23295,Some,No,0,0,Yes,2,No,Yes,0,0,No,No,1,No,Yes,2,No,No,No,Residential,low,29510127700
6061,38.65601,-90.23287,Ample,No,2,0,Yes,2,No,Yes,1,1,No,No,1,No,Yes,2,No,No,No,Residential,low,29510127700
6062,38.6571,-90.23311,Ample,No,2,0,Yes,2,No,Yes,1,1,No,No,1,No,Yes,2,No,No,No,Residential,high,29510127700
6063,38.65855,-90.23303,Ample,No,2,0,Yes,2,Yes,Yes,1,1,No,No,1,No,Yes,2,No,No,No,Residential,low,29510127700
6064,38.65975,-90.23302,Ample,No,2,0,Yes,2,Yes,Yes,1,1,No,No,1,No,Yes,2,No,No,No,Residential,high,29510127700
6065,38.6615,-90.23286,Some,No,2,0,Yes,2,No,Yes,0,0,No,No,1,No,Yes,2,No,No,No,Residential,INVALID,29510110300
6066,38.66273,-90.23292,Some,No,2,0,Yes,2,Yes,Yes,1,0,No,No,1,No,Yes,2,No,No,No,Residential,high,29510110300
6067,38.66407,-90.23293,No,No,0,0,Yes,2,No,Yes,0,0,No,No,1,No,Yes,2,No,No,No,Residential,high,29510110300
6068,38.66544,-90.23291,Some,No,2,0,Yes,2,Yes,Yes,1,1,No,No,1,Yes,Yes,2,No,No,No,Residential,high,29510110300
6069,38.6668,-90.23295,Ample,No,2,0,Yes,2,Yes,Yes,1,1,No,No,1,No,Yes,2,No,No,No,Residential,low,29510110300
606,38.63061,-90.29891,Ample,No,2,1,Yes,2,Yes,Yes,1,1,No,No,1,No,Yes,2,No,No,No,Residential,high,29510104200
6070,38.6682,-90.23286,Ample,Yes,2,0,Yes,2,Yes,Yes,1,1,No,No,1,No,Yes,2,No,No,No,Residential,high,29510110300
6071,38.66938,-90.2327,Ample,No,2,0,Yes,2,Yes,Yes,1,1,No,No,1,No,Yes,2,No,No,No,Residential,low,29510110200
6072,38.67068,-90.23296,Some,No,2,0,Yes,2,Yes,Yes,1,0,No,No,1,No,Yes,2,No,No,No,Residential,high,29510110200
6073,38.67224,-90.23285,Ample,No,2,0,Yes,2,No,Yes,1,1,Yes,No,1,No,Yes,2,No,No,Yes,Residential,high,29510110200
6074,38.67365,-90.23276,Some,Yes,0,0,No,2,No,Yes,0,0,No,No,1,No,Yes,2,No,No,No,Residential,high,29510110200
6075,38.6749,-90.23282,Ample,No,2,0,Yes,2,Yes,Yes,1,0,No,No,1,No,Yes,2,No,No,No,Commercial,low,29510110100
6076,38.67627,-90.23291,Ample,No,2,0,Yes,2,No,Yes,1,1,No,No,1,No,Yes,2,No,No,Yes,Residential,medium,29510110100
6077,38.67726,-90.2331,Ample,No,2,0,Yes,2,Yes,Yes,1,1,No,No,1,No,Yes,2,No,No,No,Residential,high,29510110100
6078,38.67902,-90.23311,Ample,No,2,0,Yes,2,Yes,Yes,1,1,No,No,1,No,Yes,2,No,No,No,Residential,medium,29510109600
6079,38.68033,-90.23314,Ample,No,2,0,Yes,2,Yes,Yes,1,0,No,No,1,No,Yes,2,No,No,Yes,Residential,high,29510126900
607,38.63211,-90.29893,Ample,No,0,0,Yes,2,Yes,Yes,1,0,No,No,1,No,Yes,2,No,No,No,Residential,high,29510112100
6080,38.68162,-90.23281,Ample,No,2,0,Yes,2,Yes,Yes,1,1,No,No,1,No,Yes,2,No,No,No,Residential,INVALID,29510126900
6081,38.68292,-90.23295,Ample,No,0,0,No,2,Yes,Yes,1,1,No,No,2,No,Yes,2,No,No,No,Commercial,high,29510107600
6083,38.68564,-90.23277,Ample,No,0,0,Yes,2,No,Yes,1,1,No,No,2,No,Yes,2,No,No,No,Commercial,INVALID,29510107600
6084,38.6867,-90.23277,Ample,No,2,0,Yes,2,Yes,Yes,1,1,No,No,2,No,Yes,2,No,No,No,Residential,INVALID,29510107600
6085,38.68807,-90.23328,Ample,No,2,0,No,2,Yes,Yes,1,1,No,No,1,Yes,Yes,2,No,No,No,Residential,high,29510107600
608,38.63301,-90.29893,Ample,No,0,0,Yes,2,Yes,Yes,1,1,No,No,1,No,Yes,2,No,No,No,Residential,high,29510112100
6092,38.69743,-90.23267,Ample,No,2,0,Yes,2,Yes,Yes,1,1,No,No,1,Yes,Yes,2,No,No,No,Residential,high,29510108100
6099,38.70759,-90.23249,Ample,No,0,0,Yes,2,Yes,Yes,1,1,No,No,2,No,Yes,2,No,No,No,Residential,high,29510108100
609,38.63436,-90.29886,Ample,No,0,0,Yes,2,Yes,Yes,0,0,No,Yes,2,Yes,Yes,2,No,No,No,Residential,low,29510112100
6100,38.70873,-90.23267,Ample,No,2,0,Yes,2,Yes,Yes,1,1,No,No,1,No,Yes,2,No,No,No,Residential,medium,29510108100
6101,38.70989,-90.23298,Ample,No,0,0,Yes,2,Yes,Yes,1,1,No,No,1,No,Yes,2,No,No,Yes,Residential,high,29510108100
6102,38.71121,-90.23294,Ample,No,0,0,No,2,No,Yes,0,0,No,No,1,No,Yes,2,No,No,No,Residential,medium,29510108100
6103,38.71252,-90.23292,Ample,No,0,0,Yes,2,Yes,Yes,1,1,No,No,1,No,Yes,2,No,No,No,Residential,low,29510108100
6104,38.71384,-90.23304,Ample,No,2,0,Yes,2,Yes,Yes,1,1,No,No,1,No,Yes,2,No,No,No,Residential,high,29510108100
6105,38.7152,-90.23293,Ample,No,2,0,Yes,2,Yes,Yes,1,0,No,No,2,No,Yes,2,No,No,No,Residential,high,29510108200
6106,38.71655,-90.23315,Ample,No,2,0,Yes,2,Yes,Yes,1,1,No,No,1,No,Yes,2,No,No,No,Residential,high,29510108200
6107,38.71798,-90.2331,Ample,No,2,0,Yes,2,Yes,Yes,1,1,No,No,1,No,Yes,2,No,No,No,Residential,high,29510108200
6108,38.71929,-90.23287,Ample,No,2,0,Yes,2,Yes,Yes,1,1,No,No,1,No,Yes,2,No,No,No,Residential,high,29510108300
6109,38.72056,-90.23293,Ample,No,2,0,Yes,2,Yes,Yes,1,1,No,No,1,No,Yes,2,No,No,No,Residential,medium,29510108300
610,38.63596,-90.29875,Ample,No,0,0,Yes,2,No,Yes,0,0,No,No,2,Yes,Yes,2,No,No,No,Residential,high,29510112100
6110,38.72189,-90.2329,Ample,No,2,0,Yes,2,Yes,Yes,0,0,No,No,2,No,Yes,2,No,No,No,Residential,high,29510108300
6111,38.72321,-90.23298,Ample,No,2,0,Yes,2,Yes,Yes,1,1,No,No,1,No,Yes,2,No,No,No,Residential,high,29510108300
6112,38.72443,-90.23271,Ample,No,2,0,Yes,2,Yes,Yes,1,1,No,No,1,No,Yes,2,No,No,No,Residential,high,29510108300
6113,38.72568,-90.23306,Ample,No,2,0,Yes,2,Yes,Yes,1,0,No,No,1,No,Yes,2,No,No,No,Residential,high,29510108300
611,38.6371,-90.29903,Ample,No,0,0,Yes,2,Yes,Yes,1,0,No,No,1,Yes,Yes,2,No,No,Yes,Residential,high,29510112100
6120,38.57504,-90.23138,Ample,No,0,0,Yes,2,No,Yes,1,0,No,No,2,No,Yes,2,No,No,No,Residential,INVALID,29510115600
6121,38.57666,-90.23152,Ample,No,0,0,Yes,2,Yes,Yes,1,1,No,No,1,No,Yes,2,No,No,Yes,Commercial,low,29510115600
6122,38.57773,-90.23147,Ample,No,2,0,Yes,2,Yes,Yes,1,0,No,No,1,No,Yes,2,No,No,No,Residential,medium,29510115600
6123,38.57934,-90.23153,Ample,No,2,0,Yes,2,Yes,Yes,1,0,No,No,1,No,Yes,2,No,No,No,Residential,high,29510115600
6124,38.58028,-90.23164,Ample,No,2,0,Yes,2,Yes,Yes,1,1,No,No,1,Yes,Yes,2,No,Yes,No,Residential,high,29510115700
6125,38.58187,-90.23184,Ample,No,2,0,Yes,2,Yes,Yes,1,1,No,No,1,Yes,Yes,2,No,No,No,Residential,medium,29510115700
6126,38.58302,-90.23158,Ample,No,2,0,Yes,2,Yes,Yes,1,1,No,No,1,No,Yes,2,No,No,No,Residential,high,29510124100
6127,38.58459,-90.23193,Ample,No,2,0,Yes,2,Yes,Yes,1,1,No,No,1,No,Yes,2,No,No,No,Residential,low,29510124100
6128,38.58586,-90.23167,Ample,No,2,0,Yes,2,Yes,Yes,1,1,No,No,1,No,Yes,2,No,No,No,Residential,high,29510124100
6129,38.58718,-90.2314,Ample,No,2,0,Yes,2,Yes,Yes,1,0,No,No,1,No,Yes,2,No,No,No,Residential,high,29510124100
612,38.63837,-90.299,Ample,No,0,0,No,1,No,Yes,0,0,Yes,No,2,No,No,2,No,No,No,Residential,high,29510112100
6130,38.58855,-90.23164,Ample,No,2,0,Yes,2,Yes,Yes,1,1,No,No,1,No,Yes,2,No,No,No,Residential,high,29510124100
6131,38.58999,-90.23201,Ample,No,2,0,Yes,2,Yes,Yes,1,1,No,No,1,No,Yes,2,No,No,No,Residential,high,29510124100
6132,38.59134,-90.23174,Ample,No,2,0,Yes,2,Yes,Yes,1,1,No,No,1,No,Yes,2,No,No,No,Residential,high,29510124100
6133,38.59257,-90.23147,Ample,No,2,0,Yes,2,Yes,Yes,1,0,No,No,1,No,Yes,2,No,No,No,Residential,high,29510124100
6134,38.59404,-90.23152,Ample,Yes,2,0,Yes,2,Yes,Yes,1,0,No,No,1,No,Yes,2,No,No,No,Commercial,medium,29510124100
6135,38.59536,-90.23204,Ample,No,2,0,Yes,2,Yes,Yes,1,1,No,No,1,No,Yes,2,No,No,No,Residential,medium,29510124200
6136,38.59672,-90.23176,Ample,No,2,0,Yes,2,Yes,Yes,1,1,No,No,1,No,Yes,2,No,No,Yes,Residential,high,29510124200
6137,38.59802,-90.2315,Some,No,2,0,Yes,2,No,Yes,1,1,No,No,1,No,Yes,2,No,No,No,Residential,medium,29510124200
6138,38.59957,-90.2316,Ample,No,2,0,Yes,2,No,Yes,1,1,No,No,1,No,Yes,2,No,No,No,Residential,medium,29510124200
6139,38.60096,-90.23152,Ample,No,2,0,Yes,2,Yes,Yes,1,1,Yes,Yes,1,No,Yes,2,No,No,No,Residential,high,29510124200
6140,38.60211,-90.23156,Some,Yes,0,0,Yes,2,Yes,Yes,1,1,No,No,1,No,Yes,2,No,No,No,Residential,high,29510124200
6141,38.60338,-90.23156,Ample,No,2,0,Yes,2,No,Yes,1,1,No,No,1,No,Yes,2,No,No,No,Residential,medium,29510116500
6142,38.60482,-90.23157,Ample,No,2,0,Yes,2,No,Yes,1,1,No,Yes,1,No,Yes,2,No,No,No,Residential,medium,29510117400
6143,38.6062,-90.23214,Ample,No,2,0,Yes,2,Yes,Yes,1,1,No,No,1,No,Yes,2,No,No,No,Residential,medium,29510117400
6144,38.60735,-90.23155,Some,No,2,0,Yes,2,No,Yes,1,1,No,No,1,No,Yes,2,No,No,No,Residential,medium,29510117400
6145,38.60873,-90.23162,Ample,No,2,0,Yes,2,Yes,Yes,1,0,No,No,1,No,Yes,2,No,No,No,Residential,medium,29510117400
6146,38.61005,-90.23161,Ample,No,2,0,Yes,2,Yes,Yes,1,0,No,No,1,Yes,Yes,2,No,No,No,Residential,high,29510117400
6147,38.61133,-90.23146,Ample,No,2,0,Yes,2,Yes,Yes,1,1,No,No,1,No,Yes,2,No,No,No,Residential,medium,29510117400
6148,38.61233,-90.23127,Ample,No,2,0,Yes,2,Yes,Yes,1,0,No,No,1,No,Yes,2,No,No,No,Residential,medium,29510127300
6149,38.61379,-90.23167,No,No,2,0,Yes,2,No,Yes,1,1,No,No,1,No,Yes,2,No,No,No,Residential,high,29510127300
6150,38.61548,-90.23139,Some,No,0,0,Yes,2,No,Yes,1,1,No,No,1,No,Yes,2,No,No,No,Residential,high,29510127300
6151,38.61701,-90.23154,Ample,No,2,0,Yes,2,Yes,Yes,1,1,No,No,1,No,Yes,2,No,No,No,Residential,low,29510127300
6152,38.61841,-90.2315,Ample,No,2,0,Yes,2,Yes,Yes,1,1,No,No,1,No,Yes,2,No,No,Yes,Residential,high,29510127300
6153,38.61962,-90.23171,Ample,No,2,1,Yes,2,Yes,Yes,1,1,Yes,No,1,No,Yes,2,No,No,No,Residential,high,29510127300
6154,38.62081,-90.23116,Ample,No,0,0,Yes,2,Yes,Yes,1,1,No,No,1,No,Yes,2,No,No,No,Residential,low,29510127300
6155,38.62229,-90.23153,Ample,No,2,0,Yes,2,Yes,Yes,1,1,No,No,1,Yes,Yes,2,No,No,No,Residential,low,29510127300
6156,38.62361,-90.23166,Ample,No,2,0,Yes,2,Yes,Yes,1,1,No,No,1,Yes,Yes,2,No,No,No,Residential,high,29510127300
6157,38.62494,-90.23162,Ample,Yes,0,0,Yes,2,Yes,Yes,1,1,No,No,1,Yes,Yes,2,No,No,No,Commercial,INVALID,29510127800
6159,38.62779,-90.23191,No,No,0,0,No,2,No,Yes,0,0,No,No,1,No,No,0,No,No,No,Residential,INVALID,29510127800
6160,38.62928,-90.23166,Some,No,2,0,Yes,2,No,Yes,1,1,No,No,1,No,Yes,2,No,No,No,Commercial,INVALID,29510127800
6161,38.63026,-90.23134,Ample,No,0,0,Yes,2,No,Yes,1,1,No,No,1,No,Yes,2,No,No,No,Commercial,INVALID,29510127800
6163,38.63275,-90.23172,Ample,No,2,0,Yes,2,Yes,Yes,1,1,No,No,1,No,Yes,2,No,No,No,Residential,INVALID,29510127800
6164,38.634,-90.2317,Ample,No,2,0,Yes,2,Yes,Yes,1,1,No,No,1,Yes,Yes,2,No,No,Yes,Residential,medium,29510127800
6165,38.63578,-90.2321,Ample,No,2,0,No,2,Yes,Yes,1,1,No,No,1,Yes,No,2,No,Yes,No,Commercial,high,29510127800
6166,38.63702,-90.23161,Ample,No,2,0,Yes,2,Yes,Yes,1,1,No,No,1,No,Yes,2,No,No,No,Commercial,high,29510127800
6167,38.63844,-90.23158,Some,No,2,0,Yes,2,No,Yes,1,0,No,No,1,No,No,2,No,No,No,Commercial,INVALID,29510127800
6168,38.63994,-90.23143,Ample,No,2,0,Yes,2,Yes,Yes,1,1,No,No,1,No,Yes,2,No,Yes,No,Commercial,low,29510119300
6169,38.64105,-90.23152,Ample,No,2,0,No,2,No,Yes,0,0,No,No,1,No,Yes,2,No,Yes,No,Commercial,low,29510119300
616,38.64409,-90.29865,Ample,No,0,0,Yes,2,Yes,Yes,1,1,No,No,1,Yes,Yes,2,No,No,No,Residential,medium,29510112100
6170,38.64218,-90.23185,Ample,No,2,1,Yes,2,Yes,Yes,1,1,Yes,No,1,No,Yes,2,No,Yes,No,Commercial,INVALID,29510119300
6171,38.64395,-90.23147,Ample,No,2,0,Yes,2,No,Yes,1,1,No,No,1,No,Yes,2,No,No,No,Residential,INVALID,29510111100
6172,38.64517,-90.23155,Ample,No,0,0,Yes,2,Yes,Yes,1,1,Yes,No,1,No,Yes,2,No,No,Yes,Residential,low,29510111100
6173,38.64648,-90.23167,Ample,No,2,0,Yes,2,Yes,Yes,1,1,No,No,1,No,Yes,2,No,No,No,Residential,high,29510111100
6174,38.6478,-90.23169,Ample,No,2,0,Yes,2,Yes,Yes,1,1,No,No,1,No,Yes,2,No,No,No,Residential,medium,29510127700
6175,38.64909,-90.23166,Ample,No,1,0,Yes,2,Yes,Yes,1,1,No,No,1,No,Yes,2,No,No,No,Residential,high,29510127700
6176,38.65058,-90.23154,Ample,No,2,0,Yes,2,Yes,Yes,1,1,No,No,1,No,Yes,2,No,No,No,Commercial,low,29510127700
6177,38.65165,-90.23174,Ample,No,0,0,Yes,2,Yes,Yes,1,1,No,No,1,No,Yes,2,No,No,No,Commercial,high,29510127700
6178,38.6534,-90.23143,Ample,No,0,0,Yes,2,Yes,Yes,1,0,No,No,1,No,Yes,2,No,No,No,Residential,high,29510127700
6179,38.65447,-90.23164,Ample,No,0,0,Yes,2,Yes,Yes,1,1,No,No,1,No,Yes,2,No,No,No,Residential,high,29510127700
617,38.64493,-90.29876,Some,No,2,0,No,2,No,Yes,1,1,No,No,1,No,Yes,2,No,No,No,Commercial,high,29510112100
6180,38.65594,-90.23157,Ample,No,2,0,No,2,No,Yes,0,0,No,No,1,No,Yes,2,No,No,No,Residential,INVALID,29510127700
6181,38.65739,-90.2315,Ample,No,2,0,Yes,2,Yes,Yes,1,1,No,No,1,No,Yes,2,No,No,No,Residential,high,29510127700
6182,38.65872,-90.23158,Ample,No,0,0,Yes,2,No,Yes,0,0,No,No,1,No,No,2,No,No,No,Residential,high,29510127700
6183,38.66001,-90.2315,Ample,No,2,0,Yes,2,No,Yes,1,1,No,No,1,No,Yes,2,No,No,No,Commercial,low,29510127700
6184,38.66144,-90.23149,Some,No,0,0,Yes,2,Yes,Yes,1,1,No,No,1,No,Yes,2,No,No,No,Residential,INVALID,29510110300
6185,38.66268,-90.23152,Some,No,0,0,Yes,2,No,Yes,1,0,No,No,1,No,Yes,2,No,No,No,Residential,high,29510110300
6186,38.66413,-90.23175,Some,No,2,0,Yes,2,No,Yes,0,0,No,No,1,No,Yes,2,No,No,No,Residential,INVALID,29510110300
6187,38.66537,-90.23161,Ample,No,2,0,Yes,2,No,Yes,1,1,No,No,1,No,Yes,2,No,No,No,Residential,high,29510110300
6188,38.66687,-90.23153,No,No,2,0,Yes,2,No,Yes,1,1,No,No,1,No,Yes,2,No,No,No,Residential,high,29510110300
6189,38.66809,-90.23158,Some,No,2,0,Yes,2,Yes,Yes,1,1,No,No,1,No,Yes,2,No,No,No,Residential,medium,29510110300
6190,38.66956,-90.23153,Ample,No,2,0,Yes,2,No,Yes,1,1,Yes,No,1,No,Yes,2,No,No,Yes,Residential,high,29510110300
6191,38.67084,-90.23167,Ample,No,2,0,Yes,2,Yes,Yes,1,1,No,No,1,No,Yes,2,No,No,No,Residential,low,29510110200
6192,38.67196,-90.23169,Ample,No,2,0,Yes,2,No,Yes,1,1,No,No,2,No,Yes,2,No,No,Yes,Residential,high,29510110200
6193,38.67352,-90.23174,Some,No,2,0,Yes,2,Yes,Yes,1,1,No,No,1,No,Yes,2,No,No,No,Residential,high,29510110200
6194,38.67481,-90.23158,Ample,No,0,0,Yes,2,Yes,Yes,1,1,No,No,1,No,Yes,2,No,No,No,Residential,high,29510110200
6195,38.67627,-90.23171,Ample,No,2,0,Yes,2,Yes,Yes,1,1,No,No,1,No,Yes,2,No,No,No,Residential,low,29510110100
6196,38.67738,-90.23172,Ample,No,0,0,Yes,2,No,Yes,1,1,No,No,1,No,Yes,2,No,No,No,Residential,high,29510110100
6197,38.67851,-90.23041,Ample,No,2,0,Yes,2,Yes,Yes,1,1,No,No,1,No,Yes,2,No,No,No,Residential,high,29510109600
6198,38.6801,-90.23149,Ample,No,2,0,Yes,2,No,Yes,1,1,No,No,1,No,Yes,2,No,No,No,Residential,high,29510109600
6199,38.68145,-90.23146,Ample,No,2,0,Yes,2,Yes,Yes,1,0,Yes,No,1,No,Yes,2,No,No,No,Residential,medium,29510126900
619,38.64742,-90.29908,Some,No,0,0,Yes,2,Yes,Yes,1,1,No,No,1,Yes,Yes,2,No,No,No,Residential,high,29510105198
61,38.59684,-90.31377,Ample,No,2,0,Yes,2,Yes,Yes,1,1,No,No,1,No,Yes,2,No,No,No,Residential,medium,29510103800
6200,38.68297,-90.23162,Ample,No,2,0,No,2,Yes,Yes,1,1,No,No,2,No,Yes,2,No,No,No,Residential,high,29510107600
6201,38.68424,-90.23154,Ample,No,0,0,Yes,2,No,Yes,1,1,No,No,1,Yes,Yes,2,No,No,No,Residential,INVALID,29510107600
6202,38.68575,-90.23124,Ample,No,0,0,Yes,2,Yes,Yes,1,1,No,No,1,Yes,Yes,2,No,No,No,Residential,high,29510107600
6203,38.68686,-90.23221,Ample,No,2,0,Yes,2,Yes,Yes,1,1,Yes,Yes,1,Yes,Yes,2,No,Yes,No,Residential,high,29510127000
620,38.64926,-90.299,Ample,No,0,0,Yes,2,Yes,Yes,1,1,No,No,1,No,Yes,2,No,No,No,Residential,medium,29510105198
6211,38.69791,-90.23183,Ample,No,2,0,Yes,2,Yes,Yes,1,1,No,No,2,Yes,Yes,2,No,No,No,Residential,high,29510127000
6218,38.70703,-90.23172,Ample,No,0,0,Yes,2,No,Yes,1,1,No,No,1,No,Yes,2,No,No,No,Residential,high,29510108100
6219,38.70861,-90.23128,Ample,Yes,2,0,Yes,2,Yes,Yes,1,1,No,No,1,No,Yes,2,No,No,No,Residential,high,29510108100
621,38.65076,-90.29896,Ample,No,2,0,Yes,2,Yes,Yes,1,1,No,No,1,Yes,Yes,2,No,No,No,Residential,high,29510105198
6220,38.70973,-90.23153,No,Yes,2,0,Yes,2,No,Yes,0,0,No,No,1,No,Yes,2,No,No,No,Residential,high,29510108100
6221,38.71125,-90.23154,Ample,Yes,2,0,Yes,2,Yes,Yes,1,1,No,No,1,No,Yes,2,No,No,No,Residential,medium,29510108100
6222,38.71268,-90.23228,Ample,No,2,0,Yes,2,No,Yes,1,1,No,No,1,No,Yes,2,No,No,No,Residential,medium,29510108100
6223,38.7138,-90.23166,Ample,No,2,0,Yes,2,Yes,Yes,1,1,No,No,1,No,Yes,2,No,No,No,Residential,high,29510108100
6224,38.71505,-90.23158,Ample,No,2,0,Yes,2,Yes,Yes,1,0,No,No,2,No,Yes,2,No,No,No,Residential,high,29510108200
6225,38.71666,-90.23208,Ample,No,2,0,Yes,2,Yes,Yes,1,1,No,No,1,No,Yes,2,No,No,Yes,Residential,high,29510108200
6226,38.71789,-90.23119,Ample,No,0,0,No,2,No,Yes,0,0,No,No,1,No,Yes,2,No,No,No,Residential,medium,29510108200
6227,38.7195,-90.23158,Ample,No,2,0,Yes,2,Yes,Yes,1,1,No,No,1,No,Yes,2,No,No,Yes,Residential,medium,29510108300
6228,38.72043,-90.23165,Ample,No,2,0,Yes,2,No,Yes,1,1,No,No,1,No,Yes,2,No,No,No,Residential,high,29510108300
6229,38.72219,-90.23151,Ample,No,2,0,Yes,2,Yes,Yes,1,1,No,No,1,No,Yes,2,No,No,No,Residential,medium,29510108300
622,38.65171,-90.29895,Ample,No,2,0,Yes,2,Yes,Yes,1,0,No,No,1,No,Yes,2,No,No,No,Residential,high,29510105198
6230,38.72306,-90.2316,Ample,No,2,0,Yes,2,Yes,Yes,1,1,No,No,1,No,Yes,2,No,No,No,Residential,high,29510108300
6231,38.72477,-90.23164,Ample,No,2,0,Yes,2,Yes,Yes,1,0,No,No,1,Yes,Yes,2,No,No,No,Residential,high,29510108300
6232,38.72613,-90.23133,Ample,No,2,0,Yes,2,Yes,Yes,1,1,No,No,1,No,Yes,2,No,No,No,Residential,medium,29510108300
6238,38.575,-90.23013,Ample,No,0,0,Yes,2,No,Yes,1,1,No,No,2,No,Yes,2,No,No,No,Residential,high,29510115600
6239,38.57656,-90.23048,Ample,No,0,0,No,2,Yes,Yes,1,0,No,No,1,No,Yes,2,No,No,No,Commercial,high,29510115600
623,38.65309,-90.29894,Some,No,2,0,Yes,2,Yes,Yes,1,1,No,No,1,No,Yes,2,No,No,No,Residential,high,29510105198
6240,38.57805,-90.23049,Ample,No,2,0,Yes,2,Yes,Yes,1,1,No,No,1,Yes,Yes,2,No,No,No,Commercial,medium,29510115600
6241,38.57919,-90.23017,Ample,No,2,0,Yes,2,No,Yes,1,1,No,Yes,2,Yes,Yes,2,No,Yes,No,Residential,high,29510115600
6242,38.58052,-90.23044,Ample,No,2,0,Yes,2,Yes,Yes,1,1,Yes,No,1,Yes,Yes,2,No,No,No,Residential,high,29510115700
6243,38.58183,-90.23017,Ample,No,2,0,Yes,2,Yes,Yes,1,0,No,No,1,No,Yes,2,No,No,No,Residential,high,29510115700
6244,38.58331,-90.23024,Some,Yes,2,0,Yes,2,Yes,Yes,1,0,No,No,1,No,Yes,2,No,No,No,Residential,INVALID,29510124100
6245,38.58469,-90.23019,Ample,No,2,0,Yes,2,No,Yes,1,1,No,No,1,No,Yes,2,No,No,No,Residential,high,29510124100
6246,38.5859,-90.23049,Ample,No,2,0,Yes,2,Yes,Yes,1,0,Yes,No,1,No,Yes,2,No,No,No,Residential,medium,29510124100
6247,38.58723,-90.23022,Ample,No,2,0,Yes,2,Yes,Yes,1,1,No,No,1,No,Yes,2,No,No,No,Residential,medium,29510124100
6248,38.58856,-90.22997,Ample,No,2,0,Yes,2,Yes,Yes,1,1,No,No,1,No,Yes,2,No,No,Yes,Residential,medium,29510124100
6249,38.59019,-90.23013,Ample,No,2,0,Yes,2,Yes,Yes,1,1,No,No,1,No,Yes,2,No,No,No,Residential,medium,29510124100
624,38.65443,-90.29893,Ample,No,2,0,Yes,2,Yes,Yes,1,0,No,No,1,No,Yes,2,No,No,No,Residential,high,29510105198
6250,38.59129,-90.23057,Ample,No,2,0,Yes,2,Yes,Yes,1,0,No,No,1,No,Yes,2,No,No,No,Residential,high,29510124100
6251,38.5926,-90.23029,Ample,No,2,0,Yes,2,Yes,Yes,1,0,No,Yes,1,No,Yes,2,No,No,Yes,Residential,medium,29510124100
6252,38.594,-90.23021,No,No,2,0,Yes,2,No,Yes,0,0,No,No,1,No,No,2,No,Yes,No,Commercial,low,29510124200
6253,38.5957,-90.23013,Ample,No,2,0,Yes,2,Yes,Yes,1,1,No,No,1,No,Yes,2,No,No,No,Residential,medium,29510124200
6254,38.59672,-90.23061,Ample,No,2,0,Yes,2,Yes,Yes,1,1,No,No,1,No,Yes,2,No,No,No,Residential,medium,29510124200
6255,38.59801,-90.23024,Ample,No,2,0,Yes,2,Yes,Yes,1,1,No,No,2,No,Yes,2,No,No,No,Residential,high,29510124200
6256,38.59941,-90.23028,Ample,No,2,0,Yes,2,Yes,Yes,1,1,No,No,1,No,Yes,2,No,No,Yes,Residential,medium,29510124200
6257,38.60062,-90.23029,Ample,No,2,0,Yes,2,Yes,Yes,1,1,No,No,1,No,Yes,2,No,Yes,No,Residential,high,29510124200
6258,38.60207,-90.23009,Ample,No,2,0,Yes,2,Yes,Yes,1,1,No,Yes,1,Yes,Yes,2,No,No,Yes,Commercial,high,29510124200
6259,38.60343,-90.23038,Ample,No,2,0,Yes,2,Yes,Yes,1,1,No,No,1,No,Yes,2,No,No,No,Residential,medium,29510124200
625,38.65597,-90.29893,Ample,No,2,0,Yes,2,Yes,Yes,1,1,No,No,1,Yes,Yes,2,No,No,No,Commercial,low,29510105198
6260,38.60471,-90.23011,Ample,No,2,0,Yes,2,Yes,Yes,1,1,No,No,1,No,Yes,2,No,No,No,Residential,medium,29510117400
6261,38.60611,-90.2304,Some,No,2,0,Yes,2,Yes,Yes,1,0,No,No,1,No,Yes,2,No,No,No,Residential,INVALID,29510117400
6262,38.60765,-90.23024,Ample,No,2,0,Yes,2,Yes,Yes,1,0,No,No,1,No,Yes,2,No,No,No,Residential,medium,29510117400
6263,38.60877,-90.23044,Ample,No,2,0,Yes,2,Yes,Yes,1,1,No,No,1,No,Yes,2,No,No,No,Residential,medium,29510117400
6264,38.60995,-90.23028,No,No,2,0,Yes,2,Yes,Yes,0,0,No,No,1,No,Yes,2,No,No,No,Residential,medium,29510117400
6265,38.61151,-90.22992,Ample,No,2,0,Yes,2,Yes,Yes,1,1,No,No,2,No,Yes,2,No,No,No,Residential,medium,29510117400
6266,38.61278,-90.23059,Some,No,2,0,Yes,2,Yes,Yes,1,1,No,No,1,No,Yes,2,No,No,No,Residential,high,29510127300
6267,38.6141,-90.23051,Ample,No,0,0,Yes,2,Yes,Yes,1,1,No,No,1,No,Yes,2,No,No,Yes,Residential,medium,29510127300
6268,38.61555,-90.23021,Ample,No,2,0,Yes,2,Yes,Yes,1,0,No,No,1,No,Yes,2,No,No,No,Residential,high,29510127300
6269,38.61684,-90.23019,Ample,No,2,0,Yes,2,Yes,Yes,1,1,No,No,1,No,Yes,2,No,No,No,Residential,high,29510127300
626,38.65736,-90.29936,Ample,No,2,0,Yes,2,Yes,Yes,1,1,No,No,1,No,Yes,2,No,No,No,Commercial,medium,29510105198
6270,38.61826,-90.23027,Ample,No,2,0,Yes,2,Yes,Yes,1,1,No,No,1,No,Yes,2,No,No,No,Residential,high,29510127300
6271,38.61961,-90.23019,Ample,No,2,0,Yes,2,Yes,Yes,1,1,No,No,1,No,Yes,2,No,No,No,Residential,low,29510127300
6272,38.62108,-90.23013,Ample,No,2,0,Yes,2,Yes,Yes,1,1,No,No,1,No,Yes,2,No,No,No,Residential,high,29510127300
6273,38.62244,-90.23017,Ample,No,2,0,Yes,2,Yes,Yes,1,1,No,No,1,No,Yes,2,No,No,No,Residential,high,29510127300
6274,38.62357,-90.23022,Ample,No,2,0,Yes,2,No,Yes,1,1,No,No,1,Yes,Yes,2,No,No,No,Residential,low,29510127300
6275,38.62467,-90.23028,Ample,No,0,1,Yes,2,Yes,Yes,1,1,No,No,1,No,Yes,2,No,No,No,Commercial,low,29510127800
6279,38.63039,-90.23018,Ample,No,0,0,Yes,2,Yes,Yes,1,1,No,No,1,No,Yes,2,No,No,No,Commercial,low,29510127800
627,38.6587,-90.29895,Ample,No,2,0,Yes,2,Yes,Yes,1,1,No,No,1,No,Yes,2,No,No,No,Commercial,high,29510105198
6280,38.63168,-90.23029,Ample,No,0,0,Yes,2,No,Yes,1,1,No,No,1,No,Yes,2,No,No,No,Commercial,low,29510127800
6281,38.6323,-90.23031,Ample,No,0,0,Yes,2,Yes,Yes,1,1,No,No,1,No,Yes,2,No,No,No,Commercial,low,29510127800
6283,38.63673,-90.23016,Ample,No,2,0,Yes,2,Yes,Yes,1,1,No,No,1,Yes,Yes,2,No,No,No,Commercial,INVALID,29510127800
6284,38.63725,-90.23011,Ample,No,2,0,Yes,2,Yes,Yes,1,1,No,No,1,Yes,Yes,2,No,No,No,Commercial,INVALID,29510127800
6285,38.63852,-90.23015,Ample,No,2,1,No,2,Yes,Yes,1,1,Yes,No,1,No,Yes,2,No,No,No,Commercial,high,29510127800
6286,38.63963,-90.23033,Ample,No,2,0,Yes,2,Yes,Yes,1,1,No,No,1,No,Yes,2,No,No,Yes,Commercial,high,29510127800
6287,38.64127,-90.23022,Ample,No,2,0,Yes,2,Yes,Yes,1,0,No,Yes,1,No,Yes,2,No,No,No,Commercial,low,29510119300
6288,38.64271,-90.23011,Ample,No,2,0,Yes,2,No,Yes,1,1,Yes,No,1,No,Yes,2,No,No,No,Commercial,high,29510111100
6289,38.64392,-90.23012,Some,No,2,0,Yes,2,Yes,Yes,1,0,No,No,2,No,Yes,2,No,No,No,Residential,low,29510111100
628,38.56318,-90.29737,No,No,0,0,Yes,2,No,Yes,1,1,No,No,1,No,Yes,2,No,No,No,Residential,high,29510102100
6290,38.64517,-90.23021,Ample,No,2,0,Yes,2,Yes,Yes,0,0,No,No,1,No,Yes,2,No,No,No,Residential,high,29510111100
6291,38.64662,-90.23048,Ample,No,2,0,Yes,2,Yes,Yes,1,1,No,No,1,No,Yes,2,No,No,Yes,Residential,low,29510111100
6292,38.64772,-90.23028,Some,No,0,0,Yes,2,No,Yes,0,0,No,No,1,No,No,2,No,No,No,Residential,high,29510127700
6293,38.6491,-90.23008,Ample,No,0,0,Yes,2,Yes,Yes,1,1,No,No,1,No,Yes,2,No,No,No,Commercial,low,29510127700
6294,38.65054,-90.23028,Ample,Yes,2,0,Yes,2,No,Yes,1,1,No,No,2,No,Yes,2,No,No,Yes,Commercial,low,29510127700
6295,38.65193,-90.23023,Ample,No,0,0,Yes,2,Yes,Yes,1,1,No,No,1,No,Yes,2,No,No,No,Commercial,low,29510127700
6296,38.65323,-90.2302,Ample,No,0,0,Yes,2,Yes,Yes,1,1,No,No,1,No,Yes,2,No,No,No,Residential,medium,29510127700
6297,38.65477,-90.23006,Ample,No,2,0,Yes,2,No,Yes,1,1,No,No,1,No,Yes,2,No,No,No,Residential,high,29510127700
6298,38.65586,-90.23028,Ample,No,2,0,Yes,2,Yes,Yes,1,1,No,No,1,No,Yes,2,No,No,No,Residential,high,29510127700
6299,38.65729,-90.23023,Ample,No,2,0,Yes,2,No,Yes,1,1,No,No,1,No,Yes,2,No,No,No,Residential,low,29510127700
629,38.56415,-90.29783,Some,No,0,0,No,2,No,Yes,0,0,No,No,2,Yes,Yes,2,No,No,No,Residential,high,29510102100
62,38.59785,-90.31382,Ample,No,2,0,Yes,2,Yes,Yes,1,0,No,No,1,No,Yes,2,No,No,No,Residential,medium,29510103800
6300,38.65862,-90.23031,Ample,No,2,0,Yes,2,No,Yes,1,1,No,No,1,No,Yes,2,No,No,No,Residential,medium,29510127700
6301,38.65981,-90.23039,Ample,No,2,0,Yes,2,Yes,Yes,1,0,No,No,1,No,Yes,2,No,No,No,Residential,medium,29510127700
6302,38.6615,-90.2301,Some,No,0,0,Yes,2,No,Yes,0,0,No,No,1,No,Yes,2,No,No,No,Residential,high,29510110300
6303,38.66252,-90.22991,Ample,No,2,0,Yes,2,No,Yes,1,1,No,No,1,No,Yes,2,No,No,No,Residential,high,29510110300
6304,38.66394,-90.23006,Some,No,2,0,Yes,2,Yes,Yes,1,1,No,No,1,No,Yes,2,No,No,No,Residential,high,29510110300
6305,38.66556,-90.23012,Ample,No,2,0,Yes,2,No,Yes,1,1,No,No,1,No,Yes,2,No,No,No,Residential,high,29510110300
6306,38.66699,-90.23009,Ample,No,2,0,Yes,2,Yes,Yes,1,1,No,No,1,No,Yes,2,No,No,No,Residential,INVALID,29510110300
6307,38.66803,-90.23031,Ample,No,2,0,Yes,2,Yes,Yes,1,1,No,No,1,No,Yes,2,No,No,No,Residential,medium,29510110300
6308,38.66949,-90.23024,No,No,0,0,Yes,2,No,Yes,0,0,No,No,1,No,Yes,2,No,No,No,Residential,high,29510110300
6309,38.67085,-90.23017,Ample,No,2,0,Yes,2,Yes,Yes,1,1,No,No,1,No,Yes,2,No,No,No,Residential,medium,29510110200
630,38.56541,-90.29847,Ample,No,2,0,Yes,2,Yes,Yes,1,1,No,No,1,Yes,Yes,2,No,No,No,Residential,medium,29510102100
6310,38.67209,-90.23009,Ample,No,2,0,Yes,2,No,Yes,1,1,No,No,1,No,Yes,2,No,No,No,Residential,high,29510110200
6311,38.67338,-90.23035,Ample,No,2,0,Yes,2,Yes,Yes,1,1,No,No,1,No,Yes,2,No,No,No,Residential,low,29510110200
6312,38.67491,-90.23048,Ample,No,0,0,Yes,2,No,Yes,1,1,No,No,1,No,Yes,2,No,No,No,Residential,high,29510110200
6313,38.67623,-90.23029,Ample,No,2,0,Yes,2,Yes,Yes,1,1,No,No,1,No,Yes,2,No,No,Yes,Residential,medium,29510110200
6314,38.67748,-90.23012,Ample,No,2,0,Yes,2,No,Yes,1,1,No,No,2,No,Yes,2,No,No,No,Residential,high,29510109600
6315,38.67877,-90.23049,Ample,No,0,0,Yes,2,Yes,Yes,1,1,No,No,1,Yes,Yes,2,No,No,No,Residential,high,29510109600
6316,38.68026,-90.23025,Ample,No,2,0,Yes,2,Yes,Yes,1,1,No,No,1,No,Yes,2,No,No,No,Residential,high,29510109600
6317,38.68144,-90.23031,Ample,No,2,0,Yes,2,No,Yes,1,1,No,No,1,No,Yes,2,No,No,No,Residential,INVALID,29510109600
6318,38.68287,-90.23026,Ample,No,2,0,No,2,Yes,Yes,1,0,No,No,1,No,Yes,2,No,No,No,Residential,high,29510107600
6319,38.68434,-90.22999,Ample,No,2,0,No,2,Yes,Yes,1,1,No,No,1,Yes,Yes,2,No,No,No,Residential,high,29510107600
631,38.56685,-90.29713,Ample,No,2,0,Yes,2,Yes,Yes,1,0,No,No,1,Yes,Yes,2,No,No,No,Residential,medium,29510102100
6330,38.69921,-90.23039,Ample,No,2,0,Yes,2,Yes,Yes,1,0,No,No,2,No,Yes,2,No,No,No,Residential,high,29510108100
6333,38.70326,-90.22971,Ample,No,2,0,No,2,Yes,Yes,1,1,No,No,1,Yes,Yes,2,No,No,No,Residential,high,29510108100
6334,38.70452,-90.23007,Ample,No,2,0,No,2,Yes,Yes,1,1,No,No,1,Yes,Yes,2,No,No,No,Residential,high,29510108100
6335,38.7058,-90.23018,Ample,Yes,0,0,No,2,Yes,Yes,1,1,Yes,No,1,Yes,Yes,2,No,No,No,Residential,high,29510108100
6336,38.70719,-90.23023,Ample,Yes,0,0,Yes,2,Yes,Yes,1,0,No,No,1,No,Yes,2,No,No,No,Commercial,high,29510108100
6337,38.70854,-90.23028,Ample,No,2,0,Yes,2,Yes,Yes,1,1,No,No,1,No,Yes,2,No,No,No,Residential,high,29510108100
6338,38.70982,-90.23034,Ample,No,2,0,Yes,2,Yes,Yes,1,0,No,No,2,No,Yes,2,No,No,Yes,Commercial,medium,29510108100
6339,38.71122,-90.23019,Ample,No,2,0,Yes,2,Yes,Yes,1,1,Yes,No,1,No,Yes,2,No,No,Yes,Residential,high,29510127000
6340,38.71258,-90.23029,Ample,No,2,1,Yes,2,Yes,Yes,1,0,Yes,Yes,1,No,Yes,2,No,Yes,Yes,Commercial,high,29510108100
6341,38.71384,-90.23006,Ample,No,0,0,Yes,2,Yes,Yes,1,1,No,No,1,No,Yes,2,No,No,No,Commercial,INVALID,29510108100
6342,38.71523,-90.23042,Some,No,2,0,Yes,2,No,Yes,0,0,No,No,1,No,Yes,2,No,No,No,Residential,high,29510108200
6343,38.71657,-90.2302,Some,No,0,0,No,2,No,Yes,0,0,No,No,1,No,Yes,2,No,No,No,Residential,INVALID,29510108200
6344,38.71791,-90.22996,No,No,0,0,No,2,No,Yes,0,0,No,No,1,No,No,2,No,No,No,Residential,high,29510108200
6345,38.71936,-90.2302,Ample,No,2,0,Yes,2,Yes,Yes,1,0,No,No,1,No,Yes,2,No,No,No,Residential,high,29510108300
6346,38.72073,-90.23016,Some,No,0,0,No,2,No,Yes,0,0,No,No,1,No,Yes,2,No,No,No,Residential,medium,29510108300
6347,38.72201,-90.23031,Ample,No,2,0,Yes,2,Yes,Yes,1,1,No,No,1,No,Yes,2,No,No,No,Residential,high,29510108300
6348,38.72334,-90.23057,Ample,No,2,0,Yes,2,Yes,Yes,1,1,No,No,1,No,Yes,2,No,No,No,Residential,medium,29510108300
6349,38.7247,-90.23041,Ample,No,2,0,Yes,2,Yes,Yes,1,0,No,No,1,No,Yes,2,No,No,Yes,Residential,high,29510108300
634,38.57089,-90.29773,Ample,No,0,0,Yes,2,Yes,Yes,1,1,No,No,1,Yes,Yes,2,No,No,Yes,Residential,medium,29510102100
6350,38.72601,-90.23004,Ample,No,2,0,Yes,2,Yes,Yes,1,0,No,No,1,Yes,Yes,2,No,No,No,Residential,high,29510108300
6356,38.57623,-90.22856,Some,No,0,0,No,2,Yes,Yes,1,0,No,No,1,No,Yes,2,No,No,No,Residential,high,29510115600
6357,38.57802,-90.22919,Ample,No,0,0,No,2,Yes,Yes,1,1,No,No,1,No,Yes,2,No,No,No,Commercial,high,29510115600
6358,38.57883,-90.22853,Ample,Yes,0,0,No,2,Yes,Yes,1,1,No,No,1,No,Yes,2,No,No,No,Commercial,high,29510115700
6359,38.58037,-90.22868,Ample,No,2,1,Yes,2,Yes,Yes,1,1,Yes,Yes,1,Yes,Yes,2,No,No,No,Residential,high,29510115700
635,38.57257,-90.29758,Ample,No,2,0,Yes,2,Yes,Yes,1,1,Yes,No,1,No,Yes,2,No,No,No,Residential,medium,29510102100
6360,38.58223,-90.22885,No,No,2,0,Yes,2,No,Yes,1,1,No,No,1,No,Yes,2,No,No,No,Residential,medium,29510115700
6361,38.58325,-90.22932,Ample,No,2,0,Yes,2,Yes,Yes,1,1,No,No,1,No,Yes,2,No,Yes,Yes,Residential,high,29510124100
6362,38.58453,-90.22889,Ample,No,2,0,Yes,2,Yes,Yes,1,1,No,No,1,No,Yes,2,No,No,No,Residential,medium,29510124100
6363,38.58595,-90.22931,Ample,No,2,0,Yes,2,Yes,Yes,1,0,No,No,1,No,Yes,2,No,No,No,Residential,high,29510124100
6364,38.58726,-90.22905,Ample,No,2,0,Yes,2,Yes,Yes,1,1,No,No,1,No,Yes,2,No,No,No,Residential,high,29510124100
6365,38.58857,-90.22878,Ample,No,2,0,Yes,2,Yes,Yes,1,1,No,No,1,No,Yes,2,No,No,Yes,Residential,medium,29510124100
6366,38.59004,-90.2289,Ample,No,0,0,Yes,2,Yes,Yes,1,1,No,No,1,No,Yes,2,No,No,No,Residential,high,29510124100
6367,38.59135,-90.22939,Ample,No,2,0,Yes,2,Yes,Yes,1,1,No,Yes,1,No,Yes,2,No,No,No,Residential,medium,29510124100
6368,38.59264,-90.22911,Ample,No,2,0,Yes,2,Yes,Yes,1,1,No,No,1,No,Yes,2,No,No,No,Residential,medium,29510124100
6369,38.59397,-90.22883,Ample,No,2,0,Yes,2,Yes,Yes,1,1,No,No,1,No,Yes,2,No,No,No,Commercial,low,29510124200
636,38.57343,-90.29762,Ample,No,2,0,Yes,2,Yes,Yes,1,0,No,No,1,No,Yes,2,No,No,No,Residential,medium,29510102100
6370,38.59554,-90.22888,Ample,No,2,0,Yes,2,Yes,Yes,1,1,No,No,1,No,Yes,2,No,No,No,Residential,high,29510124200
6371,38.59677,-90.22941,Ample,No,2,0,Yes,2,Yes,Yes,1,1,No,No,1,No,Yes,2,No,No,No,Residential,high,29510124200
6372,38.59784,-90.22888,Some,No,0,0,Yes,2,No,Yes,1,1,No,No,1,No,Yes,2,No,No,No,Residential,INVALID,29510124200
6373,38.59938,-90.22887,Ample,No,2,1,Yes,2,Yes,Yes,1,1,No,No,1,No,Yes,2,No,No,Yes,Residential,high,29510124200
6374,38.60068,-90.22861,Ample,No,0,0,Yes,2,Yes,Yes,1,1,No,No,1,No,Yes,2,No,No,Yes,Residential,high,29510124200
6375,38.60232,-90.22909,Ample,No,2,0,Yes,2,Yes,Yes,1,1,Yes,No,1,No,Yes,2,No,No,Yes,Residential,INVALID,29510124200
6376,38.60348,-90.2292,Ample,No,2,0,Yes,2,No,Yes,1,1,No,No,1,No,Yes,2,No,No,No,Residential,medium,29510124200
6377,38.60479,-90.22892,Some,No,2,0,Yes,2,No,Yes,1,1,No,No,1,No,Yes,2,No,No,No,Residential,high,29510123100
6378,38.60607,-90.22866,Ample,No,2,0,Yes,2,Yes,Yes,1,1,No,No,1,No,Yes,2,No,No,No,Residential,medium,29510123100
6379,38.60748,-90.22885,Ample,No,2,0,Yes,2,Yes,Yes,1,0,No,No,1,No,Yes,2,No,No,No,Residential,medium,29510123100
637,38.57519,-90.29758,Ample,No,2,0,Yes,2,Yes,Yes,1,0,No,No,1,No,Yes,2,No,No,No,Residential,medium,29510102200
6380,38.60884,-90.22888,Ample,No,2,0,Yes,2,Yes,Yes,1,1,No,Yes,1,No,Yes,2,No,No,No,Residential,high,29510123100
6381,38.61015,-90.22898,Some,No,2,0,Yes,2,Yes,Yes,1,1,No,No,1,No,Yes,2,No,No,Yes,Residential,medium,29510117400
6382,38.61146,-90.22872,Ample,No,2,0,Yes,2,Yes,Yes,1,1,No,No,1,No,Yes,2,No,No,No,Residential,high,29510117400
6383,38.61298,-90.22885,No,No,2,0,Yes,2,No,Yes,1,1,No,No,1,No,Yes,2,No,No,No,Residential,high,29510127300
6384,38.61429,-90.22893,No,No,0,0,No,2,Yes,Yes,1,0,No,No,1,No,Yes,2,No,No,No,Commercial,high,29510127300
6385,38.6155,-90.22905,Ample,No,2,0,Yes,2,Yes,Yes,1,1,No,No,1,No,Yes,2,No,No,No,Residential,high,29510127300
6386,38.61667,-90.22889,Ample,No,2,0,Yes,2,No,Yes,1,1,No,No,1,No,Yes,2,No,No,No,Residential,high,29510127300
6387,38.61827,-90.22887,Ample,No,2,0,Yes,2,Yes,Yes,1,1,No,No,1,No,Yes,2,No,No,No,Residential,medium,29510127300
6388,38.61945,-90.22893,Ample,No,2,1,Yes,2,Yes,Yes,1,1,No,No,1,No,Yes,2,No,No,No,Residential,high,29510127300
6389,38.62098,-90.22896,Ample,No,2,0,Yes,2,Yes,Yes,1,1,No,No,1,No,Yes,2,No,No,No,Residential,high,29510127300
638,38.57671,-90.29765,Ample,No,2,0,Yes,2,Yes,Yes,1,0,No,No,1,No,Yes,2,No,No,No,Residential,high,29510102200
6390,38.62219,-90.22896,No,No,2,0,Yes,2,No,Yes,0,0,No,No,1,No,Yes,2,No,No,No,Residential,high,29510127300
6391,38.62354,-90.22892,Ample,Yes,2,0,Yes,2,Yes,Yes,1,1,No,No,1,Yes,Yes,2,No,No,No,Commercial,low,29510127300
6392,38.62489,-90.22872,Ample,No,2,0,No,2,Yes,Yes,1,1,No,No,1,No,Yes,2,No,No,Yes,Commercial,INVALID,29510127800
6393,38.62628,-90.22884,Ample,Yes,0,0,Yes,2,Yes,Yes,1,1,No,No,1,No,Yes,2,No,No,No,Commercial,low,29510127800
6394,38.6276,-90.22841,Ample,No,0,2+,No,2,Yes,Yes,1,0,No,No,1,No,Yes,2,No,No,No,Commercial,INVALID,29510127800
6396,38.63038,-90.22884,Ample,No,2,0,No,2,Yes,Yes,1,1,No,No,1,No,Yes,2,No,No,No,Commercial,high,29510127800
6397,38.63172,-90.22889,Ample,No,0,0,Yes,2,No,Yes,1,1,No,No,1,No,Yes,2,No,No,No,Commercial,INVALID,29510127800
639,38.57788,-90.29795,Ample,No,2,0,Yes,2,Yes,Yes,1,1,No,No,1,No,Yes,2,No,No,No,Residential,high,29510102200
63,38.59937,-90.3138,Some,No,2,0,Yes,2,No,Yes,0,0,No,No,1,No,Yes,2,No,No,No,Residential,high,29510103800
6400,38.6365,-90.22905,Ample,No,2,0,Yes,2,Yes,Yes,1,1,No,No,1,No,Yes,2,No,No,No,Commercial,medium,29510127800
6401,38.63711,-90.22897,Ample,No,2,0,No,2,No,Yes,0,0,No,No,2,No,No,2,No,No,No,Commercial,high,29510127800
6402,38.63826,-90.22894,Ample,No,2,0,Yes,2,Yes,Yes,1,1,No,No,1,Yes,Yes,2,No,No,No,Commercial,high,29510127800
6403,38.64016,-90.22875,Ample,No,2,1,Yes,2,Yes,Yes,1,1,Yes,No,1,No,Yes,2,No,No,No,Commercial,low,29510127800
6404,38.6412,-90.22891,Ample,No,2,0,Yes,2,Yes,Yes,1,1,No,No,1,No,Yes,2,No,No,No,Commercial,low,29510121200
6405,38.6426,-90.22917,Ample,No,2,0,Yes,2,Yes,Yes,1,1,No,Yes,1,No,Yes,2,No,No,No,Commercial,high,29510111100
6406,38.64396,-90.2288,Ample,No,2,0,Yes,2,Yes,Yes,1,1,No,No,1,No,Yes,2,No,No,No,Commercial,low,29510111100
6407,38.64518,-90.22885,Ample,No,0,0,Yes,2,Yes,Yes,1,1,No,No,1,No,Yes,2,No,No,No,Residential,high,29510111100
6408,38.64655,-90.22886,Ample,No,2,0,Yes,2,Yes,Yes,1,1,No,No,1,No,Yes,2,No,Yes,No,Commercial,medium,29510127700
6409,38.64778,-90.22868,Ample,No,0,0,Yes,2,Yes,Yes,1,1,No,No,1,No,Yes,2,No,No,No,Residential,low,29510127700
640,38.57921,-90.29773,Ample,No,2,0,Yes,2,Yes,Yes,1,0,No,No,1,No,Yes,2,No,No,No,Residential,high,29510102200
6410,38.64918,-90.22905,Ample,No,0,0,Yes,2,Yes,Yes,1,1,No,No,1,No,Yes,2,No,No,No,Commercial,low,29510127700
6411,38.65054,-90.22897,Ample,No,2,0,Yes,2,No,Yes,1,1,No,No,1,No,Yes,2,No,No,Yes,Commercial,low,29510127700
6412,38.65218,-90.22865,Ample,No,0,0,Yes,2,Yes,Yes,1,0,No,No,1,No,Yes,2,No,No,No,Residential,low,29510127700
6413,38.65328,-90.22892,Ample,No,2,0,Yes,2,Yes,Yes,1,1,No,No,1,No,Yes,2,No,No,No,Residential,INVALID,29510127700
6414,38.65474,-90.22884,Ample,No,2,0,Yes,2,No,Yes,1,0,No,No,1,No,Yes,2,No,No,No,Residential,INVALID,29510127700
6415,38.6558,-90.22902,Ample,No,0,0,Yes,2,No,Yes,0,0,No,No,1,No,Yes,2,No,No,Yes,Residential,high,29510127700
6416,38.65717,-90.229,Some,No,2,0,Yes,2,Yes,Yes,1,1,No,No,1,No,Yes,2,No,No,No,Residential,medium,29510127700
6417,38.65856,-90.22889,No,No,0,0,No,2,No,Yes,1,1,No,No,1,No,Yes,2,No,No,No,Residential,medium,29510127700
6418,38.65982,-90.22904,Ample,No,2,0,Yes,2,No,Yes,1,1,No,No,2,No,Yes,2,No,No,Yes,Residential,INVALID,29510110300
6419,38.66147,-90.22879,Ample,No,2,0,Yes,2,No,Yes,1,1,No,No,1,No,Yes,2,No,No,No,Residential,high,29510110300
641,38.58042,-90.29754,Ample,No,2,0,Yes,2,Yes,Yes,1,1,No,No,2,Yes,Yes,2,No,No,No,Residential,medium,29510102200
6420,38.66263,-90.22866,Ample,No,2,0,Yes,2,Yes,Yes,1,1,No,No,1,No,Yes,2,No,No,No,Residential,high,29510110300
6421,38.66426,-90.2287,Some,Yes,0,0,Yes,2,No,Yes,1,0,No,No,1,No,Yes,2,No,No,No,Residential,high,29510110300
6422,38.66563,-90.2287,Some,No,0,0,Yes,2,No,Yes,1,0,No,No,1,No,Yes,2,No,No,No,Residential,high,29510110300
6423,38.66688,-90.22883,Ample,No,0,0,Yes,2,No,Yes,1,1,No,No,1,Yes,Yes,2,No,No,No,Commercial,low,29510110300
6424,38.66797,-90.22903,No,No,2,0,Yes,2,No,Yes,1,1,No,No,1,No,Yes,2,No,No,No,Residential,low,29510110300
6425,38.6694,-90.2289,Ample,No,2,0,Yes,2,Yes,Yes,1,1,No,No,1,No,Yes,2,No,No,Yes,Residential,medium,29510110300
6426,38.67076,-90.22895,No,No,2,0,No,2,No,Yes,1,1,No,No,1,No,No,2,No,No,No,Residential,high,29510110200
6427,38.67206,-90.22883,Ample,No,2,0,Yes,2,Yes,Yes,1,1,No,No,1,No,Yes,2,No,No,No,Residential,low,29510110200
6428,38.6736,-90.22881,Ample,No,2,0,Yes,2,Yes,Yes,1,1,No,No,1,No,Yes,2,No,No,No,Residential,high,29510110200
6429,38.67489,-90.22895,Ample,No,0,0,Yes,2,No,Yes,0,0,No,No,1,No,Yes,2,No,No,No,Residential,high,29510110200
642,38.58181,-90.29766,Ample,No,2,0,Yes,2,Yes,Yes,1,0,No,No,1,No,Yes,2,No,No,No,Residential,medium,29510114102
6430,38.67614,-90.22883,Ample,No,2,0,Yes,2,Yes,Yes,1,0,No,No,1,No,Yes,2,No,No,No,Residential,high,29510110200
6431,38.67753,-90.22885,Ample,No,2,0,Yes,2,Yes,Yes,1,0,No,Yes,1,No,Yes,2,No,No,Yes,Residential,high,29510109600
6432,38.67879,-90.22879,Ample,No,2,0,Yes,2,Yes,Yes,1,1,No,No,2,No,Yes,2,No,No,No,Residential,high,29510109600
6433,38.68031,-90.22879,Ample,No,2,0,Yes,2,Yes,Yes,1,1,No,No,1,No,Yes,2,No,No,No,Residential,medium,29510109600
6434,38.68121,-90.2286,Ample,No,2,0,Yes,2,Yes,Yes,1,1,No,No,1,No,Yes,2,No,No,No,Residential,high,29510109600
6435,38.68292,-90.22893,Ample,No,2,0,No,2,Yes,Yes,0,0,No,No,1,Yes,Yes,2,No,No,No,Commercial,high,29510107600
6436,38.68372,-90.22893,Ample,No,0,0,Yes,2,Yes,Yes,1,1,No,No,2,No,Yes,2,No,Yes,No,Commercial,high,29510127000
643,38.58292,-90.29762,Ample,No,2,0,Yes,2,Yes,Yes,1,0,No,No,1,No,Yes,2,No,No,No,Residential,high,29510114102
6447,38.69912,-90.22889,Ample,No,0,0,Yes,2,Yes,Yes,1,1,No,No,1,Yes,Yes,2,No,No,No,Residential,high,29510127000
6448,38.70049,-90.22849,Ample,No,0,0,No,2,Yes,Yes,1,1,No,No,1,Yes,Yes,2,No,No,No,Commercial,high,29510127000
6449,38.70172,-90.22902,Ample,No,2,0,Yes,2,Yes,Yes,1,1,No,No,1,Yes,Yes,2,No,No,No,Commercial,INVALID,29510127000
644,38.58472,-90.29758,Ample,No,2,0,Yes,2,Yes,Yes,1,0,No,No,2,No,Yes,2,No,No,No,Residential,high,29510114102
6450,38.70273,-90.22946,Ample,No,2,0,Yes,2,Yes,Yes,1,0,No,No,2,Yes,Yes,2,No,No,No,Commercial,high,29510108100
6451,38.70444,-90.22888,Ample,No,0,0,Yes,2,No,Yes,1,1,No,No,1,No,Yes,2,No,No,No,Residential,high,29510127000
6452,38.70589,-90.2289,Ample,No,0,0,Yes,2,Yes,Yes,0,0,No,No,1,No,Yes,2,No,No,No,Residential,high,29510127000
6453,38.70712,-90.22888,Ample,No,0,0,Yes,2,Yes,Yes,1,1,No,No,1,No,Yes,2,No,No,No,Residential,high,29510127000
6454,38.70856,-90.2289,No,Yes,0,0,Yes,2,No,Yes,1,0,No,No,1,No,Yes,2,No,No,No,Residential,high,29510127000
6455,38.70987,-90.22888,Ample,No,2,0,Yes,2,Yes,Yes,1,1,No,No,1,No,Yes,2,No,No,No,Residential,high,29510127000
6456,38.71135,-90.22861,Ample,No,0,0,Yes,2,Yes,Yes,1,1,No,No,1,No,Yes,2,No,No,No,Residential,high,29510127000
6457,38.71225,-90.22941,Ample,No,2,0,Yes,2,No,Yes,1,1,No,No,1,No,Yes,2,No,No,No,Residential,medium,29510127000
6459,38.7154,-90.229,Ample,No,2,0,Yes,2,Yes,Yes,1,1,No,No,1,No,Yes,2,No,No,No,Residential,high,29510127000
645,38.58563,-90.29761,Ample,No,2,0,Yes,2,Yes,Yes,1,0,No,No,1,No,Yes,2,No,No,No,Residential,medium,29510114102
6460,38.71656,-90.22892,Some,No,2,0,Yes,2,No,Yes,1,1,No,No,1,No,Yes,2,No,No,No,Residential,high,29510127000
6461,38.71796,-90.22867,Some,No,0,0,Yes,2,No,Yes,1,1,No,No,1,No,Yes,2,No,No,No,Residential,medium,29510127000
6462,38.71947,-90.22899,Ample,No,2,0,Yes,2,Yes,Yes,1,1,No,No,1,No,Yes,2,No,No,Yes,Residential,high,29510127000
6463,38.72066,-90.22892,Ample,No,0,0,Yes,2,Yes,Yes,1,0,No,No,1,Yes,Yes,2,No,No,No,Residential,high,29510108300
6464,38.72192,-90.22891,Ample,No,2,0,Yes,2,No,Yes,1,1,Yes,Yes,1,Yes,Yes,2,No,No,No,Residential,medium,29510108300
6465,38.72329,-90.22848,Ample,No,2,0,No,2,Yes,Yes,1,1,No,No,1,Yes,Yes,2,No,No,No,Residential,high,29510108300
6466,38.72483,-90.22819,Ample,No,2,0,Yes,2,Yes,Yes,1,1,No,No,1,No,Yes,2,No,No,Yes,Residential,high,29510108300
6467,38.72608,-90.22889,Ample,No,2,0,Yes,2,Yes,Yes,0,0,No,No,1,Yes,Yes,2,No,No,No,Residential,high,29510108300
646,38.58721,-90.29764,Ample,No,2,0,Yes,2,Yes,Yes,1,1,No,Yes,2,No,Yes,2,No,No,No,Residential,high,29510114102
6473,38.57675,-90.22789,Some,Yes,0,0,No,2,Yes,Yes,1,0,No,No,1,No,Yes,2,No,No,No,Residential,high,29510115600
6475,38.57921,-90.22761,Ample,No,0,0,No,2,Yes,Yes,1,0,No,No,1,No,Yes,2,No,No,No,Commercial,high,29510115700
6476,38.58049,-90.22743,Ample,No,2,0,Yes,2,Yes,Yes,1,1,No,No,1,No,Yes,2,No,No,Yes,Residential,low,29510115700
6477,38.58189,-90.2278,Ample,No,0,0,Yes,2,Yes,Yes,1,0,No,No,1,Yes,Yes,2,No,No,No,Residential,high,29510115700
6478,38.58323,-90.22753,Ample,No,2,0,Yes,2,Yes,Yes,1,0,No,No,1,No,Yes,2,No,No,Yes,Commercial,high,29510124600
6479,38.58453,-90.22734,Ample,No,2,0,Yes,2,Yes,Yes,1,1,No,No,1,No,Yes,2,No,No,No,Commercial,medium,29510124100
647,38.58858,-90.29745,Ample,No,2,0,Yes,2,Yes,Yes,1,0,No,No,1,No,Yes,2,No,No,No,Residential,high,29510114102
6480,38.58584,-90.22755,Ample,No,2,0,No,2,Yes,Yes,1,1,No,No,1,No,Yes,2,No,No,No,Commercial,INVALID,29510124100
6481,38.58729,-90.22792,Ample,No,2,0,Yes,2,Yes,Yes,1,0,No,No,1,No,Yes,2,No,Yes,No,Residential,medium,29510124100
6482,38.58863,-90.22759,Ample,No,2,0,Yes,2,Yes,Yes,1,1,No,No,1,No,Yes,2,No,No,No,Residential,medium,29510124100
6483,38.58987,-90.22757,Ample,Yes,2,0,Yes,2,Yes,Yes,1,0,No,No,1,No,Yes,2,No,No,Yes,Residential,medium,29510124100
6484,38.59121,-90.22711,Some,No,2,0,Yes,2,Yes,Yes,1,0,No,No,1,No,Yes,2,No,Yes,No,Commercial,medium,29510124100
6485,38.59263,-90.22794,Ample,No,2,0,Yes,2,Yes,Yes,1,1,No,No,1,No,Yes,2,No,No,No,Residential,medium,29510124100
6486,38.59399,-90.2275,Some,Yes,2,0,No,2,Yes,Yes,0,0,No,No,1,No,Yes,2,No,No,No,Residential,INVALID,29510124200
6487,38.59537,-90.22755,Some,No,2,0,Yes,2,Yes,Yes,1,1,No,No,1,No,Yes,2,No,No,No,Residential,medium,29510124200
6488,38.59663,-90.2271,Ample,No,2,0,Yes,2,Yes,Yes,1,0,No,No,1,No,Yes,2,No,No,No,Residential,medium,29510124200
6489,38.59767,-90.22758,Ample,No,2,0,No,2,No,Yes,0,0,No,No,1,No,Yes,2,No,No,No,Residential,high,29510124200
648,38.5901,-90.29758,Ample,No,2,0,Yes,2,Yes,Yes,1,1,No,No,1,No,Yes,2,No,No,No,Residential,medium,29510114102
6490,38.59936,-90.22771,Ample,No,2,0,Yes,2,Yes,Yes,1,1,No,No,1,No,Yes,2,No,No,No,Residential,high,29510124200
6491,38.60068,-90.22743,Ample,No,2,0,Yes,2,Yes,Yes,1,1,No,No,1,No,Yes,2,No,No,No,Residential,medium,29510124200
6492,38.60205,-90.22753,Ample,No,2,0,Yes,2,No,Yes,1,1,No,No,1,No,Yes,2,No,No,No,Residential,medium,29510124200
6493,38.60366,-90.22738,Ample,No,2,0,Yes,2,Yes,Yes,1,1,No,No,1,No,Yes,2,No,No,No,Commercial,medium,29510124200
6494,38.6048,-90.22774,Ample,No,2,0,Yes,2,No,Yes,1,1,No,No,1,No,Yes,2,No,No,No,Residential,medium,29510123100
6495,38.60612,-90.22747,Ample,No,2,0,Yes,2,Yes,Yes,1,1,No,No,1,No,Yes,2,No,No,No,Residential,medium,29510123100
6496,38.60732,-90.2276,Ample,No,2,0,Yes,2,Yes,Yes,1,0,No,No,1,No,Yes,2,No,No,No,Residential,medium,29510123100
6497,38.60882,-90.22748,No,No,2,0,Yes,2,No,Yes,1,1,No,No,1,No,Yes,2,No,No,No,Residential,INVALID,29510123100
6498,38.61003,-90.22754,Ample,No,2,0,Yes,2,Yes,Yes,1,1,No,No,1,No,Yes,2,No,No,No,Residential,medium,29510123100
6499,38.6115,-90.22753,Ample,No,2,0,Yes,2,Yes,Yes,1,1,No,No,1,No,Yes,2,No,No,No,Residential,medium,29510123100
649,38.59145,-90.29755,No,No,2,0,Yes,2,Yes,Yes,1,1,No,No,1,No,Yes,2,No,No,No,Residential,low,29510114102
64,38.60068,-90.31373,Ample,No,0,0,No,2,Yes,Yes,1,0,No,No,2,No,Yes,2,No,No,No,Commercial,low,29510126800
6500,38.61289,-90.22782,Some,No,2,0,Yes,2,Yes,Yes,1,1,No,No,1,No,Yes,2,No,No,No,Residential,high,29510123100
6501,38.61416,-90.2275,Some,No,0,0,No,2,Yes,Yes,1,0,No,No,1,No,Yes,2,No,No,No,Residential,high,29510123100
6502,38.61558,-90.22756,Ample,No,2,0,Yes,2,Yes,Yes,1,1,Yes,No,1,No,Yes,2,No,No,No,Residential,high,29510123100
6503,38.61689,-90.22759,Ample,No,2,0,Yes,2,Yes,Yes,1,1,No,No,1,No,Yes,2,No,No,No,Residential,high,29510127300
6504,38.61834,-90.2275,Ample,No,2,0,Yes,2,Yes,Yes,1,1,No,No,1,No,Yes,2,No,No,No,Residential,low,29510127300
6505,38.61977,-90.22747,No,No,2,0,Yes,2,Yes,Yes,0,0,No,No,1,No,Yes,2,No,No,No,Residential,high,29510127300
6506,38.62099,-90.22751,Ample,No,2,0,Yes,2,Yes,Yes,0,0,No,No,2,No,Yes,2,No,No,No,Residential,medium,29510127300
6507,38.62235,-90.22752,Ample,No,2,0,Yes,2,Yes,Yes,1,1,No,No,1,No,Yes,2,No,No,No,Residential,low,29510127300
6508,38.62325,-90.22764,Ample,No,0,0,Yes,2,Yes,Yes,1,1,No,No,1,No,Yes,2,No,No,No,Commercial,low,29510127300
6509,38.62461,-90.2277,Ample,No,2,0,Yes,2,Yes,Yes,1,1,Yes,No,1,No,Yes,2,No,No,Yes,Commercial,INVALID,29510127800
650,38.59281,-90.29755,Ample,No,2,0,Yes,2,Yes,Yes,0,0,No,No,1,No,Yes,2,No,No,No,Residential,high,29510114102
6512,38.62907,-90.22793,Ample,No,0,0,No,2,Yes,Yes,1,1,No,No,1,No,Yes,2,No,No,No,Commercial,high,29510127800
6513,38.63034,-90.22752,Ample,No,2,0,Yes,2,Yes,Yes,1,1,No,No,2,No,Yes,2,No,No,No,Commercial,low,29510127800
6514,38.63178,-90.22753,Ample,No,2,1,Yes,2,Yes,Yes,0,0,No,No,1,Yes,Yes,2,No,No,No,Commercial,INVALID,29510127800
6515,38.63286,-90.22668,Ample,No,2,0,Yes,2,Yes,Yes,1,1,Yes,No,1,Yes,Yes,2,No,No,Yes,Residential,high,29510127800
6517,38.63611,-90.22735,Ample,No,2,0,Yes,2,Yes,Yes,1,1,Yes,No,1,No,Yes,2,No,No,No,Commercial,medium,29510127800
6518,38.637,-90.22761,Ample,No,2,0,Yes,2,Yes,Yes,1,1,No,No,1,No,Yes,2,No,No,No,Commercial,medium,29510127800
6519,38.63847,-90.22762,Ample,No,2,0,Yes,2,Yes,Yes,1,1,No,No,1,No,Yes,2,No,No,No,Commercial,low,29510127800
651,38.59393,-90.29779,Ample,No,2,0,Yes,2,Yes,Yes,1,1,No,No,1,No,Yes,2,No,No,Yes,Residential,low,29510114102
6520,38.63992,-90.22754,Ample,No,2,0,Yes,2,Yes,Yes,1,0,No,No,1,No,Yes,2,No,No,No,Residential,medium,29510127800
6521,38.64025,-90.2305,Ample,No,2,0,No,0,No,Yes,0,0,No,No,1,No,No,2,No,Yes,No,Commercial,medium,29510127800
6523,38.64441,-90.22708,Ample,No,2,0,Yes,2,Yes,Yes,1,1,No,No,1,No,Yes,2,No,No,No,Residential,low,29510121200
6524,38.6452,-90.2277,Ample,No,2,0,Yes,2,Yes,Yes,1,1,No,No,1,No,Yes,2,No,No,No,Residential,high,29510111100
6525,38.64636,-90.22705,Ample,No,2,0,Yes,2,Yes,Yes,1,1,Yes,No,1,No,Yes,2,No,No,Yes,Commercial,high,29510127700
6526,38.64792,-90.22755,Ample,Yes,0,0,Yes,2,Yes,Yes,1,1,No,No,1,No,Yes,2,No,No,No,Commercial,high,29510127700
6527,38.64929,-90.2276,Ample,No,0,0,Yes,2,Yes,Yes,1,1,No,No,1,No,Yes,2,No,No,No,Residential,low,29510127700
6528,38.65048,-90.22768,No,No,0,0,No,2,No,Yes,0,0,No,No,1,No,No,2,No,No,No,Residential,low,29510127700
6529,38.65191,-90.22755,Ample,No,2,0,Yes,2,Yes,Yes,1,1,No,No,1,No,Yes,2,No,No,No,Residential,low,29510127700
652,38.59548,-90.29754,Ample,No,2,0,Yes,2,Yes,Yes,1,0,No,No,1,No,Yes,2,No,No,No,Residential,high,29510114102
6530,38.65336,-90.22772,Ample,No,1,0,Yes,2,No,Yes,0,0,No,No,1,No,Yes,2,No,No,No,Residential,low,29510127700
6531,38.65466,-90.22754,Ample,No,0,0,Yes,2,Yes,Yes,1,1,No,No,1,No,Yes,2,No,No,No,Residential,high,29510127700
6532,38.65607,-90.22745,Ample,Yes,0,0,Yes,2,No,Yes,0,0,No,No,2,No,Yes,2,No,No,No,Residential,high,29510127700
6533,38.65736,-90.22746,Ample,No,2,0,Yes,2,No,Yes,1,1,No,No,1,No,Yes,2,No,No,No,Residential,low,29510127700
6534,38.65857,-90.22757,Ample,No,2,0,Yes,2,Yes,Yes,1,1,No,No,1,No,Yes,2,No,No,No,Residential,medium,29510110400
6535,38.65979,-90.22765,Ample,No,2,0,Yes,2,Yes,Yes,1,1,No,No,1,No,Yes,2,No,No,Yes,Residential,high,29510110400
6536,38.66128,-90.22753,Ample,No,2,0,Yes,2,Yes,Yes,1,0,No,No,1,No,Yes,2,No,No,No,Residential,high,29510110300
6537,38.66298,-90.22728,Ample,No,2,0,Yes,2,Yes,Yes,1,1,No,No,1,No,Yes,2,No,No,No,Residential,high,29510110300
6538,38.66401,-90.22752,Ample,No,2,0,Yes,2,No,Yes,1,1,No,No,1,No,Yes,2,No,No,No,Residential,high,29510110300
6539,38.66519,-90.22769,Ample,No,2,0,Yes,2,No,Yes,1,0,No,No,1,No,Yes,2,No,No,No,Residential,high,29510110300
653,38.59675,-90.29764,Some,No,2,0,Yes,2,Yes,Yes,1,1,No,No,1,No,Yes,2,No,No,No,Residential,low,29510114102
6541,38.66811,-90.22765,Ample,No,2,0,Yes,2,Yes,Yes,1,0,No,No,1,Yes,Yes,2,No,No,No,Residential,medium,29510110300
6542,38.66939,-90.22741,No,No,2,0,Yes,2,Yes,Yes,1,1,No,No,1,No,Yes,2,No,No,No,Residential,high,29510110200
6543,38.67066,-90.22768,Some,No,2,0,Yes,2,Yes,Yes,1,1,No,No,1,No,Yes,2,No,No,No,Residential,high,29510110200
6544,38.67216,-90.22757,Ample,No,2,0,Yes,2,Yes,Yes,1,1,No,No,1,No,Yes,2,No,No,No,Residential,high,29510110200
6545,38.67349,-90.22762,Ample,No,2,0,Yes,2,Yes,Yes,1,1,No,No,1,No,Yes,2,No,No,Yes,Residential,medium,29510110200
6546,38.67482,-90.22745,No,No,2,0,Yes,2,No,Yes,1,1,No,No,1,No,Yes,2,No,No,No,Residential,high,29510110200
6547,38.6763,-90.22768,Ample,No,2,0,Yes,2,No,Yes,1,1,No,No,1,No,Yes,2,No,No,No,Residential,high,29510109600
6548,38.67763,-90.22756,Ample,No,2,0,Yes,2,No,Yes,1,1,No,No,1,No,Yes,2,No,No,No,Residential,high,29510109600
6549,38.67887,-90.2275,Ample,No,2,1,Yes,2,No,Yes,1,1,No,No,1,No,Yes,2,No,No,No,Residential,medium,29510109600
654,38.59807,-90.29754,Ample,No,2,0,Yes,2,Yes,Yes,1,1,No,No,1,No,Yes,2,No,No,No,Residential,medium,29510114200
6550,38.68012,-90.22741,Some,No,1,0,Yes,2,No,Yes,1,1,No,No,1,No,Yes,2,No,No,No,Residential,high,29510109600
6551,38.68171,-90.22765,Ample,No,0,0,Yes,2,Yes,Yes,1,0,No,No,1,No,Yes,2,No,No,No,Residential,medium,29510109600
6552,38.68289,-90.22752,Ample,No,0,0,Yes,2,Yes,Yes,1,0,No,No,2,Yes,Yes,2,No,No,No,Residential,high,29510107600
655,38.59939,-90.2976,Ample,No,2,0,Yes,2,Yes,Yes,1,1,No,No,1,No,Yes,2,No,No,No,Residential,medium,29510114200
6563,38.69767,-90.2277,Ample,No,0,0,Yes,2,Yes,Yes,1,0,No,No,2,Yes,Yes,2,No,No,No,Residential,high,29510127000
6564,38.69901,-90.22785,Ample,No,2,0,No,2,Yes,Yes,1,1,No,No,1,Yes,Yes,2,No,No,No,Residential,high,29510127000
6565,38.70061,-90.22776,Ample,No,2,0,Yes,2,Yes,Yes,1,0,No,No,1,No,Yes,2,No,No,No,Residential,low,29510127000
6568,38.70467,-90.22776,Ample,No,0,0,Yes,2,Yes,Yes,1,0,No,No,1,No,Yes,2,No,No,No,Commercial,high,29510127000
6569,38.70492,-90.22727,Ample,No,0,0,Yes,2,Yes,Yes,1,1,No,No,1,No,Yes,2,No,No,No,Residential,high,29510127000
656,38.60073,-90.2976,Ample,No,2,0,Yes,2,Yes,Yes,1,0,No,No,1,No,Yes,2,No,No,No,Residential,medium,29510114200
6570,38.70754,-90.22612,Ample,No,0,0,No,2,No,Yes,1,1,Yes,No,1,No,Yes,2,No,No,No,Commercial,low,29510127000
6571,38.70872,-90.2278,Ample,No,2,0,Yes,2,No,Yes,1,1,No,No,1,No,Yes,2,No,No,No,Residential,high,29510127000
6572,38.70974,-90.22777,Ample,No,2,1,No,2,Yes,Yes,1,0,No,No,1,No,Yes,2,No,No,No,Residential,high,29510127000
6573,38.71143,-90.22775,Ample,No,0,0,Yes,2,No,Yes,1,1,No,No,1,No,Yes,2,No,No,No,Commercial,low,29510127000
6574,38.7126,-90.2276,Ample,No,0,0,Yes,2,No,Yes,1,0,No,No,1,No,Yes,2,No,No,No,Commercial,high,29510127000
6575,38.71396,-90.2276,Ample,No,2,0,No,2,Yes,Yes,1,0,No,No,1,No,Yes,2,No,No,No,Commercial,low,29510127000
6576,38.71517,-90.22738,Ample,No,0,0,No,2,Yes,Yes,1,0,No,No,1,No,Yes,2,No,No,No,Commercial,high,29510127000
6577,38.71637,-90.22728,Ample,No,0,0,No,2,No,Yes,1,1,No,No,1,No,Yes,2,No,No,No,Commercial,INVALID,29510127000
6578,38.71799,-90.22764,Ample,No,2,0,Yes,2,No,Yes,1,1,No,No,1,No,Yes,2,No,No,No,Residential,high,29510127000
6579,38.71932,-90.22773,Ample,No,2,0,Yes,2,No,Yes,1,1,No,No,1,No,Yes,2,No,No,No,Residential,high,29510127000
657,38.60163,-90.2977,Ample,No,2,0,Yes,2,Yes,Yes,1,0,No,No,1,No,Yes,2,No,No,No,Residential,high,29510114200
6580,38.7203,-90.22727,Ample,No,0,0,Yes,2,Yes,Yes,1,1,No,No,1,Yes,Yes,2,No,No,No,Residential,high,29510127000
6582,38.7233,-90.22729,Ample,No,2,0,Yes,2,Yes,Yes,1,1,No,No,1,No,Yes,2,No,No,No,Residential,medium,29510127000
6583,38.72472,-90.22761,Ample,No,0,0,Yes,2,Yes,Yes,0,0,No,No,1,No,Yes,2,No,No,No,Residential,high,29510127000
6584,38.7258,-90.22742,Some,No,0,0,No,2,No,Yes,1,0,No,No,1,No,Yes,2,No,No,No,Residential,high,29510127000
6585,38.72739,-90.22797,Ample,No,0,0,Yes,2,Yes,Yes,1,0,No,No,1,No,Yes,2,No,No,No,Commercial,high,29510108300
6589,38.57804,-90.22654,No,No,0,0,Yes,2,No,Yes,1,0,No,No,2,No,Yes,2,No,No,No,Residential,high,29510115600
658,38.6034,-90.29767,Some,No,2,0,Yes,2,Yes,Yes,1,1,No,No,1,No,Yes,2,No,No,No,Residential,high,29510103700
6590,38.57957,-90.227,Ample,No,2,0,No,2,Yes,Yes,1,1,No,No,1,No,Yes,2,No,No,No,Commercial,high,29510115700
6591,38.5805,-90.22613,Some,No,0,0,Yes,2,Yes,Yes,1,1,No,No,1,No,Yes,2,No,No,Yes,Residential,high,29510115700
6592,38.58144,-90.22624,Ample,No,2,0,Yes,2,Yes,Yes,1,1,No,No,1,No,Yes,2,No,No,No,Residential,high,29510115700
6593,38.58326,-90.22612,Ample,No,2,0,Yes,2,Yes,Yes,1,0,No,No,1,No,Yes,2,No,No,No,Residential,medium,29510124600
6594,38.58465,-90.22616,Some,No,2,0,Yes,2,No,Yes,0,0,No,No,2,No,Yes,2,No,No,No,Residential,high,29510124600
6595,38.58594,-90.22629,Ample,No,2,0,Yes,2,No,Yes,1,1,No,No,2,No,Yes,2,No,No,No,Residential,medium,29510124600
6596,38.5872,-90.2261,Some,No,2,0,Yes,2,No,Yes,0,0,No,No,1,No,Yes,2,No,No,No,Residential,medium,29510124300
6597,38.58858,-90.22643,Ample,No,2,0,Yes,2,Yes,Yes,1,1,No,No,1,No,Yes,2,No,No,Yes,Residential,high,29510124100
6598,38.5899,-90.22617,Ample,No,2,0,Yes,2,Yes,Yes,1,1,Yes,No,1,Yes,Yes,2,No,No,No,Residential,medium,29510124100
6599,38.59125,-90.22591,Ample,No,2,0,Yes,2,Yes,Yes,1,1,No,No,2,No,Yes,2,No,Yes,No,Residential,medium,29510124100
659,38.60472,-90.29747,Ample,No,2,0,No,2,Yes,Yes,1,1,Yes,No,1,Yes,Yes,2,No,No,No,Residential,high,29510103400
6600,38.59254,-90.22564,Ample,No,2,0,Yes,2,Yes,Yes,1,1,No,No,1,No,Yes,2,No,No,Yes,Commercial,medium,29510124100
6601,38.59385,-90.22592,Ample,No,2,0,Yes,2,No,Yes,1,1,No,No,1,No,Yes,2,No,No,No,Residential,medium,29510124200
6602,38.59531,-90.22624,Ample,Yes,2,0,Yes,2,Yes,Yes,1,1,No,No,1,No,Yes,2,No,No,No,Residential,medium,29510124200
6603,38.59665,-90.22596,Ample,No,2,0,Yes,2,Yes,Yes,1,1,No,No,1,No,Yes,2,No,No,No,Residential,INVALID,29510124200
6604,38.59792,-90.22572,Ample,No,2,0,Yes,2,Yes,Yes,1,1,No,No,1,No,Yes,2,No,No,No,Residential,medium,29510124200
6605,38.59948,-90.22619,Ample,No,2,1,Yes,2,Yes,Yes,1,1,No,No,1,No,Yes,2,No,No,No,Residential,medium,29510124200
6606,38.60077,-90.22627,Ample,No,2,0,Yes,2,Yes,Yes,1,1,No,Yes,1,No,Yes,2,No,No,No,Residential,medium,29510124200
6607,38.60202,-90.22603,Ample,No,2,0,Yes,2,Yes,Yes,1,1,No,Yes,1,No,Yes,2,No,No,No,Residential,high,29510124200
6608,38.60349,-90.22629,Ample,No,2,0,Yes,2,Yes,Yes,1,1,No,No,1,No,Yes,2,No,No,No,Commercial,medium,29510123100
6609,38.60483,-90.22657,Ample,No,2,0,Yes,2,Yes,Yes,1,1,No,No,1,No,Yes,2,No,No,No,Residential,low,29510123100
660,38.60651,-90.2975,Ample,No,2,0,Yes,2,Yes,Yes,1,1,No,No,1,No,Yes,2,No,No,Yes,Residential,medium,29510103400
6610,38.60615,-90.22628,Ample,No,2,0,Yes,2,No,Yes,1,1,No,No,1,No,Yes,2,No,No,No,Commercial,high,29510123100
6611,38.60723,-90.22628,Ample,No,2,0,Yes,2,Yes,Yes,1,1,No,No,1,Yes,Yes,2,No,No,No,Residential,medium,29510123100
6612,38.60896,-90.22611,Ample,No,2,0,Yes,2,Yes,Yes,1,0,No,No,1,No,Yes,2,No,No,No,Residential,high,29510123100
6613,38.6103,-90.22615,Some,Yes,2,0,Yes,2,Yes,Yes,1,0,No,No,1,No,Yes,2,No,No,No,Residential,high,29510123100
6614,38.61155,-90.22634,Ample,No,2,0,Yes,2,Yes,Yes,1,1,No,No,1,No,Yes,2,No,No,No,Residential,medium,29510123100
6615,38.61282,-90.22608,Some,No,2,0,Yes,2,Yes,Yes,1,1,No,No,1,No,Yes,2,No,No,No,Residential,medium,29510123100
6616,38.61423,-90.22614,Ample,No,0,0,No,2,Yes,Yes,1,0,No,No,1,No,Yes,2,No,No,No,Residential,high,29510123100
6617,38.61541,-90.22622,Ample,No,2,0,Yes,2,Yes,Yes,1,1,No,No,1,No,Yes,2,No,Yes,No,Residential,high,29510123100
6618,38.6168,-90.22624,Ample,No,2,0,Yes,2,Yes,Yes,1,1,No,No,1,No,Yes,2,No,No,No,Residential,low,29510123100
6619,38.61817,-90.22624,Ample,No,2,0,Yes,2,Yes,Yes,1,1,No,No,1,No,Yes,2,No,No,No,Residential,high,29510123100
661,38.60731,-90.29759,Some,No,2,0,Yes,2,Yes,Yes,1,1,No,No,1,No,Yes,2,No,No,No,Residential,medium,29510103400
6620,38.61957,-90.22625,Ample,No,2,0,Yes,2,No,Yes,1,1,No,No,1,No,Yes,2,No,No,No,Residential,low,29510127300
6621,38.62072,-90.22623,Ample,No,2,0,Yes,2,Yes,Yes,1,1,No,No,1,No,Yes,2,No,No,No,Residential,low,29510127300
6622,38.62209,-90.2263,Ample,No,2,0,Yes,2,Yes,Yes,1,1,No,No,1,No,Yes,2,No,No,No,Residential,low,29510127300
6623,38.6238,-90.22615,Ample,No,2,0,Yes,2,Yes,Yes,1,0,No,No,1,No,Yes,2,No,No,No,Commercial,medium,29510127800
6627,38.62986,-90.22664,Ample,No,2,0,Yes,2,Yes,Yes,1,1,No,No,1,No,Yes,2,No,No,No,Residential,high,29510127800
6628,38.63047,-90.22611,Ample,No,0,0,Yes,2,Yes,Yes,1,1,No,No,1,No,Yes,2,No,No,No,Commercial,low,29510127800
6629,38.63104,-90.22626,Ample,No,0,0,Yes,2,Yes,Yes,1,1,Yes,No,1,No,Yes,2,No,No,No,Residential,high,29510127800
662,38.60871,-90.29758,Ample,No,2,0,Yes,2,Yes,Yes,1,1,No,No,1,No,Yes,2,No,No,No,Residential,medium,29510103400
6630,38.63288,-90.2263,Ample,No,2,0,Yes,2,No,Yes,1,1,Yes,No,1,Yes,Yes,2,No,No,Yes,Commercial,medium,29510127800
6631,38.63437,-90.2261,Ample,No,2,0,Yes,2,Yes,Yes,1,1,No,No,1,Yes,Yes,2,No,Yes,No,Residential,medium,29510127800
6632,38.63585,-90.22613,Ample,No,2,0,Yes,2,Yes,Yes,1,1,No,No,1,No,Yes,2,No,No,No,Commercial,medium,29510127800
6633,38.63718,-90.22612,Ample,No,2,0,Yes,2,Yes,Yes,1,0,No,No,1,No,Yes,2,No,No,No,Commercial,INVALID,29510127800
6634,38.63841,-90.22598,Ample,No,2,0,Yes,2,Yes,Yes,1,1,No,No,1,No,Yes,2,No,No,No,Commercial,low,29510127800
6635,38.63966,-90.22628,Ample,No,2,0,Yes,2,Yes,Yes,1,1,No,No,1,No,Yes,2,No,No,No,Residential,medium,29510127800
6636,38.64123,-90.22667,Ample,No,2,0,Yes,2,Yes,Yes,1,1,No,No,1,No,Yes,2,No,Yes,No,Residential,high,29510121200
6637,38.64252,-90.22623,Ample,No,2,0,Yes,2,Yes,Yes,1,1,No,No,1,No,Yes,2,No,No,Yes,Commercial,low,29510121200
6638,38.64387,-90.22618,Ample,No,2,0,Yes,2,Yes,Yes,1,1,No,No,1,No,Yes,2,No,No,No,Residential,high,29510121200
6639,38.64534,-90.2261,Ample,No,0,0,Yes,2,Yes,Yes,1,1,Yes,Yes,1,No,Yes,2,No,No,Yes,Commercial,high,29510121200
663,38.61012,-90.29758,Some,No,2,0,Yes,2,No,Yes,0,0,No,No,1,No,Yes,2,No,No,No,Residential,high,29510103400
6640,38.64662,-90.22618,Ample,No,2,0,No,2,Yes,Yes,1,1,No,No,1,No,Yes,2,No,No,No,Commercial,high,29510121200
6641,38.64784,-90.22618,Ample,No,2,1,Yes,2,Yes,Yes,1,1,No,Yes,1,No,Yes,2,No,No,No,Residential,low,29510127700
6642,38.64929,-90.22613,Ample,No,0,0,Yes,2,No,Yes,1,1,No,No,1,No,Yes,2,No,No,No,Residential,INVALID,29510127700
6643,38.65073,-90.22602,Some,No,2,0,Yes,2,Yes,Yes,1,1,No,No,2,No,Yes,2,No,No,No,Residential,low,29510127700
6644,38.65184,-90.22627,Ample,No,2,0,Yes,2,Yes,Yes,1,1,No,No,1,No,Yes,2,No,No,No,Residential,INVALID,29510127700
6645,38.65323,-90.22625,Ample,No,2,0,Yes,2,Yes,Yes,1,1,No,No,2,Yes,Yes,2,No,Yes,No,Residential,medium,29510127700
6646,38.6546,-90.22616,Ample,No,2,0,Yes,2,Yes,Yes,1,1,No,No,1,No,Yes,2,No,No,No,Residential,low,29510127700
6647,38.65594,-90.22621,Ample,No,0,0,Yes,2,Yes,Yes,1,1,No,No,1,No,Yes,2,No,No,No,Residential,low,29510127700
6648,38.65737,-90.22617,Some,No,0,0,Yes,2,No,Yes,1,1,No,No,1,No,Yes,2,No,No,No,Residential,medium,29510127700
6649,38.65858,-90.2262,Ample,Yes,0,0,Yes,2,No,Yes,1,1,No,Yes,1,No,Yes,2,No,No,No,Commercial,medium,29510110400
664,38.61173,-90.29741,Ample,No,2,0,Yes,2,Yes,Yes,1,1,No,No,1,No,Yes,2,No,No,No,Residential,medium,29510103400
6650,38.65984,-90.22632,Some,No,0,0,Yes,2,No,Yes,0,0,No,No,1,No,No,2,No,No,No,Residential,high,29510110400
6651,38.66139,-90.22612,Ample,No,2,0,Yes,2,Yes,Yes,1,1,No,No,1,No,Yes,2,No,No,No,Residential,high,29510110400
6652,38.66256,-90.22632,Ample,No,2,0,Yes,2,Yes,Yes,1,1,No,No,1,No,Yes,2,No,No,No,Residential,medium,29510110400
6653,38.66389,-90.22624,Some,No,0,0,Yes,2,No,Yes,1,1,No,No,1,No,Yes,2,No,No,No,Residential,high,29510110300
6654,38.66536,-90.22616,Ample,No,2,0,Yes,2,Yes,Yes,1,1,No,No,1,Yes,Yes,2,No,No,Yes,Residential,high,29510110500
6657,38.66961,-90.22597,Ample,No,2,0,Yes,2,Yes,Yes,1,0,No,No,1,Yes,Yes,2,No,No,No,Residential,high,29510110500
6658,38.67096,-90.22601,Ample,No,0,0,Yes,2,No,Yes,0,0,No,No,2,No,Yes,2,No,No,No,Residential,high,29510110200
6659,38.67204,-90.22624,Some,No,0,0,Yes,2,No,Yes,0,0,No,No,1,No,Yes,2,No,No,No,Residential,high,29510110200
665,38.61333,-90.29751,Ample,No,2,0,Yes,2,No,Yes,1,1,No,No,1,No,Yes,2,No,No,No,Residential,high,29510103600
6660,38.6734,-90.22613,Ample,No,2,0,Yes,2,Yes,Yes,1,1,No,No,1,No,Yes,2,No,No,No,Residential,medium,29510110200
6661,38.6749,-90.22607,Ample,No,2,0,No,2,Yes,Yes,1,1,No,No,1,No,Yes,2,No,No,No,Residential,medium,29510109600
6662,38.67596,-90.22604,No,No,1,0,No,2,No,Yes,1,0,No,No,1,No,Yes,2,No,No,No,Residential,high,29510109600
6663,38.67748,-90.2262,Ample,No,2,0,Yes,2,Yes,Yes,1,1,No,No,2,No,Yes,2,No,No,No,Residential,high,29510109600
6664,38.6789,-90.22626,Ample,No,2,0,Yes,2,Yes,Yes,1,1,No,No,1,No,Yes,2,No,No,No,Residential,medium,29510109600
6665,38.68019,-90.22617,Ample,No,2,0,Yes,2,Yes,Yes,1,1,No,No,1,No,Yes,2,No,No,No,Residential,high,29510109600
6666,38.6815,-90.22619,Ample,No,2,0,Yes,2,No,Yes,1,1,No,No,1,No,Yes,2,No,No,No,Residential,high,29510109600
6667,38.68284,-90.2261,Ample,No,2,0,No,2,Yes,Yes,1,1,No,No,1,No,Yes,2,No,No,No,Residential,high,29510109600
666,38.61415,-90.29754,Ample,No,2,0,Yes,2,Yes,Yes,1,1,Yes,No,1,No,Yes,2,No,No,No,Residential,medium,29510103600
6676,38.69518,-90.2257,Ample,No,0,0,No,2,Yes,Yes,1,0,No,No,1,Yes,Yes,2,No,No,No,Residential,low,29510127000
6677,38.69633,-90.22629,Ample,No,0,0,No,2,Yes,Yes,1,1,No,No,1,Yes,Yes,2,No,No,No,Commercial,high,29510127000
6678,38.69744,-90.2259,Ample,Yes,0,0,Yes,2,No,Yes,1,1,No,No,1,No,Yes,2,No,No,No,Residential,high,29510127000
6679,38.69878,-90.22624,Ample,No,0,0,Yes,2,Yes,Yes,1,1,No,No,1,No,Yes,2,No,No,No,Commercial,high,29510127000
667,38.6155,-90.2976,Ample,No,0,0,No,2,Yes,Yes,1,0,No,No,1,No,Yes,2,No,No,No,Commercial,high,29510103600
6680,38.701,-90.22705,Ample,No,2,0,No,2,No,Yes,1,0,No,No,1,No,Yes,2,No,No,No,Commercial,high,29510127000
6684,38.70558,-90.22602,Ample,No,2,0,Yes,2,Yes,Yes,1,0,No,No,1,No,Yes,2,No,No,No,Commercial,INVALID,29510127000
6685,38.70732,-90.22593,Ample,No,2,0,No,2,Yes,Yes,1,1,No,No,1,No,Yes,2,No,No,No,Commercial,high,29510127000
6686,38.7084,-90.22611,Ample,No,2,0,No,2,Yes,Yes,1,1,No,No,1,No,Yes,2,No,No,No,Commercial,high,29510127000
6689,38.71233,-90.22604,Ample,No,0,0,Yes,2,No,Yes,1,1,No,No,2,No,Yes,2,No,No,No,Commercial,low,29510127000
6692,38.71682,-90.22644,Ample,No,2,0,Yes,2,Yes,Yes,1,1,No,No,1,No,Yes,2,No,No,No,Commercial,high,29510127000
6693,38.71718,-90.22577,Ample,No,0,0,Yes,2,Yes,Yes,1,1,No,No,2,No,Yes,2,No,No,No,Commercial,high,29510127000
6694,38.71934,-90.22664,Ample,No,0,0,No,2,Yes,Yes,1,0,No,No,1,No,Yes,2,No,No,No,Residential,high,29510127000
6695,38.72072,-90.2264,Ample,No,2,0,No,2,Yes,Yes,1,0,No,No,1,Yes,Yes,2,No,No,No,Commercial,high,29510127000
6696,38.72198,-90.2262,Ample,No,0,0,No,2,Yes,Yes,1,0,No,No,1,Yes,Yes,2,No,No,No,Residential,high,29510127000
6697,38.72347,-90.22623,Ample,No,0,0,Yes,2,No,Yes,1,1,No,No,1,No,Yes,2,No,No,No,Residential,medium,29510127000
6698,38.72473,-90.22648,Ample,No,0,0,Yes,2,Yes,Yes,0,0,No,No,1,No,Yes,2,No,No,No,Residential,high,29510127000
6699,38.7258,-90.22625,Ample,No,0,0,No,2,No,Yes,0,0,No,No,2,No,Yes,2,No,No,No,Residential,high,29510127000
66,38.6034,-90.31389,Ample,No,0,0,Yes,2,Yes,Yes,1,0,No,No,1,No,Yes,2,No,No,No,Commercial,high,29510126800
6700,38.72727,-90.22625,Ample,No,2,0,No,2,Yes,Yes,1,1,No,No,1,Yes,Yes,2,No,No,No,Commercial,high,29510127000
6704,38.57938,-90.22512,Ample,No,0,0,Yes,2,No,Yes,1,0,No,No,1,No,Yes,2,No,No,No,Residential,high,29510115700
6705,38.58035,-90.22491,Ample,No,0,0,No,2,Yes,Yes,1,1,No,No,1,No,Yes,2,No,No,No,Residential,high,29510124600
6706,38.58218,-90.22481,Ample,No,2,0,Yes,2,Yes,Yes,1,0,No,No,1,No,Yes,2,No,No,No,Residential,high,29510124600
6707,38.58319,-90.22463,Ample,No,2,0,Yes,2,Yes,Yes,1,1,No,No,1,No,Yes,2,No,No,No,Residential,high,29510124600
6708,38.58455,-90.22494,Ample,No,2,0,Yes,2,Yes,Yes,1,1,No,No,1,No,Yes,2,No,No,No,Residential,medium,29510124600
6709,38.58585,-90.2248,Ample,No,2,0,Yes,2,Yes,Yes,1,1,No,No,1,No,Yes,2,No,No,Yes,Residential,high,29510124600
670,38.61958,-90.29765,Ample,No,2,0,Yes,2,Yes,Yes,1,1,No,No,1,No,Yes,2,No,No,No,Commercial,low,29510126800
6710,38.58706,-90.22513,Ample,No,2,0,Yes,2,No,Yes,1,1,No,No,1,No,Yes,2,No,No,No,Residential,medium,29510124600
6711,38.58871,-90.22518,Ample,No,2,0,Yes,2,Yes,Yes,1,1,No,No,1,No,Yes,2,No,No,Yes,Residential,INVALID,29510124300
6712,38.58991,-90.22494,Ample,No,2,0,Yes,2,Yes,Yes,1,1,No,No,1,No,Yes,2,No,Yes,No,Commercial,high,29510124300
6713,38.5913,-90.22479,No,No,2,0,No,1,No,Yes,0,0,No,No,1,No,No,2,No,Yes,No,Residential,high,29510124300
6714,38.59267,-90.22492,Some,No,2,0,Yes,2,Yes,Yes,1,1,No,No,1,No,Yes,2,No,No,No,Residential,high,29510124300
6715,38.59393,-90.22465,Ample,No,2,0,Yes,2,Yes,Yes,1,1,No,No,1,No,Yes,2,No,No,No,Residential,high,29510124300
6716,38.59531,-90.22479,Ample,No,2,0,Yes,2,Yes,Yes,1,1,Yes,No,1,No,Yes,2,No,No,No,Commercial,high,29510124300
6717,38.59667,-90.22476,Ample,No,2,0,Yes,2,Yes,Yes,1,1,Yes,No,1,Yes,Yes,2,No,No,No,Residential,medium,29510124200
6718,38.59807,-90.22512,Some,No,2,0,Yes,2,No,Yes,1,1,No,No,1,Yes,Yes,2,No,No,No,Residential,high,29510124200
6719,38.59935,-90.22485,Ample,No,2,0,Yes,2,Yes,Yes,1,0,No,No,1,No,Yes,2,No,No,No,Residential,medium,29510124200
671,38.62098,-90.29743,Ample,No,0,0,Yes,2,Yes,Yes,1,1,No,No,1,No,Yes,2,No,No,Yes,Commercial,high,29510126800
6720,38.60067,-90.22458,Some,No,2,0,No,2,No,Yes,0,0,No,No,1,No,Yes,2,No,No,No,Residential,high,29510124200
6721,38.60204,-90.22486,Ample,No,2,0,Yes,2,Yes,Yes,1,1,No,No,1,No,Yes,2,No,No,No,Residential,medium,29510124200
6722,38.6035,-90.22486,Ample,No,2,0,Yes,2,Yes,Yes,1,1,No,No,1,No,Yes,2,No,No,No,Residential,high,29510123100
6723,38.60465,-90.22429,Ample,Yes,2,0,Yes,2,Yes,Yes,1,1,No,No,1,No,Yes,2,No,No,No,Residential,medium,29510123100
6724,38.60618,-90.22511,Ample,No,0,0,Yes,2,Yes,Yes,1,1,No,No,1,No,Yes,2,No,No,No,Commercial,low,29510123100
6725,38.60747,-90.22485,Some,No,2,0,Yes,2,Yes,Yes,1,1,No,No,1,Yes,Yes,2,No,No,No,Residential,INVALID,29510123100
6726,38.60881,-90.22486,Ample,No,2,0,Yes,2,Yes,Yes,1,1,No,No,1,No,Yes,2,No,No,No,Residential,medium,29510123100
6727,38.61012,-90.22479,Some,No,2,0,Yes,2,No,Yes,1,1,No,No,1,No,Yes,2,No,No,No,Residential,medium,29510123100
6728,38.61149,-90.22489,Ample,No,2,0,Yes,2,Yes,Yes,1,1,No,No,1,No,Yes,2,No,No,No,Residential,medium,29510123100
6729,38.61294,-90.22486,Some,No,2,0,No,2,No,Yes,0,0,No,No,1,No,Yes,2,No,No,No,Residential,INVALID,29510123100
672,38.62231,-90.29717,Some,No,0,0,No,2,No,Yes,1,1,No,No,1,No,Yes,2,No,No,No,Residential,high,29510126800
6730,38.61412,-90.22487,Ample,No,0,0,No,2,Yes,Yes,1,0,No,No,1,No,Yes,2,No,No,No,Residential,medium,29510123100
6731,38.61525,-90.2249,Ample,No,2,0,Yes,2,Yes,Yes,1,1,No,No,1,No,Yes,2,No,No,No,Residential,medium,29510123100
6732,38.61693,-90.22526,Ample,No,2,0,Yes,2,Yes,Yes,1,1,No,No,1,No,Yes,2,No,No,No,Residential,high,29510123100
6733,38.61826,-90.22495,Ample,No,2,0,Yes,2,Yes,Yes,1,1,No,No,1,No,Yes,2,No,No,No,Residential,medium,29510123100
6734,38.61954,-90.22466,Ample,No,2,0,Yes,2,Yes,Yes,1,1,No,No,1,No,Yes,2,No,No,No,Residential,high,29510127400
6735,38.62089,-90.22489,Ample,No,2,0,Yes,2,Yes,Yes,1,1,No,No,2,No,Yes,2,No,No,No,Residential,low,29510127400
6736,38.62236,-90.22529,Ample,No,2,0,Yes,2,Yes,Yes,1,0,No,No,1,No,Yes,2,No,No,No,Commercial,low,29510127300
6737,38.62364,-90.22483,Ample,Yes,2,0,Yes,2,Yes,Yes,1,1,No,No,1,No,Yes,2,No,No,No,Commercial,low,29510127800
6738,38.62484,-90.22475,Ample,No,2,0,Yes,2,Yes,Yes,1,0,No,No,2,No,Yes,2,No,No,No,Commercial,INVALID,29510127800
673,38.62368,-90.29778,Ample,No,2,0,Yes,2,Yes,Yes,0,0,No,No,1,No,Yes,2,No,No,No,Residential,high,29510126800
6741,38.62891,-90.22523,Ample,No,2,0,Yes,2,Yes,Yes,1,1,No,No,1,No,Yes,2,No,No,No,Commercial,low,29510127800
6742,38.63005,-90.22493,Ample,No,0,0,Yes,2,Yes,Yes,1,1,No,No,1,No,Yes,2,No,No,No,Residential,INVALID,29510127800
6743,38.63215,-90.22287,Ample,No,2,0,Yes,2,Yes,Yes,1,1,Yes,No,1,Yes,Yes,2,No,No,Yes,Residential,high,29510127800
6746,38.63557,-90.22494,Ample,No,2,0,Yes,2,Yes,Yes,1,1,No,No,1,No,Yes,2,No,No,No,Commercial,low,29510127800
6747,38.63713,-90.22507,Ample,Yes,2,0,Yes,2,Yes,Yes,1,1,No,No,1,No,Yes,2,No,No,No,Commercial,low,29510127800
6748,38.63837,-90.22483,Ample,No,2,0,Yes,2,Yes,Yes,1,1,No,No,1,No,Yes,2,No,No,No,Residential,low,29510127800
6749,38.63939,-90.22501,Ample,No,2,0,Yes,2,Yes,Yes,1,1,No,No,1,No,Yes,2,No,No,No,Residential,high,29510127800
674,38.62483,-90.29745,Ample,No,2,0,Yes,2,Yes,Yes,1,1,No,No,1,No,Yes,2,No,No,No,Residential,medium,29510104200
6750,38.6413,-90.22473,Ample,No,2,0,Yes,2,Yes,Yes,1,0,No,No,1,No,Yes,2,No,No,Yes,Residential,low,29510121200
6751,38.64229,-90.22489,Ample,No,2,0,Yes,2,Yes,Yes,1,1,Yes,No,1,No,Yes,2,No,No,No,Residential,medium,29510121200
6752,38.64387,-90.22517,Ample,No,2,0,Yes,2,Yes,Yes,1,0,No,No,1,No,Yes,2,No,No,No,Residential,high,29510121200
6753,38.64503,-90.22482,Some,No,0,0,Yes,2,No,Yes,0,0,No,No,1,No,Yes,2,No,No,No,Residential,high,29510121200
6754,38.64649,-90.22483,Ample,No,0,0,Yes,2,Yes,Yes,1,0,No,No,1,Yes,Yes,2,No,No,No,Residential,high,29510121200
6755,38.64787,-90.22464,Ample,Yes,0,0,Yes,2,Yes,Yes,1,1,Yes,No,1,No,Yes,2,No,No,No,Residential,high,29510127700
6756,38.64912,-90.22466,Ample,No,0,0,Yes,2,No,Yes,1,0,No,No,1,Yes,Yes,2,No,No,No,Residential,high,29510127700
6757,38.65059,-90.22496,Ample,No,2,0,Yes,2,No,Yes,0,0,No,No,1,No,Yes,2,No,No,No,Residential,low,29510127700
6758,38.65184,-90.22464,Ample,No,2,0,Yes,2,Yes,Yes,1,1,No,No,1,No,Yes,2,No,No,No,Residential,high,29510127700
6759,38.65324,-90.22475,Ample,Yes,2,0,Yes,2,Yes,Yes,1,1,No,No,1,No,Yes,2,No,No,No,Residential,high,29510127700
675,38.62648,-90.29753,Ample,No,2,0,Yes,2,Yes,Yes,1,1,No,No,1,No,Yes,2,No,No,No,Residential,medium,29510104200
6760,38.6545,-90.22494,Ample,No,2,0,Yes,2,Yes,Yes,1,0,No,No,1,No,Yes,2,No,No,No,Residential,high,29510127700
6761,38.6561,-90.22475,Ample,No,0,0,Yes,2,No,Yes,0,0,No,No,1,No,Yes,2,No,No,No,Residential,low,29510127700
6762,38.65737,-90.2248,Ample,No,2,0,Yes,2,Yes,Yes,1,1,No,No,1,No,Yes,2,No,No,No,Residential,medium,29510110400
6763,38.65855,-90.22484,Ample,No,2,0,Yes,2,No,Yes,1,1,No,No,1,No,Yes,2,No,No,No,Residential,high,29510110400
6764,38.6598,-90.22496,Ample,No,2,0,Yes,2,Yes,Yes,1,1,No,No,1,No,Yes,2,No,No,No,Residential,medium,29510110400
6765,38.66134,-90.2248,Some,No,2,0,No,2,No,Yes,0,1,No,No,1,No,Yes,2,No,No,No,Residential,high,29510110400
6766,38.66279,-90.22476,Ample,No,2,0,Yes,2,No,Yes,1,1,No,No,1,No,Yes,2,No,No,No,Residential,high,29510110400
6767,38.66414,-90.22472,Ample,No,2,0,Yes,2,No,Yes,1,1,No,No,1,No,Yes,2,No,No,No,Residential,high,29510110400
676,38.62765,-90.29765,Ample,No,2,0,Yes,2,No,Yes,1,1,No,No,1,No,Yes,2,No,No,No,Residential,high,29510104200
6771,38.6694,-90.22479,Ample,No,2,0,Yes,2,No,Yes,1,1,No,No,1,Yes,Yes,2,No,No,No,Residential,high,29510110200
6772,38.67091,-90.22471,Ample,No,2,0,Yes,2,Yes,Yes,1,1,No,No,1,No,Yes,2,No,No,No,Residential,medium,29510110200
6773,38.67206,-90.22485,Ample,No,2,0,Yes,2,Yes,Yes,1,1,No,No,1,No,Yes,2,No,No,No,Residential,low,29510110200
6774,38.67359,-90.22472,Ample,No,0,0,Yes,2,No,Yes,1,1,No,No,1,No,Yes,2,No,No,No,Residential,medium,29510110200
6775,38.67479,-90.22478,Ample,No,2,0,Yes,2,No,Yes,1,1,Yes,No,1,No,Yes,2,No,No,No,Residential,medium,29510109600
6776,38.67609,-90.22494,Ample,No,2,0,Yes,2,Yes,Yes,1,0,No,No,1,No,Yes,2,No,No,No,Residential,medium,29510109600
6777,38.67769,-90.22506,Ample,No,2,0,Yes,2,Yes,Yes,1,1,No,No,1,No,Yes,2,No,No,No,Residential,high,29510109600
6778,38.679,-90.22497,Ample,No,2,0,Yes,2,Yes,Yes,1,1,No,No,1,No,Yes,2,No,No,No,Residential,INVALID,29510109600
6779,38.68027,-90.22486,Ample,No,2,0,Yes,2,No,Yes,1,1,No,No,1,Yes,Yes,2,No,No,No,Residential,medium,29510109600
677,38.62894,-90.29737,Ample,No,2,0,Yes,2,Yes,Yes,1,1,No,No,1,No,Yes,2,No,No,No,Residential,high,29510104200
6780,38.68172,-90.22487,Ample,No,2,0,Yes,2,Yes,Yes,1,0,No,No,1,Yes,Yes,2,No,No,No,Residential,medium,29510109600
6781,38.68321,-90.225,Ample,No,0,0,No,2,Yes,Yes,1,1,No,No,1,No,Yes,2,No,No,No,Commercial,medium,29510109600
6782,38.68415,-90.22472,Ample,No,0,0,Yes,2,Yes,Yes,1,1,No,No,1,No,Yes,2,No,No,No,Commercial,high,29510127000
6788,38.69244,-90.22453,Ample,No,2,0,No,2,Yes,Yes,1,1,No,No,1,Yes,Yes,2,No,No,No,Commercial,high,29510127000
6789,38.69369,-90.22504,Ample,No,2,0,No,2,Yes,Yes,1,0,No,No,1,Yes,Yes,2,No,No,No,Commercial,high,29510127000
678,38.63048,-90.2976,Ample,No,2,0,Yes,2,Yes,Yes,1,1,No,No,1,No,Yes,2,No,No,No,Residential,high,29510104200
6790,38.69445,-90.22519,Ample,No,0,0,Yes,2,Yes,Yes,1,1,No,No,1,No,Yes,2,No,No,No,Commercial,low,29510127000
6791,38.6965,-90.22493,Ample,No,2,0,Yes,2,Yes,Yes,1,1,No,No,1,No,Yes,2,No,No,No,Commercial,low,29510127000
6792,38.69754,-90.22513,Ample,No,0,0,Yes,2,No,Yes,1,1,No,No,1,No,Yes,2,No,No,No,Commercial,high,29510127000
6798,38.70586,-90.22463,Ample,No,0,0,Yes,2,Yes,Yes,1,0,No,No,1,No,Yes,2,No,No,No,Commercial,low,29510127000
6799,38.70658,-90.22528,Ample,No,2,0,No,2,Yes,Yes,1,1,No,No,1,No,Yes,2,No,No,No,Commercial,low,29510127000
679,38.63174,-90.29769,Some,No,0,0,Yes,2,Yes,Yes,1,1,No,No,1,No,Yes,2,No,No,No,Residential,high,29510104200
67,38.60474,-90.31398,Ample,No,0,0,Yes,2,Yes,Yes,1,1,No,No,2,No,Yes,2,No,No,No,Residential,high,29510126800
6801,38.70967,-90.22516,Ample,No,2,0,No,2,Yes,Yes,1,0,No,No,1,No,Yes,2,No,No,No,Commercial,INVALID,29510127000
6802,38.71086,-90.22467,Some,No,2,0,No,2,Yes,Yes,1,1,No,No,1,No,Yes,2,No,No,No,Commercial,high,29510127000
6803,38.71281,-90.22514,Ample,No,0,0,Yes,2,No,Yes,1,1,No,No,1,No,Yes,2,No,No,No,Commercial,low,29510127000
6807,38.71774,-90.22473,Ample,No,2,0,Yes,2,No,Yes,1,1,No,No,1,No,Yes,2,No,No,No,Commercial,INVALID,29510127000
6808,38.71943,-90.22503,Ample,No,0,0,Yes,2,Yes,Yes,1,1,No,No,1,No,Yes,2,No,No,No,Residential,high,29510127000
680,38.63284,-90.29759,Ample,No,0,0,Yes,2,Yes,Yes,1,1,No,No,1,Yes,Yes,2,No,No,No,Commercial,high,29510112100
6811,38.72307,-90.22464,Ample,No,0,0,Yes,2,No,Yes,1,0,No,No,2,No,Yes,2,No,No,No,Residential,low,29510127000
6813,38.72607,-90.22495,Ample,No,0,0,No,2,Yes,Yes,1,0,No,No,1,No,Yes,2,No,No,No,Residential,high,29510127000
6814,38.7274,-90.22481,Ample,No,2,1,Yes,2,Yes,Yes,1,1,No,No,2,Yes,Yes,2,No,No,No,Residential,high,29510127000
6815,38.7286,-90.22489,Ample,No,2,0,No,2,Yes,Yes,1,1,No,No,1,No,Yes,2,No,No,No,Residential,high,29510127000
6819,38.5805,-90.22349,Ample,No,0,0,Yes,2,No,Yes,1,1,No,Yes,1,No,Yes,2,No,No,No,Commercial,low,29510124600
6820,38.58191,-90.22351,Ample,No,0,0,No,2,Yes,Yes,1,1,No,No,1,No,Yes,2,No,No,No,Residential,low,29510115700
6821,38.58323,-90.22405,Ample,No,2,0,Yes,2,Yes,Yes,1,1,No,No,1,No,Yes,2,No,No,No,Residential,high,29510124600
6822,38.58454,-90.22378,Ample,No,2,0,Yes,2,Yes,Yes,1,0,No,No,1,No,Yes,2,No,No,No,Residential,high,29510124600
6823,38.58591,-90.22348,Ample,No,2,0,Yes,2,Yes,Yes,1,0,No,No,1,Yes,Yes,2,No,No,No,Residential,high,29510124600
6824,38.58716,-90.22322,Ample,No,2,0,Yes,2,Yes,Yes,1,1,No,No,1,No,Yes,2,No,No,Yes,Residential,medium,29510124600
6825,38.58847,-90.22336,Ample,No,0,0,Yes,2,Yes,Yes,1,0,No,No,1,No,Yes,2,No,No,No,Commercial,high,29510124300
6826,38.58983,-90.22356,Some,No,2,0,Yes,2,No,Yes,1,1,No,No,1,No,Yes,2,No,No,Yes,Residential,INVALID,29510124300
6827,38.59125,-90.22349,Ample,No,2,0,Yes,2,Yes,Yes,1,1,No,No,1,No,Yes,2,No,No,No,Residential,medium,29510124300
6828,38.59261,-90.22329,Ample,No,2,0,Yes,2,Yes,Yes,1,0,No,No,1,No,Yes,2,No,No,No,Residential,medium,29510124300
6829,38.59397,-90.22352,Some,No,2,0,No,2,No,Yes,0,0,No,No,2,Yes,Yes,2,No,No,No,Residential,high,29510124300
6830,38.59534,-90.22325,No,No,2,0,Yes,2,No,Yes,1,0,No,No,1,Yes,Yes,2,No,Yes,No,Residential,INVALID,29510124300
6831,38.59669,-90.22352,Ample,No,2,0,Yes,2,Yes,Yes,1,1,Yes,No,1,Yes,Yes,2,No,No,Yes,Residential,medium,29510124300
6833,38.59929,-90.22306,Ample,No,2,0,Yes,2,Yes,Yes,1,1,No,No,1,No,Yes,2,No,No,No,Residential,high,29510124300
6834,38.60088,-90.22336,Ample,Yes,2,0,Yes,2,Yes,Yes,1,1,No,No,1,No,Yes,2,No,No,No,Residential,medium,29510124300
6835,38.60204,-90.22363,Ample,No,2,0,Yes,2,Yes,Yes,1,1,No,No,1,No,Yes,2,No,No,No,Residential,medium,29510124200
6836,38.60342,-90.22334,Ample,No,2,0,Yes,2,Yes,Yes,1,1,No,No,1,No,Yes,2,No,No,No,Residential,medium,29510123100
6837,38.60473,-90.22348,Ample,No,2,0,Yes,2,Yes,Yes,1,1,Yes,No,1,No,Yes,2,No,No,No,Commercial,medium,29510123100
6838,38.6061,-90.22342,Some,Yes,0,0,Yes,2,No,Yes,0,0,No,No,1,No,Yes,2,No,No,No,Commercial,INVALID,29510123100
6839,38.60746,-90.22368,Ample,No,2,0,Yes,2,Yes,Yes,1,1,No,No,1,No,Yes,2,No,No,No,Residential,medium,29510123100
683,38.63703,-90.29813,No,No,2,0,No,2,No,Yes,0,0,No,No,2,Yes,Yes,2,No,Yes,No,Residential,high,29510112100
6840,38.60865,-90.22354,Ample,No,2,0,Yes,2,Yes,Yes,1,1,No,No,1,No,Yes,2,No,No,No,Residential,high,29510123100
6841,38.60997,-90.22357,No,No,2,0,Yes,2,Yes,Yes,0,0,No,No,1,No,Yes,2,No,No,No,Residential,high,29510123100
6842,38.6114,-90.22354,Ample,No,2,0,Yes,2,Yes,Yes,1,1,No,No,1,No,Yes,2,No,No,No,Residential,INVALID,29510123100
6843,38.61277,-90.22354,Ample,No,2,0,Yes,2,No,Yes,0,0,No,No,1,No,Yes,2,No,No,No,Residential,high,29510123100
6844,38.61411,-90.22347,Ample,No,2,0,No,2,Yes,Yes,1,1,No,No,1,No,Yes,2,No,No,No,Commercial,low,29510123100
6845,38.61548,-90.22319,Ample,No,0,0,Yes,2,No,Yes,1,1,No,No,1,No,Yes,2,No,No,No,Residential,low,29510123100
6846,38.61673,-90.22216,Ample,No,0,0,No,2,Yes,Yes,1,1,No,No,1,No,Yes,2,No,No,No,Residential,medium,29510123100
6847,38.61829,-90.22347,Some,No,2,0,Yes,2,Yes,Yes,1,1,No,No,1,No,Yes,2,No,No,No,Residential,low,29510123100
6848,38.61976,-90.2236,Ample,No,2,0,Yes,2,Yes,Yes,1,1,No,No,1,No,Yes,2,No,No,No,Residential,INVALID,29510127400
6849,38.62062,-90.22354,Ample,No,2,0,Yes,2,Yes,Yes,1,1,No,No,1,No,Yes,2,No,No,No,Residential,high,29510127400
684,38.63869,-90.29752,Ample,No,0,0,Yes,2,Yes,Yes,0,0,No,No,1,Yes,Yes,2,No,No,Yes,Residential,high,29510112100
6850,38.6224,-90.22348,Ample,Yes,2,0,Yes,2,Yes,Yes,1,1,No,No,1,No,Yes,2,No,No,No,Commercial,medium,29510127400
6851,38.62328,-90.22364,Ample,No,2,0,Yes,2,Yes,Yes,1,1,No,No,1,No,Yes,2,No,No,No,Commercial,low,29510127400
6852,38.62421,-90.22353,Ample,No,0,0,Yes,2,Yes,Yes,1,1,No,No,1,No,Yes,2,No,No,No,Commercial,low,29510127400
6853,38.62627,-90.22334,Ample,No,0,0,Yes,2,No,Yes,1,1,No,No,1,No,Yes,2,No,No,No,Commercial,low,29510127800
6854,38.62788,-90.22346,Ample,No,2,0,Yes,2,Yes,Yes,1,1,No,No,1,No,Yes,2,No,No,No,Commercial,INVALID,29510127800
6855,38.62925,-90.22335,Ample,No,2,0,No,2,Yes,Yes,1,0,No,No,1,No,Yes,2,No,No,No,Commercial,low,29510127800
6857,38.63166,-90.22351,Ample,No,2,0,No,2,Yes,Yes,1,1,No,No,1,No,No,2,No,No,No,Commercial,INVALID,29510127800
6859,38.63451,-90.22345,Ample,No,2,0,Yes,2,Yes,Yes,1,1,No,No,2,Yes,Yes,2,No,No,Yes,Residential,high,29510127800
6860,38.63574,-90.22355,Ample,No,2,0,Yes,2,Yes,Yes,1,1,No,No,1,No,Yes,2,No,No,Yes,Commercial,low,29510127800
6861,38.63711,-90.22347,Ample,Yes,2,0,Yes,2,Yes,Yes,1,1,No,No,1,No,Yes,2,No,No,No,Commercial,high,29510127800
6862,38.63857,-90.22342,Ample,No,0,0,Yes,2,No,Yes,0,0,No,No,1,No,Yes,2,No,No,No,Residential,low,29510127800
6863,38.64005,-90.2234,Ample,No,2,0,Yes,2,Yes,Yes,1,1,No,No,1,Yes,Yes,2,No,No,No,Residential,high,29510121200
6864,38.64114,-90.224,Ample,No,2,0,Yes,2,Yes,Yes,1,1,No,No,1,Yes,Yes,2,No,No,No,Residential,high,29510121200
6865,38.64251,-90.224,Ample,No,2,0,Yes,2,Yes,Yes,1,1,No,No,1,Yes,Yes,2,No,No,No,Residential,high,29510121200
6866,38.64371,-90.22355,Ample,No,2,0,Yes,2,Yes,Yes,1,0,Yes,No,1,No,Yes,2,No,No,No,Residential,high,29510121200
6867,38.64505,-90.22343,Ample,No,2,0,Yes,2,No,Yes,1,1,No,No,1,No,Yes,2,No,No,No,Residential,INVALID,29510121200
6868,38.64684,-90.22336,Ample,No,2,0,No,2,Yes,Yes,1,1,No,No,1,No,Yes,2,No,No,No,Commercial,INVALID,29510121200
6869,38.64792,-90.22364,Ample,No,0,0,Yes,2,Yes,Yes,1,1,No,No,1,Yes,Yes,2,No,No,No,Residential,high,29510127700
6870,38.64916,-90.22337,Some,No,0,0,Yes,2,No,Yes,0,0,No,No,1,No,Yes,2,No,No,No,Residential,high,29510127700
6871,38.65063,-90.22358,Some,No,0,0,Yes,2,No,Yes,0,0,No,No,1,No,No,2,No,No,No,Residential,high,29510127700
6872,38.65187,-90.2234,Ample,No,2,0,Yes,2,Yes,Yes,1,1,No,No,1,Yes,Yes,2,No,No,No,Residential,medium,29510127700
6873,38.65329,-90.2236,Ample,No,0,0,Yes,2,Yes,Yes,1,1,No,No,1,No,Yes,2,No,No,No,Residential,high,29510127700
6874,38.65473,-90.22369,Ample,No,0,0,Yes,2,No,Yes,1,1,No,No,1,No,Yes,2,No,No,No,Residential,high,29510127700
6875,38.65597,-90.22343,Ample,No,0,0,Yes,2,No,Yes,1,1,No,No,1,No,Yes,2,No,No,No,Residential,low,29510127700
6876,38.65721,-90.22318,Ample,No,0,0,Yes,2,No,Yes,1,1,No,No,1,No,Yes,2,No,No,No,Residential,high,29510110400
6877,38.65861,-90.22356,Some,No,2,0,Yes,2,No,Yes,1,1,No,No,1,No,Yes,2,No,No,No,Residential,high,29510110400
6878,38.66016,-90.22335,Ample,No,2,0,Yes,2,Yes,Yes,1,0,No,No,1,No,Yes,2,No,No,No,Residential,high,29510110400
6879,38.66134,-90.22354,Ample,No,2,0,Yes,2,Yes,Yes,1,1,No,No,1,No,Yes,2,No,No,No,Residential,medium,29510110400
6880,38.66268,-90.22346,Ample,No,2,0,Yes,2,Yes,Yes,1,0,No,No,1,Yes,Yes,2,No,No,No,Residential,low,29510110400
6881,38.66401,-90.22346,Ample,No,0,0,Yes,2,Yes,Yes,1,1,No,No,1,Yes,Yes,2,No,No,No,Residential,low,29510110400
6884,38.66849,-90.22327,Ample,No,2,0,Yes,2,Yes,Yes,1,0,No,No,1,Yes,Yes,2,No,No,No,Residential,high,29510110500
6885,38.66936,-90.22359,Some,No,2,0,Yes,2,No,Yes,1,1,No,No,1,No,Yes,2,No,No,No,Residential,high,29510110200
6886,38.6705,-90.22374,Ample,No,2,0,Yes,2,Yes,Yes,1,1,No,No,1,No,Yes,2,No,No,No,Residential,high,29510110200
6887,38.67189,-90.2236,Some,No,2,0,Yes,2,No,Yes,1,0,No,No,1,No,Yes,2,No,No,No,Residential,high,29510110200
6888,38.6736,-90.22343,Ample,No,2,0,Yes,2,Yes,Yes,1,1,No,No,1,Yes,Yes,2,No,No,No,Residential,medium,29510109600
6889,38.67486,-90.22351,Some,Yes,2,0,Yes,2,No,Yes,1,1,No,No,1,No,Yes,2,No,No,No,Residential,medium,29510109600
688,38.64359,-90.29784,Ample,No,0,0,Yes,2,Yes,Yes,1,1,No,No,1,Yes,Yes,2,No,No,No,Residential,high,29510112100
6890,38.67656,-90.22376,Ample,No,2,0,Yes,2,No,Yes,1,1,No,No,1,No,Yes,2,No,No,No,Residential,low,29510109600
6891,38.67738,-90.22336,Some,No,2,0,Yes,2,No,Yes,1,1,No,No,1,No,Yes,2,No,No,No,Residential,high,29510109600
6892,38.67883,-90.22358,Ample,No,2,0,Yes,2,Yes,Yes,1,1,No,No,1,Yes,Yes,2,No,No,No,Residential,medium,29510109600
6893,38.68024,-90.22375,Ample,No,2,0,Yes,2,Yes,Yes,0,0,No,No,1,Yes,Yes,2,No,No,No,Residential,medium,29510109600
6894,38.68143,-90.2237,Ample,No,0,0,Yes,2,No,Yes,1,1,No,No,1,Yes,Yes,2,No,No,No,Residential,high,29510109600
6896,38.68391,-90.22339,Ample,No,0,0,No,2,Yes,Yes,1,1,No,No,1,No,Yes,2,No,No,No,Residential,high,29510109600
689,38.6449,-90.29765,Ample,No,0,0,No,2,Yes,Yes,1,1,No,No,1,Yes,Yes,2,No,No,No,Residential,high,29510112100
68,38.6061,-90.31377,Ample,No,0,0,Yes,2,Yes,Yes,1,0,No,No,2,No,Yes,2,No,No,No,Residential,high,29510126800
6900,38.68964,-90.22333,Ample,No,0,0,Yes,2,Yes,Yes,1,1,No,No,1,Yes,Yes,2,No,No,No,Residential,high,29510127000
6901,38.6909,-90.22385,Ample,No,0,0,Yes,2,Yes,Yes,1,1,No,No,1,Yes,Yes,2,No,No,No,Residential,high,29510127000
6902,38.69261,-90.22308,Ample,No,2,0,Yes,2,Yes,Yes,1,1,No,No,1,No,Yes,2,No,No,No,Commercial,low,29510127000
6911,38.70449,-90.22344,Ample,No,0,0,Yes,2,Yes,Yes,1,1,No,No,1,No,Yes,2,No,No,No,Commercial,high,29510127000
6916,38.71092,-90.2233,Ample,No,2,0,No,2,Yes,Yes,1,0,No,No,1,No,Yes,2,No,No,No,Commercial,INVALID,29510127000
691,38.64728,-90.29772,Ample,No,0,0,Yes,2,Yes,Yes,1,0,Yes,No,1,Yes,Yes,2,No,No,No,Residential,high,29510105198
6921,38.71825,-90.22379,Ample,No,0,0,No,2,No,Yes,1,1,No,No,1,No,Yes,2,No,No,No,Commercial,INVALID,29510127000
6925,38.7235,-90.22365,Ample,No,0,0,No,2,No,Yes,1,0,No,No,1,No,Yes,2,No,No,No,Commercial,low,29510127000
6928,38.72734,-90.22338,Ample,No,2,1,Yes,2,Yes,Yes,1,1,No,No,1,No,Yes,2,No,No,No,Commercial,high,29510127000
6929,38.72868,-90.22337,Ample,No,0,0,Yes,2,No,Yes,1,1,No,No,1,No,Yes,2,No,No,No,Residential,medium,29510127000
692,38.64923,-90.29763,Ample,No,0,0,Yes,2,Yes,Yes,1,1,No,No,2,No,Yes,2,No,No,No,Residential,low,29510105198
6934,38.58205,-90.2225,Ample,No,0,0,Yes,2,No,Yes,1,1,No,No,1,No,Yes,2,No,No,No,Commercial,high,29510124600
6935,38.58321,-90.2221,Ample,No,2,0,Yes,2,No,Yes,1,1,Yes,No,1,No,Yes,2,No,No,No,Residential,high,29510124600
6936,38.58454,-90.22202,Some,No,2,0,No,2,No,Yes,0,0,No,Yes,1,No,Yes,2,No,No,No,Residential,medium,29510124600
6937,38.58595,-90.22232,Ample,No,2,0,Yes,2,Yes,Yes,1,1,No,No,1,No,Yes,2,No,No,No,Residential,high,29510124600
6938,38.58732,-90.22214,Ample,No,2,0,Yes,2,No,Yes,1,1,Yes,No,2,No,Yes,2,No,No,Yes,Residential,medium,29510124600
6939,38.58856,-90.22177,Ample,No,2,0,Yes,2,Yes,Yes,1,1,No,No,1,No,Yes,2,No,No,No,Residential,high,29510124600
693,38.65062,-90.2976,Ample,Yes,2,0,Yes,2,Yes,Yes,1,0,No,No,1,No,Yes,2,No,No,No,Residential,high,29510105198
6940,38.58995,-90.22209,Some,No,2,0,No,2,No,Yes,1,1,No,No,1,No,Yes,2,No,No,No,Residential,high,29510124300
6941,38.59129,-90.22238,Ample,No,2,0,Yes,2,No,Yes,1,1,No,No,1,No,Yes,2,No,No,No,Residential,INVALID,29510124300
6942,38.59261,-90.2221,Ample,No,2,0,Yes,2,Yes,Yes,1,1,Yes,No,1,No,Yes,2,No,No,No,Residential,high,29510124300
6943,38.59402,-90.22237,Ample,No,2,0,Yes,2,No,Yes,1,1,No,No,1,No,Yes,2,No,No,No,Residential,high,29510124300
6944,38.59516,-90.22215,Some,No,2,0,Yes,2,Yes,Yes,1,1,No,No,1,No,Yes,2,No,No,No,Residential,high,29510124300
6945,38.59653,-90.22214,Ample,No,2,0,Yes,2,Yes,Yes,1,0,Yes,Yes,2,Yes,Yes,2,No,No,No,Residential,medium,29510124300
6946,38.59829,-90.22197,Ample,No,2,0,Yes,2,Yes,Yes,1,0,Yes,No,1,Yes,Yes,2,No,No,No,Residential,medium,29510124300
6947,38.59945,-90.22213,Ample,No,2,0,Yes,2,Yes,Yes,1,0,No,No,1,No,Yes,2,No,No,No,Residential,INVALID,29510124300
6948,38.60057,-90.22226,Ample,No,2,0,Yes,2,No,Yes,1,1,No,No,1,No,Yes,2,No,No,No,Residential,INVALID,29510124300
6949,38.60204,-90.22239,Ample,No,2,0,Yes,2,Yes,Yes,1,0,No,No,1,Yes,Yes,2,No,No,No,Residential,medium,29510124300
694,38.65203,-90.29761,No,No,2,0,Yes,2,Yes,Yes,0,0,No,No,1,No,Yes,2,No,No,No,Residential,high,29510105198
6950,38.6033,-90.22191,Ample,No,2,0,Yes,2,Yes,Yes,1,0,No,No,1,No,Yes,2,No,No,No,Residential,medium,29510123300
6951,38.60487,-90.22203,Ample,No,0,0,Yes,2,No,Yes,1,1,No,No,1,No,Yes,2,No,No,No,Commercial,high,29510123300
6952,38.60611,-90.22213,Ample,No,2,0,Yes,2,Yes,Yes,1,1,No,No,1,No,Yes,2,No,No,No,Commercial,low,29510123300
6953,38.60758,-90.22208,Ample,No,2,0,Yes,2,Yes,Yes,1,1,No,No,1,No,Yes,2,No,No,No,Residential,medium,29510123300
6954,38.60882,-90.22224,Ample,No,2,0,Yes,2,Yes,Yes,1,0,No,No,1,No,Yes,2,No,No,No,Residential,high,29510123100
6955,38.61024,-90.2221,Ample,No,2,0,Yes,2,Yes,Yes,1,1,No,No,1,No,Yes,2,No,No,No,Residential,medium,29510123100
6956,38.61156,-90.22244,Some,No,2,0,Yes,2,No,Yes,1,1,No,No,1,No,Yes,2,No,No,No,Residential,INVALID,29510123100
6957,38.61281,-90.22218,Some,Yes,0,0,Yes,2,No,Yes,0,0,No,No,1,No,Yes,2,No,No,No,Residential,low,29510123100
6958,38.61413,-90.2221,Ample,No,0,0,No,2,Yes,Yes,0,0,No,No,1,No,Yes,2,No,No,No,Residential,INVALID,29510123100
6959,38.61546,-90.22206,Ample,No,2,0,No,2,Yes,Yes,1,1,No,No,1,No,Yes,2,No,No,No,Commercial,medium,29510123100
695,38.65342,-90.29755,Ample,No,2,0,Yes,2,Yes,Yes,1,0,No,No,1,No,Yes,2,No,No,No,Residential,medium,29510105198
6960,38.61691,-90.22214,Ample,No,0,0,No,2,Yes,Yes,1,1,No,No,1,Yes,Yes,2,No,No,No,Residential,high,29510123100
6961,38.61811,-90.22232,No,No,2,0,Yes,2,Yes,Yes,1,1,No,No,1,No,Yes,2,No,No,No,Residential,low,29510123100
6962,38.61948,-90.22223,Ample,No,2,0,Yes,2,Yes,Yes,1,1,Yes,Yes,1,No,Yes,2,No,No,No,Residential,medium,29510127400
6963,38.6208,-90.22223,No,No,2,0,Yes,2,No,Yes,0,0,No,No,1,No,Yes,2,No,No,No,Residential,high,29510127400
6964,38.62211,-90.22214,Ample,No,2,0,Yes,2,Yes,Yes,1,1,No,No,1,No,Yes,2,No,No,No,Commercial,high,29510127400
6965,38.62362,-90.22219,Ample,No,2,0,Yes,2,Yes,Yes,1,1,No,No,1,No,Yes,2,No,No,No,Commercial,low,29510127400
6968,38.6276,-90.22215,Some,No,2,0,Yes,2,Yes,Yes,1,1,No,No,1,No,Yes,2,No,No,No,Commercial,INVALID,29510127800
6969,38.62898,-90.22214,Ample,No,0,0,Yes,2,Yes,Yes,1,1,No,No,2,No,Yes,2,No,No,No,Commercial,INVALID,29510127800
696,38.65476,-90.29754,Ample,No,2,0,Yes,2,Yes,Yes,1,1,No,No,1,No,Yes,2,No,No,No,Residential,high,29510105198
6970,38.63024,-90.22173,Ample,No,2,0,Yes,2,Yes,Yes,1,1,No,No,1,No,Yes,2,No,No,No,Commercial,high,29510127800
6971,38.632,-90.22209,Ample,No,2,0,Yes,2,Yes,Yes,1,1,No,No,1,Yes,Yes,2,No,No,No,Residential,high,29510127800
6973,38.63479,-90.22197,Ample,No,2,0,Yes,2,Yes,Yes,1,1,No,No,1,No,Yes,2,No,Yes,No,Commercial,INVALID,29510127800
6974,38.63584,-90.22209,Ample,No,2,0,Yes,2,Yes,Yes,1,1,No,No,1,No,Yes,2,No,No,No,Commercial,INVALID,29510127800
6975,38.63731,-90.22209,Ample,No,2,0,Yes,2,Yes,Yes,1,1,No,No,2,No,Yes,2,No,No,No,Residential,INVALID,29510127800
6976,38.63832,-90.22222,Ample,No,0,0,Yes,2,Yes,Yes,0,0,No,No,2,Yes,Yes,2,No,No,No,Residential,medium,29510127800
6977,38.63979,-90.22217,Ample,No,2,0,Yes,2,No,Yes,1,1,No,No,1,No,Yes,2,No,No,No,Residential,high,29510121200
6978,38.64109,-90.22176,Ample,No,0,0,Yes,2,Yes,Yes,1,1,No,No,1,Yes,Yes,2,No,No,No,Residential,high,29510121200
6979,38.64251,-90.22216,Ample,Yes,0,0,Yes,2,Yes,Yes,1,1,Yes,Yes,1,Yes,Yes,2,No,No,No,Residential,low,29510121200
697,38.65584,-90.29763,Ample,No,2,0,Yes,2,Yes,Yes,1,1,Yes,No,1,No,Yes,2,No,No,No,Commercial,medium,29510105198
6980,38.64374,-90.2222,Ample,No,2,0,Yes,2,Yes,Yes,1,0,No,No,1,No,Yes,2,No,No,No,Residential,high,29510121200
6981,38.64517,-90.22206,Ample,No,2,0,Yes,2,No,Yes,0,0,No,No,2,Yes,Yes,2,No,No,No,Residential,low,29510121200
6982,38.64654,-90.22245,Ample,No,0,0,Yes,2,Yes,Yes,1,1,No,No,1,No,Yes,2,No,No,No,Residential,low,29510121200
6983,38.64784,-90.22244,Ample,No,2,0,Yes,2,Yes,Yes,1,1,No,No,1,No,Yes,2,No,No,No,Residential,low,29510127700
6984,38.64939,-90.22257,Ample,No,0,0,Yes,2,Yes,Yes,1,1,No,No,1,Yes,Yes,2,No,No,No,Residential,high,29510127700
6985,38.65053,-90.22222,Ample,No,0,0,Yes,2,No,Yes,1,1,No,No,1,No,Yes,2,No,No,No,Residential,high,29510127700
6986,38.65185,-90.22209,Some,No,0,0,Yes,2,No,Yes,1,1,No,No,1,No,Yes,2,No,No,No,Residential,high,29510127700
6987,38.65332,-90.22236,Ample,No,0,0,Yes,2,Yes,Yes,1,1,Yes,No,1,No,Yes,2,No,No,No,Commercial,low,29510127700
6988,38.65479,-90.22253,Ample,No,0,0,Yes,2,Yes,Yes,1,1,No,No,1,No,Yes,2,No,No,No,Residential,low,29510127700
6989,38.6556,-90.22239,Ample,No,0,0,Yes,2,Yes,Yes,1,1,No,No,1,No,Yes,2,No,No,No,Residential,medium,29510127700
6990,38.65722,-90.2219,Ample,No,0,0,Yes,2,Yes,Yes,1,1,No,No,1,Yes,Yes,2,No,No,No,Commercial,high,29510110400
6991,38.65865,-90.22208,Ample,No,0,0,Yes,2,Yes,Yes,1,1,No,No,1,No,Yes,2,No,No,No,Residential,high,29510110400
6992,38.66006,-90.22226,Ample,No,2,0,Yes,2,No,Yes,1,1,No,No,1,No,Yes,2,No,No,No,Residential,high,29510110400
6993,38.66124,-90.22223,No,No,2,0,Yes,2,No,Yes,1,0,No,No,2,No,Yes,2,No,No,No,Residential,low,29510110400
6995,38.66416,-90.22237,Ample,No,2,0,Yes,2,Yes,Yes,1,1,Yes,No,1,Yes,Yes,2,No,No,No,Residential,high,29510110500
6998,38.66803,-90.22218,Ample,No,0,0,Yes,2,Yes,Yes,1,1,No,No,1,Yes,Yes,2,No,No,No,Residential,high,29510110500
6999,38.66955,-90.22241,Ample,No,0,0,Yes,2,Yes,Yes,1,1,No,No,1,No,Yes,2,No,No,No,Residential,high,29510110200
699,38.65868,-90.29759,Ample,No,2,0,No,2,Yes,Yes,1,1,No,No,1,Yes,Yes,2,No,No,No,Commercial,INVALID,29510105198
69,38.60763,-90.31355,Ample,No,2,0,Yes,2,Yes,Yes,1,1,No,No,1,No,Yes,2,No,No,No,Residential,medium,29510126800
6,38.58987,-90.31796,Ample,No,0,0,Yes,2,No,Yes,1,1,No,No,1,Yes,Yes,2,No,No,No,Residential,high,29510103100
7000,38.6707,-90.22218,Ample,No,2,0,Yes,2,No,Yes,1,1,No,No,1,No,Yes,2,No,No,No,Residential,high,29510110200
7001,38.67204,-90.22196,Ample,No,2,0,Yes,2,No,Yes,1,1,No,No,1,No,Yes,2,No,No,No,Residential,high,29510110200
7002,38.67327,-90.22198,Some,No,2,0,Yes,2,No,Yes,1,1,No,No,1,No,Yes,2,No,No,No,Residential,high,29510109600
7003,38.67493,-90.22227,Ample,No,2,0,Yes,2,Yes,Yes,1,1,No,No,1,No,Yes,2,No,No,No,Residential,medium,29510109600
7004,38.67618,-90.22213,Ample,No,2,0,Yes,2,Yes,Yes,1,0,No,No,2,No,Yes,2,No,No,No,Residential,high,29510109600
7005,38.67745,-90.22235,Ample,No,0,0,Yes,2,Yes,Yes,1,1,Yes,No,1,Yes,Yes,2,No,No,No,Residential,high,29510109600
7006,38.67913,-90.22223,Ample,No,2,0,Yes,2,Yes,Yes,0,0,No,No,1,Yes,Yes,2,No,No,No,Residential,medium,29510109600
7007,38.68056,-90.22228,Ample,No,0,0,Yes,2,Yes,Yes,0,0,No,No,2,Yes,Yes,2,No,No,No,Residential,high,29510109600
7008,38.68162,-90.22212,Ample,No,2,0,Yes,2,Yes,Yes,1,1,No,No,1,Yes,Yes,2,No,No,No,Commercial,high,29510109600
700,38.66007,-90.29798,Ample,No,0,0,Yes,2,Yes,Yes,1,1,No,No,1,No,Yes,2,No,No,No,Commercial,high,29510105198
7010,38.68419,-90.22211,Ample,No,2,0,No,2,Yes,Yes,1,0,No,No,2,No,Yes,2,No,No,No,Commercial,high,29510109600
7011,38.68553,-90.2221,Ample,No,2,0,Yes,2,Yes,Yes,1,1,No,No,1,No,Yes,2,No,No,No,Commercial,low,29510127000
7012,38.6869,-90.22166,Ample,No,2,0,No,2,Yes,Yes,1,1,No,No,1,No,Yes,2,No,No,No,Commercial,high,29510127000
7013,38.68853,-90.22233,Ample,No,0,0,No,2,No,Yes,1,1,No,No,1,Yes,Yes,2,No,No,No,Commercial,high,29510127000
7014,38.68978,-90.22233,Ample,No,2,0,Yes,2,Yes,Yes,1,1,No,No,1,No,Yes,2,No,No,No,Commercial,high,29510127000
7015,38.6912,-90.22173,Ample,No,2,0,Yes,2,Yes,Yes,1,1,No,No,2,No,Yes,2,No,No,No,Commercial,high,29510127000
7016,38.69212,-90.22263,Ample,No,0,0,Yes,2,Yes,Yes,1,0,No,No,1,No,Yes,2,No,No,No,Commercial,INVALID,29510127000
701,38.56289,-90.2962,Ample,No,2,0,Yes,2,Yes,Yes,1,1,No,Yes,1,Yes,Yes,2,No,No,No,Residential,medium,29510102300
7024,38.70306,-90.22218,Ample,No,0,0,No,2,Yes,Yes,1,1,No,No,1,No,Yes,2,No,No,No,Commercial,low,29510127000
7030,38.7114,-90.22251,Ample,No,2,0,No,2,Yes,Yes,1,0,No,No,1,No,Yes,2,No,No,No,Commercial,INVALID,29510127000
7035,38.71861,-90.22313,Some,No,0,0,Yes,2,No,Yes,1,0,No,No,1,No,Yes,2,No,No,No,Commercial,low,29510127000
7036,38.71918,-90.22207,Ample,No,0,0,No,2,No,Yes,1,1,No,No,1,No,Yes,2,No,No,No,Commercial,low,29510127000
703,38.56619,-90.29514,Ample,No,2,0,Yes,2,Yes,Yes,1,0,No,No,1,Yes,Yes,2,No,No,No,Residential,medium,29510102100
7041,38.72655,-90.22445,Ample,No,2,0,No,2,Yes,Yes,1,0,No,No,1,No,Yes,2,No,No,No,Commercial,high,29510127000
7042,38.72771,-90.22276,Ample,No,2,0,Yes,2,Yes,Yes,1,0,Yes,Yes,2,No,Yes,2,No,No,No,Commercial,high,29510127000
7043,38.72857,-90.22199,Ample,No,2,0,Yes,2,Yes,Yes,1,1,No,No,1,No,Yes,2,No,No,Yes,Residential,INVALID,29510127000
7047,38.58208,-90.22098,Ample,No,0,0,No,2,No,Yes,1,1,No,No,1,No,Yes,2,No,No,No,Commercial,INVALID,29510124600
7048,38.58323,-90.2209,Ample,No,0,0,No,2,Yes,Yes,1,0,No,No,1,No,Yes,2,No,No,No,Residential,low,29510124600
7049,38.5845,-90.2207,Some,No,2,0,Yes,2,Yes,Yes,1,1,No,No,1,No,Yes,2,No,No,No,Residential,medium,29510124600
704,38.56702,-90.29629,Ample,No,2,0,Yes,2,Yes,Yes,1,1,No,No,1,Yes,Yes,2,No,No,No,Residential,high,29510102100
7050,38.58587,-90.22067,Ample,No,2,0,Yes,2,Yes,Yes,1,1,No,No,1,No,Yes,2,No,No,Yes,Residential,high,29510124600
7051,38.58721,-90.22085,Some,No,2,0,Yes,2,Yes,Yes,1,0,No,No,1,No,Yes,2,No,No,No,Residential,high,29510124600
7052,38.58863,-90.22091,Ample,No,2,0,Yes,2,Yes,Yes,1,1,No,No,1,Yes,Yes,2,No,No,No,Residential,medium,29510124600
7053,38.58996,-90.22067,Ample,No,2,0,Yes,2,Yes,Yes,1,1,No,No,1,No,Yes,2,No,No,No,Residential,high,29510124300
7054,38.59133,-90.22121,Ample,No,2,0,Yes,2,Yes,Yes,1,1,No,No,1,No,Yes,2,No,No,No,Residential,INVALID,29510124300
7055,38.5927,-90.22076,Ample,No,2,0,Yes,2,Yes,Yes,1,1,Yes,No,1,No,Yes,2,No,No,Yes,Residential,medium,29510124300
7056,38.59393,-90.22066,Ample,No,2,0,Yes,2,No,Yes,1,1,No,No,1,No,Yes,2,No,No,No,Residential,high,29510124300
7057,38.59544,-90.22074,Ample,No,2,0,Yes,2,Yes,Yes,1,1,No,No,1,No,Yes,2,No,No,No,Residential,medium,29510124300
7058,38.59664,-90.22086,Ample,No,2,0,Yes,2,Yes,Yes,1,0,No,No,1,Yes,Yes,2,No,No,No,Residential,medium,29510124300
7059,38.59796,-90.22082,Ample,No,2,0,Yes,2,Yes,Yes,1,1,No,No,1,Yes,Yes,2,No,No,No,Residential,medium,29510124300
705,38.56838,-90.29622,Ample,No,0,0,Yes,2,Yes,Yes,1,1,No,No,1,Yes,Yes,2,No,No,No,Residential,high,29510102100
7060,38.59931,-90.2207,Ample,No,2,0,Yes,2,Yes,Yes,1,1,No,No,1,No,Yes,2,No,No,No,Residential,medium,29510124300
7061,38.60073,-90.22097,Some,No,2,0,Yes,2,Yes,Yes,1,1,No,No,2,No,Yes,2,No,No,No,Residential,high,29510124300
7062,38.60206,-90.22069,Ample,No,2,0,Yes,2,Yes,Yes,0,0,No,No,1,No,Yes,2,No,No,No,Residential,high,29510124300
7063,38.60332,-90.22061,Ample,No,2,0,Yes,2,Yes,Yes,1,1,No,No,1,No,Yes,2,No,No,No,Residential,INVALID,29510123300
7064,38.60454,-90.22087,Ample,No,2,0,Yes,2,No,Yes,1,1,No,No,1,No,Yes,2,No,No,No,Residential,medium,29510123300
7065,38.60604,-90.22077,Ample,No,2,0,Yes,2,Yes,Yes,1,1,No,No,1,No,Yes,2,No,No,No,Commercial,medium,29510123300
7066,38.60744,-90.22086,Ample,No,2,0,Yes,2,Yes,Yes,1,1,No,No,1,No,Yes,2,No,No,No,Residential,medium,29510123300
7067,38.60883,-90.22103,Ample,No,2,0,Yes,2,Yes,Yes,1,1,No,No,1,No,Yes,2,No,No,No,Residential,high,29510123300
7068,38.60979,-90.22095,Ample,No,2,0,Yes,2,Yes,Yes,1,1,No,No,1,No,Yes,2,No,No,No,Residential,medium,29510123300
7069,38.61184,-90.22057,Ample,No,2,0,Yes,2,Yes,Yes,1,0,No,No,1,No,Yes,2,No,No,No,Residential,low,29510123200
706,38.56976,-90.29625,Ample,No,0,0,Yes,2,Yes,Yes,1,0,No,No,1,Yes,Yes,2,No,No,No,Residential,high,29510102100
7070,38.61292,-90.2207,Ample,No,2,0,Yes,2,No,Yes,1,1,No,No,1,No,Yes,2,No,No,No,Commercial,low,29510123200
7071,38.61416,-90.22084,Ample,No,2,0,Yes,2,Yes,Yes,1,1,Yes,Yes,1,No,Yes,2,No,No,No,Residential,low,29510123200
7072,38.61548,-90.22073,Ample,No,2,0,Yes,2,Yes,Yes,1,1,No,No,1,No,Yes,2,No,No,No,Commercial,high,29510123100
7073,38.61689,-90.22096,Ample,No,2,0,No,2,Yes,Yes,1,1,No,No,1,No,Yes,2,No,No,No,Residential,high,29510123100
7074,38.61834,-90.22078,Ample,No,2,0,Yes,2,Yes,Yes,1,1,No,No,1,No,Yes,2,No,No,No,Residential,high,29510123100
7075,38.61962,-90.22078,Ample,No,2,0,No,2,Yes,Yes,1,1,No,No,1,No,Yes,2,No,No,No,Residential,medium,29510127400
7076,38.62096,-90.22084,Some,No,2,0,Yes,2,Yes,Yes,1,0,No,No,1,No,Yes,2,No,No,No,Residential,medium,29510127400
7077,38.62223,-90.22077,Some,No,2,0,Yes,2,No,Yes,0,0,No,No,1,No,No,2,No,No,No,Commercial,INVALID,29510127400
7078,38.62364,-90.22083,Ample,No,2,0,Yes,2,No,Yes,1,1,No,No,1,No,Yes,2,No,No,No,Commercial,INVALID,29510127400
707,38.57115,-90.29623,Ample,No,2,0,Yes,2,Yes,Yes,1,1,No,No,2,No,Yes,2,No,No,No,Residential,medium,29510102100
7080,38.62662,-90.22073,Ample,No,2,0,Yes,2,Yes,Yes,1,1,No,No,1,No,Yes,2,No,No,No,Commercial,INVALID,29510127800
7081,38.62789,-90.22068,Ample,No,2,0,No,2,Yes,Yes,1,1,No,No,1,No,Yes,2,No,No,No,Commercial,INVALID,29510127800
7082,38.62866,-90.22099,Ample,No,2,0,No,2,Yes,Yes,1,1,No,No,1,No,Yes,2,No,No,No,Commercial,low,29510127800
7084,38.63173,-90.22076,Ample,No,2,0,Yes,2,Yes,Yes,1,0,No,No,1,No,Yes,2,No,No,No,Residential,medium,29510127800
7086,38.63453,-90.22072,Ample,No,2,0,Yes,2,Yes,Yes,1,1,No,No,1,Yes,Yes,2,No,No,No,Commercial,high,29510127800
7087,38.63559,-90.22087,Ample,No,2,0,Yes,2,Yes,Yes,1,1,No,Yes,1,No,Yes,2,No,No,No,Commercial,high,29510127800
7088,38.63704,-90.22079,Ample,No,2,0,Yes,2,No,Yes,1,0,No,Yes,1,No,Yes,2,No,Yes,No,Residential,high,29510127800
7089,38.63846,-90.2208,Ample,No,2,0,Yes,2,Yes,Yes,1,0,No,No,1,Yes,Yes,2,No,No,No,Residential,low,29510127800
708,38.57243,-90.29625,Ample,No,2,0,Yes,2,Yes,Yes,1,1,No,No,1,No,Yes,2,No,No,No,Residential,medium,29510102100
7090,38.63998,-90.22077,Some,No,2,0,Yes,2,No,Yes,0,0,No,No,2,No,Yes,2,No,No,No,Residential,INVALID,29510121200
7091,38.64102,-90.22088,Ample,No,0,0,No,2,No,Yes,0,0,No,No,1,No,Yes,2,No,No,No,Residential,high,29510121200
7092,38.64248,-90.22077,Some,No,2,0,Yes,2,No,Yes,0,0,No,No,2,No,Yes,2,No,No,No,Residential,INVALID,29510121200
7093,38.64376,-90.2208,Ample,No,2,0,Yes,2,Yes,Yes,1,0,No,No,1,No,Yes,2,No,No,No,Residential,medium,29510121200
7095,38.64674,-90.22075,Ample,No,2,0,Yes,2,Yes,Yes,1,0,No,No,1,Yes,Yes,2,No,No,No,Residential,high,29510127700
7097,38.64925,-90.22067,Ample,No,0,0,Yes,2,No,Yes,0,0,No,No,2,No,Yes,2,No,No,No,Residential,high,29510127700
7098,38.65043,-90.22056,Ample,No,0,0,Yes,2,No,Yes,1,1,No,No,1,No,Yes,2,No,No,No,Residential,high,29510127700
7099,38.65189,-90.22079,Ample,No,0,0,Yes,2,No,Yes,1,1,No,No,1,No,Yes,2,No,No,No,Residential,high,29510127700
709,38.57373,-90.2959,Ample,No,2,0,Yes,2,Yes,Yes,1,0,No,No,1,No,Yes,2,No,No,No,Residential,medium,29510102100
70,38.60871,-90.31373,Ample,No,2,0,Yes,2,Yes,Yes,1,1,No,No,1,No,Yes,2,No,No,No,Residential,medium,29510126800
7100,38.65332,-90.22102,Ample,No,2,0,Yes,2,Yes,Yes,1,1,No,No,1,No,Yes,2,No,No,No,Residential,medium,29510127700
7101,38.65459,-90.22074,Some,No,2,0,Yes,2,No,Yes,1,1,No,No,1,No,Yes,2,No,No,No,Residential,INVALID,29510127700
7102,38.65584,-90.22053,Ample,No,0,0,Yes,2,Yes,Yes,1,1,No,No,1,No,Yes,2,No,No,No,Residential,low,29510110400
7103,38.65712,-90.22091,Ample,No,0,0,Yes,2,Yes,Yes,1,1,No,No,1,No,Yes,2,No,No,No,Commercial,high,29510110400
7104,38.65866,-90.22087,Ample,No,0,0,Yes,2,Yes,Yes,1,1,No,No,1,Yes,Yes,2,No,No,No,Residential,low,29510110400
7105,38.65988,-90.22092,Some,No,2,0,Yes,2,No,Yes,0,0,No,No,1,No,Yes,2,No,No,No,Residential,high,29510110400
7106,38.66159,-90.22068,Ample,No,2,0,Yes,2,Yes,Yes,1,1,No,No,1,No,Yes,2,No,No,Yes,Residential,high,29510110400
7107,38.66284,-90.22065,Ample,No,0,0,Yes,2,Yes,Yes,1,1,Yes,Yes,1,Yes,Yes,2,No,No,Yes,Residential,medium,29510110400
7108,38.66302,-90.22105,Ample,No,2,0,Yes,2,Yes,Yes,1,1,No,No,1,Yes,Yes,2,No,No,No,Residential,high,29510110400
7109,38.6651,-90.22069,Ample,No,0,0,Yes,2,Yes,Yes,1,1,No,No,1,Yes,Yes,2,No,No,No,Residential,high,29510110500
710,38.57521,-90.29666,Ample,No,2,0,Yes,2,Yes,Yes,1,1,No,No,1,No,Yes,2,No,No,No,Residential,medium,29510102200
7111,38.66824,-90.22063,Some,No,2,0,Yes,2,No,Yes,1,1,No,No,1,No,Yes,2,No,No,No,Residential,high,29510110500
7112,38.66926,-90.22093,Ample,No,2,0,Yes,2,Yes,Yes,1,1,No,No,1,No,Yes,2,No,No,No,Residential,medium,29510110500
7113,38.67082,-90.22092,Ample,No,2,0,Yes,2,No,Yes,0,0,No,No,2,No,Yes,2,No,No,No,Residential,high,29510110200
7114,38.67204,-90.22079,Ample,No,2,0,Yes,2,Yes,Yes,1,1,No,No,1,No,Yes,2,No,No,No,Residential,high,29510109600
7115,38.67336,-90.22073,Ample,No,2,0,Yes,2,Yes,Yes,1,1,No,No,1,No,Yes,2,No,No,No,Residential,high,29510109600
7116,38.675,-90.221,No,Yes,2,0,Yes,2,Yes,Yes,1,1,No,No,1,No,Yes,2,No,No,No,Residential,high,29510109600
7117,38.67628,-90.22085,Some,No,2,0,Yes,2,Yes,Yes,1,0,No,No,1,No,Yes,2,No,No,No,Residential,high,29510109600
7118,38.67766,-90.22103,Ample,No,2,0,Yes,2,Yes,Yes,1,0,No,No,1,Yes,Yes,2,No,No,No,Residential,medium,29510109600
711,38.5764,-90.29642,Ample,No,2,0,Yes,2,Yes,Yes,1,1,No,No,1,No,Yes,2,No,No,No,Residential,medium,29510102200
7123,38.68426,-90.22082,Ample,No,0,0,No,2,Yes,Yes,1,1,No,No,1,No,Yes,2,No,No,No,Commercial,low,29510109600
7125,38.68675,-90.22107,Ample,No,0,0,Yes,2,Yes,Yes,1,1,No,No,1,No,Yes,2,No,No,No,Commercial,high,29510127000
7126,38.68813,-90.22072,Some,No,0,0,Yes,2,No,Yes,1,1,No,No,1,No,Yes,2,No,No,No,Commercial,high,29510127000
7135,38.70055,-90.21998,Ample,No,0,0,No,2,Yes,Yes,1,1,No,No,1,No,Yes,2,No,No,No,Commercial,low,29510127000
7136,38.70171,-90.221,Ample,No,2,0,No,2,Yes,Yes,1,1,No,No,1,No,Yes,2,No,No,No,Commercial,high,29510127000
713,38.57926,-90.29624,Ample,No,2,0,Yes,2,Yes,Yes,1,1,No,No,1,No,Yes,2,No,No,No,Residential,high,29510102200
7149,38.71923,-90.22121,Ample,No,0,0,No,2,Yes,Yes,1,1,No,No,1,No,Yes,2,No,No,No,Commercial,INVALID,29510127000
7156,38.72903,-90.22106,Ample,No,0,0,No,2,Yes,Yes,1,0,No,No,2,No,Yes,2,No,No,No,Commercial,low,29510127000
715,38.5819,-90.29644,Ample,No,2,0,Yes,2,Yes,Yes,1,1,Yes,No,1,No,Yes,2,No,No,No,Residential,medium,29510114102
7161,38.58242,-90.22045,Ample,No,0,0,Yes,2,No,Yes,1,1,No,No,1,No,Yes,2,No,No,No,Commercial,low,29510124600
7162,38.5831,-90.21939,Ample,No,0,0,Yes,2,No,Yes,1,1,No,No,2,No,Yes,2,No,No,No,Residential,low,29510124600
7163,38.5844,-90.21933,Ample,No,0,0,No,2,Yes,Yes,1,0,No,No,1,No,Yes,2,No,No,No,Residential,high,29510124600
7164,38.58585,-90.21949,Ample,No,2,0,Yes,2,Yes,Yes,1,1,No,No,1,No,Yes,2,No,No,No,Residential,high,29510124600
7165,38.58617,-90.22018,Ample,No,2,0,Yes,2,Yes,Yes,1,1,No,No,2,Yes,Yes,2,No,Yes,No,Residential,medium,29510124600
7166,38.58885,-90.21937,Ample,No,0,0,Yes,2,Yes,Yes,1,0,No,No,1,Yes,Yes,2,No,No,No,Residential,high,29510124600
7167,38.59014,-90.21944,Ample,No,2,0,Yes,2,Yes,Yes,1,1,No,No,1,No,Yes,2,No,No,No,Residential,low,29510124300
7168,38.59121,-90.2189,Ample,No,2,0,Yes,2,Yes,Yes,1,1,No,No,1,No,Yes,2,No,No,No,Commercial,high,29510124300
7169,38.59254,-90.21952,Ample,No,2,0,Yes,2,Yes,Yes,1,1,No,No,1,No,Yes,2,No,No,No,Residential,medium,29510124300
716,38.58318,-90.29621,Ample,No,2,0,Yes,2,Yes,Yes,1,1,No,No,1,No,Yes,2,No,No,No,Residential,medium,29510114102
7170,38.59396,-90.21949,Some,No,2,0,Yes,2,Yes,Yes,1,1,No,No,1,No,Yes,2,No,No,No,Residential,medium,29510124300
7171,38.59528,-90.21948,Ample,No,2,0,Yes,2,No,Yes,1,1,No,No,1,No,Yes,2,No,No,No,Residential,medium,29510124300
7172,38.59664,-90.21941,Some,No,2,0,Yes,2,No,Yes,0,1,No,No,1,No,Yes,2,No,No,No,Residential,high,29510124300
7173,38.59803,-90.21942,Ample,No,2,0,Yes,2,Yes,Yes,1,1,No,No,1,No,Yes,2,No,No,No,Residential,low,29510124300
7174,38.59935,-90.21954,Ample,No,2,0,Yes,2,Yes,Yes,1,1,No,No,1,No,Yes,2,No,No,No,Residential,medium,29510124300
7175,38.60073,-90.21924,Ample,No,2,0,Yes,2,Yes,Yes,1,1,No,No,1,No,Yes,2,No,No,No,Residential,medium,29510124300
7176,38.60203,-90.21949,Ample,No,2,0,Yes,2,Yes,Yes,1,1,No,No,1,Yes,Yes,2,No,No,Yes,Residential,medium,29510123300
7177,38.60338,-90.21929,Ample,No,2,0,Yes,2,Yes,Yes,1,1,No,No,1,No,Yes,2,No,No,No,Residential,high,29510123300
7178,38.60474,-90.21951,Ample,No,2,0,Yes,2,No,Yes,1,1,No,No,1,No,Yes,2,No,No,No,Residential,high,29510123300
7179,38.60593,-90.21941,Ample,No,2,0,Yes,2,Yes,Yes,1,1,No,No,1,No,Yes,2,No,No,No,Commercial,low,29510123300
717,38.58457,-90.29621,Ample,No,2,0,Yes,2,Yes,Yes,1,0,No,No,2,No,Yes,2,No,No,No,Residential,high,29510114102
7180,38.60748,-90.21956,Some,No,2,0,Yes,2,No,Yes,0,0,No,No,1,No,Yes,2,No,No,No,Residential,low,29510123300
7181,38.60881,-90.2193,Some,No,2,0,Yes,2,No,Yes,1,1,No,No,2,No,Yes,2,No,No,No,Residential,high,29510123300
7182,38.61043,-90.21937,Ample,No,2,0,Yes,2,Yes,Yes,1,1,No,No,1,No,Yes,2,No,No,No,Residential,medium,29510123300
7183,38.61152,-90.21944,Some,No,2,0,Yes,2,Yes,Yes,1,1,No,No,1,Yes,Yes,2,No,No,No,Residential,medium,29510123200
7184,38.61281,-90.21948,Ample,No,2,0,Yes,2,Yes,Yes,1,1,No,No,1,No,Yes,2,No,No,No,Commercial,low,29510123200
7185,38.61411,-90.2192,Ample,No,2,0,Yes,2,Yes,Yes,1,0,No,No,1,Yes,Yes,2,No,No,No,Residential,medium,29510123200
7186,38.6155,-90.21915,Some,No,2,0,Yes,2,No,Yes,0,0,No,No,1,No,Yes,2,No,No,No,Residential,high,29510123200
7187,38.61689,-90.2195,Ample,No,2,0,Yes,2,Yes,Yes,1,0,No,No,1,No,Yes,2,No,No,No,Residential,high,29510123200
7188,38.61819,-90.21947,Ample,No,2,0,Yes,2,Yes,Yes,1,0,No,Yes,1,No,Yes,2,No,No,No,Residential,high,29510127400
7189,38.61963,-90.21963,Ample,No,2,1,Yes,2,Yes,Yes,1,1,No,No,1,No,Yes,2,No,No,Yes,Residential,high,29510127400
718,38.58606,-90.2963,Ample,No,2,0,Yes,2,Yes,Yes,1,1,No,No,1,No,Yes,2,No,No,No,Residential,high,29510114102
7190,38.62106,-90.21938,Some,No,2,0,Yes,2,No,Yes,1,0,No,No,1,No,Yes,2,No,No,No,Commercial,low,29510127400
7191,38.62241,-90.21945,Ample,No,2,0,Yes,2,Yes,Yes,1,1,No,No,1,No,Yes,2,No,No,No,Commercial,high,29510127400
7192,38.62338,-90.21957,Ample,No,0,0,Yes,2,No,Yes,1,1,No,No,1,No,Yes,2,No,No,No,Commercial,INVALID,29510127400
7194,38.62636,-90.21949,Ample,No,2,0,Yes,2,Yes,Yes,0,0,No,No,2,No,Yes,2,No,No,Yes,Commercial,low,29510127800
7195,38.62774,-90.21937,Ample,No,2,0,Yes,2,Yes,Yes,1,1,No,No,1,No,Yes,2,No,No,No,Commercial,INVALID,29510127800
7196,38.62921,-90.21938,Ample,No,2,0,Yes,2,No,Yes,1,1,No,No,1,No,Yes,2,No,No,No,Commercial,INVALID,29510127800
7198,38.63174,-90.21948,Ample,No,2,0,No,2,Yes,Yes,1,1,No,No,1,No,Yes,2,No,No,No,Commercial,high,29510127800
7199,38.63312,-90.21978,Ample,No,2,0,No,2,Yes,Yes,1,1,No,No,1,Yes,Yes,2,No,No,No,Residential,high,29510127800
719,38.58713,-90.29628,No,No,2,0,Yes,2,Yes,Yes,0,0,No,No,1,No,Yes,2,No,No,No,Residential,high,29510114102
71,38.60969,-90.31383,Ample,No,2,0,Yes,2,Yes,Yes,1,1,No,No,1,No,Yes,2,No,No,No,Residential,medium,29510126800
7200,38.63428,-90.21954,Ample,No,2,0,Yes,2,Yes,Yes,1,1,No,No,1,Yes,Yes,2,No,No,No,Residential,high,29510127800
7201,38.63578,-90.21944,Ample,No,2,0,Yes,2,Yes,Yes,1,1,No,No,2,No,Yes,2,No,No,No,Commercial,INVALID,29510127800
7202,38.63725,-90.21943,Some,No,2,0,Yes,2,No,Yes,1,1,No,No,1,No,Yes,2,No,No,No,Residential,medium,29510127800
7203,38.63824,-90.21946,Ample,No,2,0,Yes,2,Yes,Yes,1,1,No,No,1,No,Yes,2,No,No,No,Residential,medium,29510127800
7204,38.6397,-90.21947,Some,No,2,0,Yes,2,Yes,Yes,1,1,No,No,1,Yes,Yes,2,No,No,No,Residential,medium,29510121200
7205,38.64122,-90.21945,Ample,No,0,0,Yes,2,Yes,Yes,1,1,No,No,2,No,Yes,2,No,No,No,Residential,low,29510121200
7206,38.64249,-90.2194,Ample,No,2,0,Yes,2,No,Yes,1,1,No,No,1,No,Yes,2,No,No,No,Residential,high,29510121200
7207,38.64378,-90.21942,Ample,No,2,0,Yes,2,No,Yes,1,1,No,No,1,No,Yes,2,No,No,No,Residential,INVALID,29510121200
7208,38.64521,-90.21995,Ample,No,0,0,Yes,2,Yes,Yes,1,1,No,No,1,No,Yes,2,No,No,No,Residential,high,29510121200
7209,38.64651,-90.21944,Ample,No,2,0,Yes,2,Yes,Yes,1,1,No,No,1,Yes,Yes,2,No,No,No,Residential,INVALID,29510127100
720,38.58857,-90.29623,Ample,No,2,0,Yes,2,Yes,Yes,1,1,No,No,1,No,Yes,2,No,No,No,Residential,high,29510114102
7211,38.64939,-90.21944,Ample,No,2,0,Yes,2,No,Yes,1,1,No,No,1,No,Yes,2,No,No,No,Residential,low,29510127100
7212,38.65053,-90.21942,Ample,No,0,0,No,1,No,Yes,0,0,No,No,1,No,Yes,2,No,No,No,Residential,high,29510127100
7213,38.65196,-90.21944,Ample,No,0,0,Yes,2,No,Yes,0,0,No,No,2,No,Yes,2,No,No,No,Residential,medium,29510127100
7214,38.65337,-90.21972,Ample,No,2,0,Yes,2,Yes,Yes,1,1,No,No,1,Yes,Yes,2,No,No,No,Residential,high,29510127700
7215,38.65483,-90.21926,Some,No,2,0,Yes,2,No,Yes,0,0,No,No,1,No,Yes,2,No,No,No,Residential,high,29510110400
7216,38.65595,-90.21943,Ample,No,2,0,Yes,2,Yes,Yes,1,1,No,No,1,No,Yes,2,No,No,Yes,Residential,medium,29510110400
7217,38.65735,-90.21945,Ample,No,2,0,Yes,2,Yes,Yes,1,1,No,No,1,Yes,Yes,2,No,No,No,Residential,high,29510110400
7218,38.65862,-90.21942,Ample,No,0,0,Yes,2,No,Yes,1,1,No,No,2,Yes,Yes,2,No,No,No,Residential,high,29510110400
7219,38.65987,-90.21952,Ample,No,2,0,Yes,2,Yes,Yes,1,1,No,No,1,No,Yes,2,No,No,No,Residential,high,29510110400
721,38.58997,-90.29626,Ample,No,2,0,Yes,2,Yes,Yes,1,1,No,No,1,No,Yes,2,No,No,No,Residential,high,29510114102
7220,38.66113,-90.21964,Ample,No,2,0,Yes,2,Yes,Yes,1,1,No,No,1,No,Yes,2,No,No,No,Residential,high,29510110400
7221,38.6624,-90.21964,Ample,No,0,0,Yes,2,Yes,Yes,1,1,No,No,1,Yes,Yes,2,No,No,No,Residential,high,29510110400
7223,38.66552,-90.21954,Ample,No,2,0,Yes,2,Yes,Yes,1,1,No,Yes,1,Yes,Yes,2,No,No,No,Residential,high,29510110500
7224,38.66672,-90.2194,Ample,No,2,0,Yes,2,Yes,Yes,1,1,No,No,1,Yes,Yes,2,No,No,No,Residential,high,29510110500
7225,38.66814,-90.21941,Ample,No,2,0,Yes,2,No,Yes,0,0,No,No,1,No,Yes,2,No,No,No,Residential,high,29510110500
7226,38.66951,-90.21939,Ample,No,2,0,Yes,2,No,Yes,1,1,No,Yes,1,No,Yes,2,No,No,Yes,Residential,high,29510110500
7227,38.67082,-90.21954,Ample,No,2,0,Yes,2,No,Yes,0,0,No,No,2,No,Yes,2,No,No,No,Residential,high,29510110500
7228,38.67202,-90.21927,Ample,No,2,0,Yes,2,Yes,Yes,1,1,No,No,1,No,Yes,2,No,No,No,Residential,medium,29510109700
7229,38.67342,-90.21961,Some,No,2,0,Yes,2,No,Yes,1,1,No,No,1,No,Yes,2,No,No,No,Residential,INVALID,29510109600
722,38.59132,-90.29625,Ample,No,2,0,Yes,2,Yes,Yes,1,1,No,No,1,No,Yes,2,No,No,No,Residential,high,29510114102
7230,38.67487,-90.2193,No,No,2,0,Yes,2,Yes,Yes,1,0,No,No,1,No,Yes,2,No,No,No,Residential,INVALID,29510109600
7231,38.67632,-90.21964,Ample,No,2,0,Yes,2,Yes,Yes,1,0,No,No,1,No,Yes,2,No,No,No,Residential,medium,29510109600
7232,38.67753,-90.21952,Ample,No,2,0,Yes,2,No,Yes,1,1,No,No,1,Yes,Yes,2,No,No,No,Residential,medium,29510109600
7233,38.67867,-90.21932,Ample,No,2,0,Yes,2,Yes,Yes,1,0,Yes,No,2,Yes,Yes,2,No,No,Yes,Residential,high,29510109600
7234,38.67983,-90.21922,Ample,No,2,0,Yes,2,Yes,Yes,1,1,No,No,1,Yes,Yes,2,No,No,No,Residential,medium,29510109600
7235,38.6816,-90.21935,Ample,No,2,0,Yes,2,Yes,Yes,1,0,No,No,1,Yes,Yes,2,No,No,No,Residential,high,29510109600
7237,38.68413,-90.21944,Ample,No,0,0,No,2,Yes,Yes,1,1,No,No,1,No,Yes,2,No,No,No,Commercial,low,29510109600
7238,38.68557,-90.21952,Ample,No,0,0,Yes,2,Yes,Yes,1,1,No,No,1,No,Yes,2,No,No,No,Commercial,high,29510109600
7239,38.68691,-90.21945,Ample,No,0,0,Yes,2,No,Yes,1,1,No,No,1,No,Yes,2,No,No,No,Commercial,high,29510127000
723,38.59264,-90.29631,Ample,No,2,0,Yes,2,Yes,Yes,1,1,Yes,No,1,No,Yes,2,No,No,Yes,Residential,high,29510114102
7242,38.69053,-90.22109,Ample,No,2,0,Yes,2,Yes,Yes,1,0,No,No,1,No,Yes,2,No,No,No,Commercial,INVALID,29510127000
7247,38.69855,-90.21822,Ample,No,0,0,No,2,Yes,Yes,1,0,No,No,1,No,Yes,2,No,No,No,Commercial,high,29510127000
7248,38.69954,-90.21908,Ample,No,0,0,No,2,No,Yes,1,0,No,No,1,No,Yes,2,No,No,No,Commercial,high,29510127000
7249,38.70029,-90.21975,Ample,No,0,0,No,2,Yes,Yes,1,1,No,No,1,No,Yes,2,No,No,No,Commercial,high,29510127000
724,38.59409,-90.29627,Ample,No,2,0,Yes,2,Yes,Yes,1,1,No,No,1,No,Yes,2,No,No,No,Residential,low,29510114102
725,38.59534,-90.29624,Ample,No,2,0,Yes,2,Yes,Yes,1,0,No,No,1,No,Yes,2,No,No,No,Residential,high,29510114102
726,38.59661,-90.29627,Some,No,2,0,Yes,2,Yes,Yes,1,1,No,No,1,No,Yes,2,No,No,No,Residential,high,29510114102
7271,38.73008,-90.2194,Ample,No,0,0,Yes,2,Yes,Yes,1,0,No,No,1,No,Yes,2,No,No,No,Residential,high,29510127000
7277,38.58474,-90.21836,Ample,No,0,0,No,2,Yes,Yes,1,1,No,No,1,No,Yes,2,No,No,No,Residential,high,29510124600
7278,38.58615,-90.21832,Ample,No,2,0,Yes,2,No,Yes,1,1,Yes,No,1,Yes,Yes,2,No,No,No,Residential,high,29510124600
727,38.59795,-90.29631,Ample,No,2,0,Yes,2,Yes,Yes,1,1,No,No,1,No,Yes,2,No,No,No,Residential,high,29510114200
7280,38.58884,-90.21771,Ample,No,0,0,Yes,2,No,Yes,1,1,No,No,2,No,Yes,2,No,No,No,Commercial,medium,29510124600
7281,38.58993,-90.21809,Ample,No,2,0,Yes,2,Yes,Yes,1,1,No,No,1,No,Yes,2,No,No,No,Commercial,high,29510124300
7283,38.59264,-90.21811,Ample,No,2,0,No,2,No,Yes,0,0,No,No,1,No,No,2,No,No,No,Commercial,medium,29510124300
7284,38.59397,-90.21835,Ample,No,2,0,Yes,2,Yes,Yes,1,1,No,No,1,Yes,Yes,2,No,No,No,Residential,high,29510124300
7285,38.59528,-90.21806,Ample,No,2,0,Yes,2,Yes,Yes,1,0,No,No,1,Yes,Yes,2,No,No,No,Residential,medium,29510124300
7286,38.59672,-90.21813,Ample,No,2,0,Yes,2,Yes,Yes,1,1,No,No,1,No,Yes,2,No,No,No,Residential,medium,29510124300
7287,38.59797,-90.21816,Ample,No,2,0,Yes,2,Yes,Yes,0,1,No,No,1,No,Yes,2,No,No,No,Residential,medium,29510124300
7288,38.5994,-90.21807,Ample,No,2,0,Yes,2,Yes,Yes,1,1,No,No,1,No,Yes,2,No,No,No,Residential,medium,29510124300
7289,38.60072,-90.21809,Ample,No,2,0,Yes,2,Yes,Yes,1,1,No,No,1,Yes,Yes,2,No,No,No,Residential,high,29510124300
728,38.59926,-90.29633,Ample,No,2,0,Yes,2,Yes,Yes,0,0,No,No,1,No,Yes,2,No,No,No,Residential,low,29510114200
7290,38.60201,-90.21806,Ample,Yes,2,0,Yes,2,Yes,Yes,1,1,No,No,1,No,Yes,2,No,No,No,Residential,high,29510123300
7291,38.60333,-90.21813,Ample,No,2,0,Yes,2,No,Yes,1,1,No,No,1,No,Yes,2,No,No,No,Residential,INVALID,29510123300
7292,38.60491,-90.21807,Ample,No,2,0,Yes,2,No,Yes,1,1,No,No,1,No,Yes,2,No,No,No,Residential,medium,29510123300
7293,38.60614,-90.2181,Ample,No,2,0,Yes,2,Yes,Yes,1,1,No,No,1,No,Yes,2,No,No,No,Residential,high,29510123300
7294,38.60745,-90.21783,Ample,No,2,0,Yes,2,Yes,Yes,1,1,No,Yes,1,No,Yes,2,No,No,No,Residential,low,29510123300
7295,38.60897,-90.21797,Ample,No,2,0,Yes,2,Yes,Yes,1,1,No,No,1,No,Yes,2,No,No,Yes,Residential,medium,29510123300
7296,38.6101,-90.21817,Ample,No,2,0,Yes,2,Yes,Yes,1,1,No,No,2,Yes,Yes,2,No,No,No,Residential,medium,29510123300
7297,38.61165,-90.21808,Ample,No,2,0,Yes,2,No,Yes,1,1,No,No,1,No,Yes,2,No,No,No,Residential,medium,29510123200
7298,38.61275,-90.21809,Ample,No,0,0,Yes,2,No,Yes,0,0,No,No,1,Yes,Yes,2,No,No,No,Residential,high,29510123200
7299,38.61416,-90.21785,Ample,No,0,0,Yes,2,Yes,Yes,1,1,No,No,1,Yes,Yes,2,No,No,No,Residential,medium,29510123200
729,38.60059,-90.29628,Ample,No,2,0,Yes,2,Yes,Yes,1,1,No,No,1,No,Yes,2,No,No,No,Residential,high,29510114200
72,38.57792,-90.31223,Ample,No,2,0,Yes,2,Yes,Yes,1,1,No,No,1,No,Yes,2,No,No,No,Residential,medium,29510102200
7300,38.61559,-90.21838,Ample,No,0,0,Yes,2,Yes,Yes,1,0,No,No,1,Yes,Yes,2,No,No,No,Residential,high,29510123200
7301,38.61687,-90.21811,Ample,No,0,0,Yes,2,Yes,Yes,1,0,No,No,1,Yes,Yes,2,No,No,No,Residential,high,29510123200
7302,38.61815,-90.21796,Ample,No,2,0,Yes,2,Yes,Yes,1,1,No,Yes,1,Yes,Yes,2,No,Yes,Yes,Residential,medium,29510127400
7303,38.6196,-90.21813,Some,No,2,0,Yes,2,No,Yes,1,1,No,No,1,No,Yes,2,No,No,No,Residential,low,29510127400
7304,38.6211,-90.21804,Ample,No,2,0,Yes,2,No,Yes,1,1,No,No,1,No,Yes,2,No,No,No,Commercial,low,29510127400
7305,38.62232,-90.21811,Ample,No,2,0,Yes,2,Yes,Yes,1,1,No,No,1,No,Yes,2,No,No,No,Commercial,high,29510127400
7306,38.62361,-90.21815,Ample,No,0,0,Yes,2,Yes,Yes,1,1,No,No,2,No,Yes,2,No,No,No,Commercial,low,29510127400
7307,38.62496,-90.21804,Ample,No,0,0,Yes,2,Yes,Yes,1,1,No,No,2,No,Yes,2,No,No,No,Commercial,high,29510127400
7308,38.62635,-90.21809,Ample,No,2,0,Yes,2,Yes,Yes,1,1,Yes,No,1,Yes,Yes,2,No,No,No,Commercial,medium,29510127400
7309,38.62767,-90.21808,Ample,No,2,0,No,2,Yes,Yes,1,1,No,No,1,No,Yes,2,No,No,No,Commercial,INVALID,29510127800
730,38.6024,-90.29621,Ample,No,2,0,Yes,2,Yes,Yes,1,0,No,No,1,No,Yes,2,No,No,No,Residential,medium,29510103700
7310,38.62896,-90.21818,Some,No,2,0,Yes,2,Yes,Yes,1,1,No,No,1,No,Yes,2,No,No,No,Commercial,medium,29510127800
7311,38.63029,-90.21812,Ample,No,2,0,No,2,Yes,Yes,1,1,No,No,1,No,Yes,2,No,No,No,Commercial,high,29510127800
7312,38.63147,-90.21867,Ample,No,2,0,Yes,2,Yes,Yes,1,1,No,No,2,No,Yes,2,No,No,No,Commercial,high,29510127800
7313,38.63308,-90.21807,Ample,No,2,0,Yes,2,No,Yes,1,1,No,No,1,No,Yes,2,No,No,No,Commercial,INVALID,29510127500
7314,38.63442,-90.21817,Ample,No,0,0,Yes,2,Yes,Yes,1,1,No,No,2,No,Yes,2,No,No,No,Commercial,INVALID,29510127800
7315,38.63552,-90.21821,Some,No,2,0,Yes,2,No,Yes,1,1,No,No,1,No,Yes,2,No,No,No,Commercial,INVALID,29510127800
7316,38.63698,-90.21814,Ample,No,2,0,Yes,2,Yes,Yes,1,1,No,No,1,No,Yes,2,No,No,No,Residential,high,29510127800
7317,38.63792,-90.21797,Ample,No,2,0,Yes,2,Yes,Yes,1,0,No,No,1,No,Yes,2,No,No,No,Residential,high,29510127800
7318,38.63982,-90.21805,Ample,No,0,0,Yes,2,Yes,Yes,1,1,Yes,No,1,No,Yes,2,No,No,No,Residential,low,29510121200
7319,38.64123,-90.21806,Ample,No,0,1,Yes,2,Yes,Yes,1,1,Yes,No,1,Yes,Yes,2,No,No,Yes,Residential,high,29510121200
731,38.6033,-90.29633,Ample,No,2,0,Yes,2,No,Yes,1,1,No,No,1,No,Yes,2,No,No,No,Residential,high,29510103700
7320,38.64251,-90.21815,Some,No,2,0,No,2,No,Yes,0,0,No,No,1,No,Yes,2,No,No,No,Residential,INVALID,29510121200
7321,38.64379,-90.21815,Ample,No,2,0,Yes,2,Yes,Yes,1,1,No,No,1,No,Yes,2,No,No,No,Residential,medium,29510121200
7322,38.64517,-90.21763,Ample,No,0,0,Yes,2,No,Yes,1,1,No,No,1,No,Yes,2,No,No,No,Residential,INVALID,29510121200
7323,38.6462,-90.21819,Ample,No,2,0,Yes,2,Yes,Yes,1,1,No,No,2,Yes,Yes,2,No,No,No,Residential,high,29510127100
7324,38.64786,-90.21765,Ample,No,0,0,Yes,2,Yes,Yes,1,1,No,No,2,No,Yes,2,No,No,No,Residential,low,29510127100
7325,38.6494,-90.21816,Ample,No,0,0,Yes,2,No,Yes,1,1,No,No,1,No,Yes,2,No,No,No,Commercial,INVALID,29510127100
7326,38.65056,-90.21828,Ample,No,0,0,Yes,2,No,Yes,0,0,No,No,2,No,Yes,2,No,No,No,Residential,low,29510127100
7327,38.65191,-90.2183,No,No,0,0,No,1,No,Yes,0,0,No,No,1,No,No,2,No,No,No,Residential,high,29510127100
7328,38.65353,-90.21794,Ample,No,0,0,Yes,2,Yes,Yes,1,1,No,No,1,No,Yes,2,No,No,No,Residential,high,29510110400
7329,38.6548,-90.218,Ample,No,2,0,Yes,2,Yes,Yes,1,1,No,No,1,No,Yes,2,No,No,No,Residential,high,29510110400
732,38.60494,-90.29637,Ample,No,2,0,Yes,2,Yes,Yes,1,1,No,Yes,1,No,Yes,2,No,No,No,Residential,high,29510103700
7330,38.65592,-90.21815,Ample,No,2,0,Yes,2,Yes,Yes,1,1,No,No,1,No,Yes,2,No,No,No,Residential,high,29510110400
7331,38.65747,-90.21803,Some,No,2,0,Yes,2,No,Yes,1,1,No,No,1,No,Yes,2,No,No,No,Residential,high,29510110400
7332,38.65862,-90.21812,Some,Yes,2,0,Yes,2,No,Yes,1,1,No,No,1,No,Yes,2,No,No,No,Commercial,low,29510110400
7333,38.65984,-90.21767,Ample,No,2,0,No,2,Yes,Yes,1,1,No,No,1,No,Yes,2,No,No,No,Residential,high,29510110400
7334,38.66127,-90.21795,Ample,No,2,0,No,2,Yes,Yes,0,0,No,No,1,Yes,Yes,2,No,No,No,Commercial,high,29510110400
7335,38.66191,-90.21854,Ample,No,2,0,Yes,2,Yes,Yes,1,1,Yes,Yes,2,Yes,Yes,2,No,No,Yes,Residential,medium,29510110400
7338,38.66675,-90.21826,Ample,Yes,2,0,Yes,2,Yes,Yes,1,1,No,No,1,Yes,Yes,2,No,Yes,No,Residential,high,29510110500
7339,38.66803,-90.21812,Ample,No,0,0,Yes,2,Yes,Yes,1,1,No,No,1,No,Yes,2,No,No,No,Residential,low,29510110500
733,38.60595,-90.29626,Ample,No,2,0,Yes,2,Yes,Yes,1,1,No,No,1,No,Yes,2,No,No,No,Residential,high,29510103700
7340,38.66939,-90.21813,Some,No,2,0,Yes,2,No,Yes,1,0,No,No,1,No,Yes,2,No,No,No,Residential,high,29510110500
7341,38.67088,-90.21818,Ample,No,2,0,Yes,2,No,Yes,1,1,No,No,1,Yes,Yes,2,No,No,No,Residential,medium,29510110500
7342,38.672,-90.2179,Ample,Yes,2,0,Yes,2,No,Yes,1,1,No,No,1,No,Yes,2,No,No,No,Residential,high,29510109700
7343,38.67342,-90.21804,Ample,No,0,0,Yes,2,Yes,Yes,1,1,No,Yes,1,Yes,Yes,2,No,No,No,Residential,medium,29510109700
7344,38.67477,-90.21802,Ample,No,2,0,Yes,2,Yes,Yes,1,0,No,No,1,No,Yes,2,No,No,No,Residential,high,29510109600
7345,38.67608,-90.21824,Ample,No,2,0,Yes,2,Yes,Yes,1,1,No,No,1,No,Yes,2,No,No,No,Residential,high,29510109600
7346,38.67767,-90.21819,Some,No,2,0,Yes,2,No,Yes,1,1,No,No,1,No,Yes,2,No,No,No,Residential,INVALID,29510109600
7347,38.67881,-90.21808,Ample,No,2,0,Yes,2,Yes,Yes,1,1,No,Yes,1,Yes,Yes,2,No,Yes,Yes,Residential,medium,29510109600
7348,38.6805,-90.21836,Ample,No,2,0,Yes,2,Yes,Yes,0,0,No,No,1,Yes,Yes,2,No,Yes,No,Residential,high,29510109600
734,38.60747,-90.29626,Ample,No,2,0,Yes,2,Yes,Yes,1,1,Yes,No,1,No,Yes,2,No,No,No,Residential,high,29510103700
7350,38.68289,-90.21814,Ample,No,0,0,Yes,2,Yes,Yes,1,1,No,No,1,No,Yes,2,No,No,No,Residential,high,29510109600
7351,38.68414,-90.21818,Ample,No,0,0,Yes,2,Yes,Yes,1,1,No,No,2,No,Yes,2,No,No,No,Commercial,high,29510109600
7352,38.68565,-90.21818,Ample,No,2,0,Yes,2,Yes,Yes,1,1,No,No,1,No,Yes,2,No,No,No,Commercial,INVALID,29510109600
7353,38.68711,-90.21781,Ample,No,2,0,Yes,2,Yes,Yes,1,1,No,No,1,No,Yes,2,No,No,No,Commercial,low,29510127000
7356,38.69139,-90.21772,Ample,No,2,0,Yes,2,Yes,Yes,1,1,No,No,2,No,Yes,2,No,No,No,Commercial,low,29510127000
7357,38.69183,-90.21811,Ample,No,2,0,No,2,Yes,Yes,1,1,No,No,1,No,Yes,2,No,No,No,Commercial,INVALID,29510127000
735,38.60892,-90.29625,Some,No,2,0,Yes,2,No,Yes,0,0,No,No,1,No,Yes,2,No,No,No,Residential,high,29510103400
7361,38.69793,-90.21767,Ample,No,0,0,No,2,Yes,Yes,1,1,No,No,1,No,Yes,2,No,No,No,Residential,low,29510127000
7362,38.69884,-90.21847,Ample,No,0,0,No,2,Yes,Yes,1,0,No,No,1,No,Yes,2,No,No,No,Commercial,high,29510127000
7363,38.70025,-90.21793,Ample,No,0,1,No,2,No,Yes,1,0,No,No,1,No,Yes,2,No,No,No,Commercial,INVALID,29510127000
736,38.60996,-90.29628,Some,No,2,0,Yes,2,No,Yes,1,1,No,No,1,No,Yes,2,No,No,No,Residential,high,29510103700
7370,38.70983,-90.21771,No,No,0,0,Yes,2,Yes,Yes,0,0,No,No,2,No,Yes,2,No,No,No,Residential,high,29510127000
7371,38.71118,-90.2179,No,No,0,0,Yes,2,Yes,Yes,0,0,No,No,2,No,Yes,2,No,No,No,Residential,high,29510127000
7373,38.71386,-90.21797,No,No,0,0,Yes,2,Yes,Yes,0,0,No,No,2,No,Yes,2,No,No,No,Residential,high,29510127000
7374,38.71526,-90.2178,No,No,0,0,Yes,2,Yes,Yes,0,0,No,No,2,No,Yes,2,No,No,No,Residential,high,29510127000
7375,38.71654,-90.21762,No,No,0,0,Yes,2,Yes,Yes,0,0,No,No,2,No,Yes,2,No,No,No,Residential,high,29510127000
737,38.6115,-90.29647,Ample,No,2,0,Yes,2,Yes,Yes,1,1,No,No,1,No,Yes,2,No,No,No,Residential,high,29510103400
7386,38.73118,-90.21789,Ample,Yes,0,0,Yes,2,Yes,Yes,1,1,No,No,2,No,Yes,2,No,No,No,Residential,INVALID,29510127000
738,38.61262,-90.29627,Ample,No,2,0,Yes,2,Yes,Yes,1,1,Yes,Yes,1,No,Yes,2,No,No,No,Residential,medium,29510103600
7392,38.58476,-90.21707,Ample,No,0,0,Yes,2,No,Yes,1,0,No,No,1,No,Yes,2,No,No,No,Residential,high,29510124600
7393,38.58591,-90.21681,Ample,No,2,0,No,2,Yes,Yes,1,1,No,No,1,No,Yes,2,No,No,No,Residential,high,29510124600
7394,38.58714,-90.21665,Ample,No,2,0,Yes,2,No,Yes,1,1,No,No,1,Yes,Yes,2,No,No,No,Residential,medium,29510124600
7395,38.58829,-90.21715,Ample,No,2,0,Yes,2,Yes,Yes,1,1,No,No,1,Yes,Yes,2,No,No,No,Commercial,high,29510124600
7396,38.59014,-90.2164,Ample,No,2,0,Yes,2,Yes,Yes,1,1,No,No,2,No,Yes,2,No,No,No,Commercial,low,29510124600
7398,38.59283,-90.21669,Some,No,0,0,Yes,2,No,Yes,1,1,No,No,1,No,Yes,2,No,No,No,Residential,low,29510124300
7399,38.59403,-90.2168,Some,No,2,0,Yes,2,Yes,Yes,1,1,No,No,1,Yes,Yes,2,No,No,No,Residential,high,29510124300
739,38.61429,-90.29631,Ample,No,2,0,Yes,2,Yes,Yes,1,1,No,No,1,No,Yes,2,No,No,No,Residential,low,29510103600
73,38.5789,-90.31245,Ample,No,2,0,Yes,2,Yes,Yes,1,0,No,Yes,1,No,Yes,2,No,No,No,Residential,medium,29510102200
7400,38.59534,-90.2166,Ample,No,0,0,Yes,2,Yes,Yes,1,1,No,No,1,No,Yes,2,No,No,No,Residential,low,29510124300
7401,38.59665,-90.21684,Ample,No,2,0,Yes,2,Yes,Yes,1,1,No,Yes,1,No,Yes,2,No,No,Yes,Residential,low,29510124300
7402,38.59793,-90.21675,Ample,No,2,0,Yes,2,Yes,Yes,1,1,No,No,1,No,Yes,2,No,No,No,Residential,high,29510124300
7403,38.59938,-90.21661,Ample,No,2,0,Yes,2,Yes,Yes,1,1,No,No,1,No,Yes,2,No,No,No,Residential,low,29510124300
7404,38.6007,-90.21691,Ample,No,2,0,Yes,2,Yes,Yes,1,0,No,No,1,No,Yes,2,No,No,No,Residential,high,29510124300
7405,38.60206,-90.21674,Ample,No,2,0,No,2,Yes,Yes,1,1,No,No,1,No,Yes,2,No,No,No,Residential,medium,29510123300
7406,38.60339,-90.21677,Ample,No,2,0,Yes,2,Yes,Yes,1,1,No,No,1,No,Yes,2,No,No,Yes,Residential,high,29510123300
7407,38.60472,-90.21686,Ample,No,2,0,Yes,2,Yes,Yes,1,1,No,No,1,No,Yes,2,No,No,No,Residential,high,29510123300
7408,38.60606,-90.21676,Ample,No,2,0,Yes,2,No,Yes,1,1,No,No,1,No,Yes,2,No,No,No,Commercial,low,29510123300
7409,38.60719,-90.21666,Ample,No,2,0,Yes,2,Yes,Yes,1,1,No,No,1,No,Yes,2,No,No,No,Commercial,high,29510123300
740,38.61575,-90.29645,Ample,No,2,0,No,2,Yes,Yes,1,0,No,No,1,No,Yes,2,No,No,No,Residential,high,29510103600
7410,38.60866,-90.21686,Some,No,2,0,Yes,2,Yes,Yes,1,1,No,No,1,No,Yes,2,No,No,No,Residential,medium,29510123300
7411,38.6102,-90.21728,Ample,No,2,0,Yes,2,Yes,Yes,1,1,No,No,1,Yes,Yes,2,No,No,No,Residential,high,29510123200
7412,38.61148,-90.217,Ample,No,2,0,Yes,2,Yes,Yes,1,1,No,No,1,No,Yes,2,No,No,No,Residential,medium,29510123200
7413,38.61278,-90.21675,Ample,No,0,0,No,2,Yes,Yes,1,1,No,No,1,No,Yes,2,No,No,No,Commercial,high,29510123200
7414,38.61431,-90.21674,Ample,No,0,0,Yes,2,Yes,Yes,1,0,No,No,1,Yes,Yes,2,No,No,No,Residential,medium,29510123200
7417,38.61834,-90.21669,No,No,2,0,Yes,2,Yes,Yes,0,0,No,No,1,No,Yes,2,No,No,No,Residential,high,29510127400
7418,38.61959,-90.21699,Ample,No,2,0,Yes,2,Yes,Yes,1,1,No,No,1,No,Yes,2,No,No,No,Residential,medium,29510127400
7419,38.62096,-90.21679,Ample,No,0,0,Yes,2,Yes,Yes,1,1,No,No,1,No,Yes,2,No,No,Yes,Commercial,low,29510127400
741,38.61637,-90.29542,Ample,No,0,0,No,2,Yes,Yes,1,1,No,No,2,No,Yes,2,No,No,No,Commercial,high,29510103600
7420,38.6222,-90.21682,Ample,No,2,1,Yes,2,Yes,Yes,1,1,No,No,1,No,Yes,2,No,No,No,Commercial,high,29510127400
7421,38.6228,-90.2167,Ample,No,2,0,Yes,2,No,Yes,1,1,No,No,1,No,Yes,2,No,No,Yes,Commercial,low,29510127400
7422,38.62543,-90.2165,Ample,No,0,0,Yes,2,Yes,Yes,1,1,No,No,2,No,Yes,2,No,No,No,Commercial,INVALID,29510127400
7424,38.62756,-90.21683,Ample,No,0,0,Yes,2,Yes,Yes,1,1,No,No,1,No,Yes,2,No,No,No,Commercial,low,29510127400
7425,38.629,-90.21679,Ample,No,2,0,Yes,2,Yes,Yes,1,1,No,Yes,1,No,Yes,2,No,No,No,Commercial,high,29510127800
7426,38.63003,-90.21692,Ample,No,2,0,Yes,2,Yes,Yes,1,1,No,No,1,No,Yes,2,No,No,No,Commercial,high,29510127800
7427,38.63181,-90.21711,Ample,No,2,0,Yes,2,Yes,Yes,1,1,No,No,1,Yes,Yes,2,No,No,Yes,Commercial,high,29510127800
7428,38.63301,-90.21671,Ample,No,2,0,Yes,2,Yes,Yes,1,1,No,No,1,No,Yes,2,No,No,No,Commercial,high,29510127500
7429,38.63445,-90.21667,Ample,No,2,0,Yes,2,Yes,Yes,1,1,No,No,1,No,Yes,2,No,No,No,Commercial,INVALID,29510127500
7430,38.63571,-90.21673,Ample,No,2,0,Yes,2,Yes,Yes,1,1,No,No,1,No,Yes,2,No,No,No,Commercial,INVALID,29510127500
7431,38.63721,-90.21684,Some,No,2,0,Yes,2,No,Yes,0,0,No,No,1,No,Yes,2,No,No,No,Residential,medium,29510127500
7432,38.63843,-90.21682,Ample,No,2,0,Yes,2,Yes,Yes,1,1,No,No,2,No,Yes,2,No,No,No,Residential,low,29510127800
7433,38.63995,-90.21757,Ample,No,2,0,Yes,2,Yes,Yes,1,1,Yes,No,1,No,Yes,2,No,No,No,Residential,low,29510121200
7434,38.64124,-90.21673,Ample,No,2,0,Yes,2,No,Yes,1,1,No,No,1,No,Yes,2,No,No,No,Residential,INVALID,29510121200
7435,38.64253,-90.21674,No,No,2,0,No,1,No,Yes,0,0,No,No,1,No,Yes,2,No,No,No,Residential,INVALID,29510121200
7436,38.64381,-90.21677,Ample,No,0,0,Yes,2,Yes,Yes,1,1,No,No,1,No,Yes,2,No,No,No,Residential,high,29510121200
7437,38.64474,-90.21675,Ample,No,0,0,Yes,2,Yes,Yes,1,1,No,No,1,No,Yes,2,No,No,No,Residential,low,29510121200
7438,38.6466,-90.21675,Ample,No,2,0,Yes,2,No,Yes,1,1,No,No,1,No,Yes,2,No,No,No,Residential,high,29510127100
7439,38.64802,-90.21675,Ample,No,0,0,No,2,No,Yes,0,0,No,No,1,No,No,2,No,No,No,Residential,INVALID,29510127100
743,38.61982,-90.29674,Ample,No,0,0,Yes,2,Yes,Yes,1,1,No,No,1,No,Yes,2,No,No,No,Commercial,low,29510126800
7440,38.64942,-90.21671,Ample,No,0,0,Yes,2,Yes,Yes,1,1,No,No,2,Yes,Yes,2,No,Yes,No,Commercial,low,29510127100
7442,38.65219,-90.21721,Ample,No,2,0,Yes,2,No,Yes,1,1,No,No,2,Yes,Yes,2,No,No,No,Residential,medium,29510127100
7443,38.65332,-90.21681,Ample,No,2,0,Yes,2,Yes,Yes,1,1,Yes,No,1,No,Yes,2,No,No,No,Residential,high,29510127100
7444,38.6546,-90.21676,Ample,No,0,0,Yes,2,Yes,Yes,1,0,No,No,1,No,Yes,2,No,No,No,Residential,high,29510110400
7445,38.65589,-90.21685,No,Yes,0,0,Yes,2,No,Yes,0,0,No,No,2,No,Yes,2,No,No,No,Residential,high,29510110400
7446,38.65733,-90.21689,Ample,No,2,0,Yes,2,No,Yes,1,1,No,No,1,No,Yes,2,No,No,No,Residential,high,29510110400
7447,38.65864,-90.21672,Ample,No,2,0,Yes,2,Yes,Yes,1,0,No,No,1,No,Yes,2,No,No,Yes,Residential,high,29510110400
7448,38.6599,-90.21683,Ample,No,2,0,Yes,2,Yes,Yes,1,1,No,No,1,No,Yes,2,No,No,No,Residential,high,29510110400
7449,38.66131,-90.21663,Ample,No,2,1,Yes,2,Yes,Yes,1,1,Yes,No,1,Yes,Yes,2,No,No,No,Commercial,medium,29510110500
744,38.62066,-90.29606,Ample,No,0,0,No,2,Yes,Yes,1,1,No,No,1,No,Yes,2,No,No,No,Commercial,low,29510126800
7452,38.66559,-90.21667,Ample,No,0,0,Yes,2,Yes,Yes,1,1,No,No,1,Yes,Yes,2,No,No,No,Residential,high,29510110500
7453,38.66663,-90.21656,Ample,No,2,0,Yes,2,No,Yes,1,1,No,No,1,No,Yes,2,No,No,No,Residential,high,29510110500
7454,38.66796,-90.21688,Some,No,2,0,No,1,No,Yes,0,0,No,No,1,No,Yes,2,No,No,No,Residential,INVALID,29510110500
7455,38.66947,-90.21674,Ample,No,2,0,Yes,2,No,Yes,0,0,No,No,2,No,Yes,2,No,No,No,Residential,medium,29510110500
7456,38.67086,-90.21688,Some,No,2,0,Yes,2,No,Yes,0,0,No,No,1,No,Yes,2,No,No,No,Residential,INVALID,29510109700
7457,38.67202,-90.21653,Ample,Yes,2,0,Yes,2,Yes,Yes,1,1,No,No,1,No,Yes,2,No,No,No,Residential,low,29510109700
7458,38.67332,-90.2166,Some,No,0,0,Yes,2,Yes,Yes,1,1,No,No,1,No,Yes,2,No,No,No,Residential,high,29510109700
7459,38.67479,-90.21664,Ample,No,2,0,Yes,2,Yes,Yes,1,1,No,No,1,No,Yes,2,No,No,No,Residential,high,29510109600
745,38.62227,-90.2963,Ample,No,2,0,Yes,2,Yes,Yes,1,1,No,No,1,No,Yes,2,No,No,No,Residential,high,29510104200
7460,38.67611,-90.2167,Ample,No,2,0,Yes,2,No,Yes,1,0,No,No,1,No,Yes,2,No,No,No,Residential,high,29510109600
7461,38.67741,-90.21697,Ample,No,2,0,Yes,2,Yes,Yes,1,0,No,No,1,Yes,Yes,2,No,No,No,Residential,high,29510109600
7462,38.67857,-90.21695,Ample,No,2,0,Yes,2,Yes,Yes,1,0,No,No,2,Yes,Yes,2,No,No,No,Residential,medium,29510109600
7464,38.68149,-90.21717,Ample,No,0,0,Yes,2,Yes,Yes,1,1,No,No,1,Yes,Yes,2,No,No,No,Residential,medium,29510109600
7465,38.68294,-90.21667,Ample,No,0,0,No,2,Yes,Yes,1,0,No,No,1,No,Yes,2,No,No,No,Commercial,low,29510109600
7466,38.68424,-90.21668,Ample,No,2,0,Yes,2,Yes,Yes,1,1,No,No,1,No,Yes,2,No,No,No,Commercial,medium,29510109600
7467,38.68615,-90.21724,Ample,No,2,0,Yes,2,Yes,Yes,1,0,No,Yes,2,No,Yes,2,No,No,No,Commercial,INVALID,29510109600
7468,38.68661,-90.21638,Ample,No,2,0,Yes,2,Yes,Yes,1,1,Yes,No,2,No,Yes,2,No,No,No,Commercial,high,29510127000
746,38.6236,-90.29618,Ample,No,2,0,Yes,2,Yes,Yes,1,0,No,No,1,No,Yes,2,No,No,No,Residential,high,29510104200
7470,38.68992,-90.21634,Ample,No,0,0,No,2,No,Yes,1,1,No,No,1,No,Yes,2,No,No,No,Commercial,high,29510127000
7471,38.69075,-90.21712,Some,No,0,0,Yes,2,No,Yes,1,1,No,No,1,No,Yes,2,No,No,No,Commercial,INVALID,29510127000
7472,38.69132,-90.21765,Ample,No,2,0,Yes,2,No,Yes,1,1,No,No,2,No,Yes,2,No,No,No,Commercial,low,29510127000
7475,38.69657,-90.21648,Ample,No,0,0,No,2,Yes,Yes,1,0,No,No,1,No,Yes,2,No,No,No,Residential,low,29510127000
7476,38.69732,-90.21714,Ample,No,0,0,No,2,Yes,Yes,1,0,No,No,1,No,Yes,2,No,No,No,Residential,low,29510127000
7477,38.69834,-90.21804,Ample,No,0,0,No,2,Yes,Yes,1,0,No,No,1,No,Yes,2,No,No,No,Commercial,high,29510127000
7478,38.7007,-90.21701,Ample,No,0,0,No,2,No,Yes,1,1,Yes,No,1,No,Yes,2,No,No,No,Commercial,high,29510127000
747,38.6248,-90.29626,Ample,No,2,0,Yes,2,Yes,Yes,0,0,No,No,1,No,Yes,2,No,No,No,Residential,medium,29510104200
7482,38.70575,-90.21692,No,No,0,0,Yes,2,Yes,Yes,0,0,No,No,1,No,Yes,2,No,No,No,Residential,high,29510127000
748,38.62636,-90.29629,Ample,No,2,0,Yes,2,Yes,Yes,1,1,No,No,1,No,Yes,2,No,No,No,Residential,medium,29510104200
7492,38.71933,-90.21724,No,No,0,0,Yes,2,Yes,Yes,0,0,No,No,2,No,Yes,2,No,No,No,Residential,high,29510127000
7493,38.72065,-90.21711,No,No,0,0,Yes,2,Yes,Yes,0,0,No,No,2,No,Yes,2,No,No,No,Residential,high,29510127000
7494,38.72196,-90.2171,Ample,No,0,0,Yes,2,Yes,Yes,0,0,No,No,2,No,Yes,2,No,No,No,Residential,low,29510127000
7495,38.72336,-90.21713,No,No,0,0,Yes,2,Yes,Yes,0,0,No,No,2,No,Yes,2,No,No,No,Residential,high,29510127000
7496,38.72467,-90.21714,Ample,No,0,0,Yes,2,Yes,Yes,0,0,No,No,2,No,Yes,2,No,No,No,Residential,high,29510127000
7497,38.72605,-90.21703,No,No,0,0,Yes,2,Yes,Yes,0,0,No,No,2,Yes,Yes,2,No,No,No,Residential,low,29510127000
749,38.62752,-90.29632,Ample,No,2,0,Yes,2,Yes,Yes,1,1,No,No,1,No,Yes,2,No,No,No,Residential,medium,29510104200
74,38.58058,-90.3132,Ample,No,2,0,Yes,2,Yes,Yes,1,1,No,No,1,No,Yes,2,No,No,No,Residential,medium,29510102200
7501,38.73162,-90.21698,Ample,No,0,0,No,2,Yes,Yes,1,1,No,No,1,No,Yes,2,No,No,No,Residential,low,29510127000
7502,38.73223,-90.21627,Ample,No,0,0,Yes,2,Yes,Yes,1,0,No,No,1,No,Yes,2,No,No,No,Residential,high,29510127000
7507,38.58549,-90.21613,Ample,Yes,0,0,Yes,2,Yes,Yes,1,0,No,No,2,No,Yes,2,Yes,No,No,Residential,medium,29510124600
7508,38.58594,-90.21541,Some,No,0,0,Yes,2,Yes,Yes,1,1,No,No,1,No,Yes,2,Yes,No,No,Residential,high,29510124600
7509,38.58714,-90.2153,Ample,No,0,0,No,2,Yes,Yes,1,1,No,No,1,No,Yes,2,No,No,No,Commercial,high,29510124600
750,38.62878,-90.29624,Ample,No,2,0,Yes,2,Yes,Yes,1,1,No,No,1,No,Yes,2,No,No,No,Residential,high,29510104200
7510,38.58881,-90.21501,Ample,No,2,0,Yes,2,No,Yes,1,1,No,No,2,Yes,Yes,2,No,No,No,Commercial,INVALID,29510124600
7511,38.59,-90.21554,Ample,No,2,0,Yes,2,Yes,Yes,1,1,No,No,2,No,Yes,2,No,No,No,Commercial,low,29510124600
7512,38.59118,-90.21532,Ample,No,2,0,Yes,2,Yes,Yes,1,1,No,No,1,No,Yes,2,No,No,No,Residential,INVALID,29510124300
7513,38.5926,-90.21543,Ample,No,0,0,Yes,2,Yes,Yes,1,1,No,No,1,No,Yes,2,No,No,No,Residential,high,29510124600
7514,38.59394,-90.21554,Ample,No,0,0,No,2,Yes,Yes,1,1,No,No,1,No,Yes,2,No,No,Yes,Commercial,high,29510124300
7515,38.59532,-90.21569,Ample,No,0,0,Yes,2,Yes,Yes,1,1,No,No,1,No,Yes,2,No,No,No,Commercial,high,29510124600
7516,38.59668,-90.21542,Ample,No,2,0,Yes,2,Yes,Yes,1,1,No,No,1,No,Yes,2,No,No,No,Commercial,high,29510124600
7517,38.59805,-90.21553,Ample,No,0,0,Yes,2,Yes,Yes,0,0,No,No,1,No,Yes,2,No,No,No,Residential,low,29510124600
7518,38.59938,-90.21535,Ample,No,0,0,No,2,Yes,Yes,1,1,No,No,1,No,Yes,2,No,No,No,Residential,high,29510124300
7519,38.60072,-90.21526,Ample,No,0,0,No,2,Yes,Yes,1,0,No,No,1,No,Yes,2,No,No,No,Residential,high,29510124300
751,38.63036,-90.29627,Ample,No,2,0,Yes,2,Yes,Yes,1,1,No,No,1,No,Yes,2,No,No,No,Residential,medium,29510104200
7520,38.60207,-90.21534,Some,No,0,0,Yes,2,Yes,Yes,0,0,No,No,1,No,Yes,2,No,No,No,Residential,high,29510123300
7521,38.60357,-90.21533,Some,Yes,2,0,Yes,2,No,Yes,1,1,No,No,1,No,Yes,2,No,No,No,Commercial,low,29510123300
7522,38.60473,-90.21528,Ample,No,2,0,Yes,2,No,Yes,1,1,No,No,1,No,Yes,2,No,No,No,Residential,INVALID,29510123300
7523,38.60606,-90.21502,Ample,No,2,0,Yes,2,Yes,Yes,1,1,No,No,1,No,Yes,2,No,No,No,Commercial,high,29510123300
7524,38.60755,-90.21543,Ample,No,2,0,Yes,2,Yes,Yes,1,1,No,No,1,No,Yes,2,No,No,No,Residential,INVALID,29510123300
7525,38.60876,-90.21535,Ample,No,2,0,Yes,2,No,Yes,1,1,No,No,1,No,Yes,2,No,No,No,Residential,INVALID,29510123300
7526,38.60992,-90.21552,Ample,No,2,0,Yes,2,Yes,Yes,1,1,No,No,1,No,Yes,2,No,No,No,Residential,low,29510123200
7527,38.61148,-90.21543,Some,No,2,0,Yes,2,Yes,Yes,1,1,No,No,1,No,Yes,2,No,No,No,Residential,medium,29510123200
7528,38.61303,-90.21552,Ample,No,0,0,Yes,2,No,Yes,0,0,No,No,2,No,Yes,2,No,No,No,Residential,medium,29510123200
7529,38.61415,-90.21546,Ample,No,0,0,Yes,2,Yes,Yes,1,0,No,No,1,Yes,Yes,2,No,No,No,Residential,high,29510123200
752,38.63185,-90.29628,Ample,No,0,0,Yes,2,Yes,Yes,1,1,No,Yes,1,Yes,Yes,2,No,No,No,Residential,high,29510112100
7532,38.61823,-90.21546,Ample,No,2,0,Yes,2,Yes,Yes,1,1,No,No,2,Yes,Yes,2,No,No,No,Residential,high,29510127400
7533,38.61947,-90.21542,Ample,No,2,0,Yes,2,No,Yes,0,0,No,No,1,No,Yes,2,No,No,No,Residential,medium,29510127400
7535,38.62251,-90.21537,Ample,No,0,0,Yes,2,No,Yes,1,1,No,No,1,No,Yes,2,No,No,No,Commercial,high,29510127400
7536,38.6237,-90.21536,Ample,No,0,0,No,2,No,Yes,0,0,No,No,1,No,Yes,2,No,No,No,Commercial,INVALID,29510127400
7537,38.62517,-90.21537,Ample,No,0,0,Yes,2,Yes,Yes,1,1,No,No,2,Yes,Yes,2,No,No,No,Commercial,high,29510127400
7538,38.62666,-90.21547,Ample,No,0,0,No,2,Yes,Yes,1,0,No,No,1,Yes,Yes,2,No,No,No,Commercial,high,29510127400
7539,38.62734,-90.21552,No,No,2,0,Yes,2,Yes,Yes,1,1,No,No,2,No,Yes,2,No,No,No,Commercial,low,29510127400
753,38.63316,-90.29618,Ample,No,2,0,Yes,2,Yes,Yes,0,0,No,No,2,Yes,Yes,2,No,No,No,Residential,high,29510112100
7540,38.62916,-90.21558,Ample,No,2,0,Yes,2,Yes,Yes,1,1,No,No,1,No,Yes,2,No,No,No,Commercial,INVALID,29510127400
7541,38.63018,-90.21544,Ample,No,2,0,Yes,2,Yes,Yes,1,1,No,No,1,No,Yes,2,No,No,No,Commercial,medium,29510127400
7542,38.63163,-90.21517,Ample,No,2,0,Yes,2,Yes,Yes,1,1,No,No,1,No,Yes,2,No,No,No,Commercial,medium,29510127500
7543,38.63338,-90.21525,Ample,No,2,0,Yes,2,Yes,Yes,1,1,No,No,1,No,Yes,2,No,No,No,Commercial,low,29510127500
7544,38.63446,-90.21545,Ample,No,2,0,Yes,2,Yes,Yes,1,0,No,No,1,No,Yes,2,No,No,Yes,Commercial,INVALID,29510127500
7545,38.63591,-90.21536,Some,No,0,0,Yes,2,No,Yes,0,0,No,No,2,No,Yes,2,No,No,No,Commercial,low,29510127500
7546,38.63707,-90.21534,Ample,No,2,0,Yes,2,Yes,Yes,1,1,No,No,1,No,Yes,2,No,No,Yes,Residential,low,29510127500
7547,38.63839,-90.21537,Ample,No,0,0,Yes,2,Yes,Yes,1,0,No,No,1,No,Yes,2,No,No,No,Residential,high,29510127500
7548,38.63955,-90.21545,Ample,No,1,0,Yes,2,No,Yes,1,1,No,No,1,No,Yes,2,No,No,No,Residential,low,29510127500
7549,38.64126,-90.21537,Ample,No,2,0,Yes,2,Yes,Yes,1,1,No,No,1,Yes,Yes,2,No,No,No,Residential,high,29510127500
754,38.63433,-90.29629,Ample,No,2,0,Yes,2,Yes,Yes,1,1,Yes,No,1,Yes,Yes,2,No,Yes,No,Residential,high,29510112100
7550,38.64255,-90.21545,Some,No,2,0,No,2,No,Yes,0,0,No,No,1,No,Yes,2,No,No,No,Residential,INVALID,29510127500
7551,38.64383,-90.21538,Ample,No,2,0,Yes,2,Yes,Yes,1,1,No,No,1,No,Yes,2,No,No,No,Residential,high,29510127500
7552,38.64518,-90.2159,No,No,0,0,Yes,2,No,Yes,1,1,No,No,1,No,Yes,2,No,No,No,Residential,low,29510121200
7553,38.6466,-90.21536,Ample,No,2,0,Yes,2,Yes,Yes,1,1,No,No,1,No,Yes,2,No,No,No,Residential,low,29510127100
7554,38.64789,-90.21533,Ample,No,0,0,Yes,2,No,Yes,1,1,No,No,1,No,Yes,2,No,No,No,Residential,high,29510127100
7555,38.64924,-90.21536,Ample,No,0,0,Yes,2,Yes,Yes,1,1,No,No,1,No,Yes,2,No,No,No,Residential,low,29510127100
7556,38.6502,-90.21537,Ample,No,2,0,Yes,2,Yes,Yes,1,1,No,No,1,No,Yes,2,No,No,No,Commercial,high,29510127100
7557,38.65222,-90.21536,Ample,No,2,0,Yes,2,Yes,Yes,1,1,No,No,2,Yes,Yes,2,No,No,No,Commercial,medium,29510127100
7558,38.65327,-90.2154,Ample,No,2,0,Yes,2,Yes,Yes,1,1,No,No,1,Yes,Yes,2,No,No,No,Residential,high,29510127100
7559,38.65471,-90.2154,Some,Yes,0,0,Yes,2,No,Yes,0,0,No,No,1,No,No,2,No,No,No,Commercial,high,29510127100
7560,38.65595,-90.21544,Ample,No,2,0,Yes,2,No,Yes,0,0,No,No,1,No,Yes,2,No,No,No,Residential,high,29510127100
7561,38.65742,-90.2153,Ample,No,0,0,No,2,No,Yes,0,0,No,No,1,No,No,2,No,No,No,Residential,medium,29510110400
7562,38.65882,-90.21584,Ample,No,2,0,Yes,2,No,Yes,1,1,No,No,1,No,Yes,2,No,No,No,Residential,high,29510110400
7563,38.65991,-90.21548,Ample,No,0,0,Yes,2,No,Yes,1,1,No,No,1,No,Yes,2,No,No,No,Residential,high,29510110400
7564,38.66152,-90.21532,Ample,No,2,0,Yes,2,Yes,Yes,1,1,No,No,1,No,Yes,2,No,No,No,Residential,high,29510110500
7565,38.66257,-90.2155,Ample,Yes,0,0,Yes,2,No,Yes,1,1,No,No,1,Yes,Yes,2,No,No,No,Residential,low,29510110500
7566,38.66399,-90.21475,Ample,Yes,2,0,Yes,2,Yes,Yes,1,1,No,No,1,Yes,Yes,2,No,Yes,No,Residential,high,29510110500
7567,38.66533,-90.21543,Ample,No,2,0,Yes,2,No,Yes,1,1,No,No,1,Yes,Yes,2,No,No,No,Residential,high,29510110500
7568,38.66668,-90.21532,Ample,No,2,0,Yes,2,No,Yes,0,0,No,No,1,No,Yes,2,No,No,No,Residential,high,29510110500
7569,38.66818,-90.21558,Ample,No,2,0,Yes,2,Yes,Yes,1,1,No,No,2,No,Yes,2,No,No,No,Residential,high,29510110500
756,38.63699,-90.29659,Ample,No,0,0,Yes,2,No,Yes,0,0,No,No,2,Yes,Yes,2,No,Yes,No,Residential,medium,29510112100
7570,38.66946,-90.2154,Some,No,2,0,Yes,2,Yes,Yes,1,1,No,No,1,No,Yes,2,No,No,No,Residential,medium,29510110500
7571,38.67088,-90.21553,Some,No,1,0,Yes,2,No,Yes,1,0,No,No,1,No,Yes,2,No,No,No,Residential,high,29510109700
7572,38.6721,-90.21541,Ample,No,2,0,Yes,2,Yes,Yes,1,1,No,No,2,Yes,Yes,2,No,No,No,Residential,high,29510109700
7573,38.67353,-90.21546,Some,Yes,0,0,Yes,2,No,Yes,1,1,No,No,1,No,Yes,2,No,No,No,Residential,high,29510109700
7574,38.67497,-90.21556,Ample,No,0,0,Yes,2,No,Yes,1,0,No,No,2,No,Yes,2,No,No,No,Residential,high,29510109700
7575,38.67617,-90.21539,Ample,No,2,0,Yes,2,Yes,Yes,1,1,No,No,1,No,Yes,2,No,No,No,Residential,high,29510109600
7576,38.67741,-90.21531,Ample,No,2,0,Yes,2,Yes,Yes,1,0,No,No,1,Yes,Yes,2,No,No,No,Residential,high,29510109600
7577,38.67898,-90.21559,Ample,No,2,0,Yes,2,Yes,Yes,1,0,No,No,1,Yes,Yes,2,No,No,Yes,Residential,high,29510109600
7578,38.68017,-90.21538,Ample,No,0,0,Yes,2,Yes,Yes,1,0,No,No,1,Yes,Yes,2,No,No,Yes,Residential,high,29510109600
7579,38.68164,-90.21532,Ample,No,0,0,Yes,2,Yes,Yes,1,1,No,No,1,Yes,Yes,2,No,No,Yes,Residential,high,29510109600
757,38.63864,-90.29601,Ample,No,0,0,Yes,2,No,Yes,1,0,No,No,2,Yes,Yes,2,No,No,No,Residential,medium,29510112100
7580,38.68291,-90.21548,Ample,Yes,0,0,Yes,2,Yes,Yes,1,0,No,Yes,1,No,Yes,2,No,No,No,Residential,high,29510109600
7581,38.68436,-90.21514,Some,No,0,0,No,2,No,Yes,1,1,No,No,1,No,Yes,2,No,No,No,Commercial,low,29510109600
7583,38.68708,-90.21551,Ample,No,0,0,Yes,2,Yes,Yes,1,1,Yes,No,1,No,Yes,2,No,No,No,Commercial,low,29510127000
7584,38.68852,-90.21503,Ample,No,2,0,Yes,2,Yes,Yes,1,1,No,No,1,No,Yes,2,No,No,No,Commercial,INVALID,29510127000
7585,38.68941,-90.21587,Some,No,0,0,No,2,Yes,Yes,1,1,No,No,1,No,Yes,2,No,No,No,Commercial,INVALID,29510127000
7589,38.69514,-90.21522,Ample,No,0,0,Yes,2,Yes,Yes,1,0,No,No,1,No,Yes,2,No,No,No,Residential,low,29510127000
7591,38.69689,-90.21676,Ample,No,0,0,No,2,Yes,Yes,1,1,No,No,1,No,Yes,2,No,No,No,Residential,low,29510127000
7595,38.70315,-90.21528,Some,No,0,0,Yes,2,Yes,Yes,1,0,No,No,2,No,Yes,2,No,No,No,Residential,low,29510127000
759,38.64112,-90.29616,Ample,No,0,0,Yes,2,Yes,Yes,1,1,No,No,1,Yes,Yes,2,No,No,No,Residential,medium,29510112100
75,38.58203,-90.31209,Ample,No,0,0,No,2,Yes,Yes,1,1,No,No,1,Yes,Yes,2,No,No,No,Residential,high,29510102200
760,38.6425,-90.29623,Ample,No,0,0,Yes,2,Yes,Yes,1,1,Yes,No,2,Yes,Yes,2,No,No,No,Residential,low,29510112100
7616,38.73214,-90.21618,Ample,No,0,0,Yes,2,Yes,Yes,1,0,No,No,2,No,Yes,2,No,No,No,Residential,high,29510127000
7617,38.73278,-90.21541,Ample,No,0,0,Yes,2,Yes,Yes,1,0,No,No,1,No,Yes,2,No,No,No,Residential,INVALID,29510127000
7618,38.73334,-90.21432,Ample,No,0,0,Yes,2,Yes,Yes,1,0,No,No,1,No,Yes,2,No,No,No,Residential,high,29510127000
7623,38.58732,-90.21429,Ample,No,0,0,No,2,Yes,Yes,1,0,No,No,1,No,Yes,2,No,No,No,Commercial,INVALID,29510124600
7624,38.58861,-90.21415,Ample,No,0,0,No,2,Yes,Yes,1,1,No,No,1,No,Yes,2,No,No,No,Commercial,high,29510124600
7625,38.58997,-90.21415,Ample,No,0,0,No,2,Yes,Yes,0,1,No,No,2,No,Yes,2,No,No,No,Commercial,high,29510124600
7626,38.5913,-90.21408,Ample,Yes,0,0,No,2,Yes,Yes,1,1,No,No,1,No,Yes,2,No,No,No,Commercial,high,29510124600
7627,38.59264,-90.21404,Ample,No,0,0,Yes,2,No,Yes,1,1,No,No,1,No,Yes,2,No,No,No,Residential,high,29510124600
7628,38.5939,-90.2142,Ample,No,2,0,Yes,2,No,Yes,1,1,No,No,1,No,Yes,2,No,No,No,Residential,high,29510124600
7629,38.59528,-90.21404,Ample,No,2,0,Yes,2,Yes,Yes,1,1,No,No,1,No,Yes,2,No,No,No,Residential,medium,29510124600
762,38.64483,-90.29656,Ample,No,2,0,No,2,Yes,Yes,1,1,No,No,1,Yes,Yes,2,No,No,No,Residential,low,29510112100
7631,38.59803,-90.21408,Ample,No,2,1,Yes,2,Yes,Yes,1,1,No,No,1,No,Yes,2,No,Yes,No,Commercial,high,29510124600
7632,38.59943,-90.21405,Ample,No,2,0,Yes,2,Yes,Yes,1,1,No,No,1,Yes,Yes,2,No,No,No,Commercial,high,29510124600
7633,38.60067,-90.21395,Ample,No,2,0,Yes,2,Yes,Yes,1,1,No,No,1,No,Yes,2,No,No,No,Residential,low,29510123300
7634,38.60202,-90.21393,Ample,No,2,0,Yes,2,Yes,Yes,1,1,No,No,1,Yes,Yes,2,No,No,No,Residential,medium,29510123300
7635,38.60336,-90.21401,Ample,No,2,0,Yes,2,Yes,Yes,0,0,No,No,1,No,Yes,2,No,No,No,Residential,high,29510123300
7636,38.60472,-90.21401,Ample,No,0,0,Yes,2,Yes,Yes,1,0,No,No,1,No,Yes,2,No,No,No,Residential,low,29510123300
7637,38.60607,-90.21423,Ample,No,0,0,Yes,2,Yes,Yes,0,0,No,No,2,No,Yes,2,No,No,No,Commercial,medium,29510123300
7638,38.60733,-90.21421,Ample,No,2,0,No,2,Yes,Yes,1,1,No,No,1,No,Yes,2,No,No,No,Residential,INVALID,29510123300
7639,38.60893,-90.21397,Ample,No,2,0,Yes,2,Yes,Yes,1,1,No,No,1,No,Yes,2,No,No,No,Residential,high,29510123200
763,38.64694,-90.29625,Ample,No,0,0,No,2,No,Yes,0,0,No,No,2,Yes,Yes,2,No,No,No,Residential,medium,29510112100
7640,38.61004,-90.21406,Ample,No,2,0,Yes,2,Yes,Yes,1,1,No,No,1,No,Yes,2,No,No,No,Residential,medium,29510123200
7641,38.61164,-90.21391,Ample,No,0,0,No,2,Yes,Yes,1,1,No,No,1,No,Yes,2,No,No,No,Residential,high,29510123200
7642,38.61287,-90.21435,Ample,No,0,0,Yes,2,No,Yes,1,1,No,No,1,No,Yes,2,No,No,Yes,Residential,high,29510123200
7643,38.61422,-90.21417,Ample,No,2,0,Yes,2,Yes,Yes,1,0,Yes,No,1,No,Yes,2,No,No,No,Residential,high,29510123200
7644,38.61555,-90.2139,Ample,No,2,0,Yes,2,Yes,Yes,1,1,No,No,1,Yes,Yes,2,No,No,No,Residential,high,29510123200
7645,38.61686,-90.21361,Ample,No,0,0,Yes,2,Yes,Yes,1,0,No,No,1,Yes,Yes,2,No,No,No,Residential,medium,29510123200
7646,38.6181,-90.2141,No,No,2,0,Yes,2,Yes,Yes,1,1,No,No,1,No,Yes,2,No,No,No,Residential,high,29510127400
7647,38.61951,-90.21414,Ample,No,2,0,Yes,2,Yes,Yes,1,1,No,No,1,No,Yes,2,No,No,No,Residential,high,29510127400
7648,38.62125,-90.2139,Ample,No,2,0,Yes,2,Yes,Yes,1,0,No,No,1,No,Yes,2,No,No,No,Commercial,high,29510127400
7649,38.62223,-90.21405,Ample,Yes,0,0,Yes,2,Yes,Yes,1,0,No,No,1,No,Yes,2,No,No,No,Commercial,INVALID,29510127400
764,38.64715,-90.29636,Ample,No,0,0,Yes,2,Yes,Yes,1,1,No,No,1,Yes,Yes,2,No,No,No,Residential,high,29510105198
7650,38.62341,-90.21416,Ample,No,0,0,Yes,2,No,Yes,1,1,No,No,1,No,Yes,2,No,No,No,Commercial,low,29510127400
7651,38.62498,-90.21415,Ample,No,2,0,Yes,2,Yes,Yes,1,1,No,No,1,No,Yes,2,No,No,No,Commercial,high,29510127400
7652,38.62658,-90.21392,Ample,No,2,0,No,2,Yes,Yes,1,1,No,No,2,No,Yes,2,No,No,No,Commercial,low,29510127400
7653,38.62775,-90.21406,Ample,No,0,0,Yes,2,Yes,Yes,1,0,No,No,1,No,Yes,2,No,No,No,Residential,low,29510127400
7654,38.62818,-90.21439,Ample,No,2,0,Yes,2,Yes,Yes,1,1,No,No,1,No,Yes,2,No,No,No,Commercial,INVALID,29510127400
7655,38.63057,-90.21397,Ample,No,2,0,No,2,Yes,Yes,1,1,No,No,1,No,Yes,2,No,No,Yes,Commercial,INVALID,29510127400
7656,38.63154,-90.21414,Ample,No,2,0,Yes,2,Yes,Yes,1,1,No,No,1,No,Yes,2,No,No,No,Commercial,INVALID,29510127500
7657,38.63313,-90.21406,Ample,No,2,1,Yes,2,Yes,Yes,1,1,Yes,Yes,1,Yes,Yes,2,No,No,No,Commercial,medium,29510127500
7658,38.63444,-90.21423,Ample,No,2,0,Yes,2,Yes,Yes,1,1,No,No,2,No,Yes,2,No,No,No,Commercial,high,29510127500
7659,38.63609,-90.21393,Ample,No,2,0,Yes,2,Yes,Yes,1,1,No,No,2,No,Yes,2,No,No,Yes,Commercial,INVALID,29510127500
765,38.6491,-90.29631,Ample,No,0,0,Yes,2,No,Yes,1,1,No,No,2,No,Yes,2,No,No,No,Residential,high,29510105198
7660,38.63706,-90.21406,Ample,No,0,0,Yes,2,Yes,Yes,1,1,No,No,1,Yes,Yes,2,No,No,No,Commercial,medium,29510127500
7661,38.63813,-90.21412,Ample,Yes,2,0,Yes,2,Yes,Yes,1,1,No,No,1,No,Yes,2,No,No,No,Commercial,INVALID,29510127500
7662,38.63976,-90.2141,Ample,No,2,0,Yes,2,No,Yes,1,1,No,No,1,No,Yes,2,No,No,No,Commercial,high,29510127500
7663,38.64111,-90.21411,Ample,No,2,0,No,2,No,Yes,1,0,No,No,1,No,Yes,2,No,No,No,Residential,high,29510127500
7664,38.64247,-90.21413,Ample,No,0,0,Yes,2,No,Yes,1,1,No,No,1,No,Yes,2,No,No,No,Residential,low,29510127500
7665,38.64384,-90.21407,Ample,No,0,0,Yes,2,Yes,Yes,1,1,No,No,1,No,Yes,2,No,No,No,Residential,low,29510127500
7666,38.64515,-90.21417,Ample,Yes,0,0,Yes,2,No,Yes,1,1,No,No,1,No,Yes,2,No,No,No,Residential,high,29510127500
7667,38.64661,-90.21406,Ample,No,0,0,Yes,2,Yes,Yes,1,1,No,No,1,No,Yes,2,No,No,No,Residential,high,29510127100
7668,38.64784,-90.21416,Some,No,0,0,Yes,2,No,Yes,1,1,No,Yes,1,No,Yes,2,No,No,No,Residential,high,29510127100
7669,38.64925,-90.2142,Ample,No,0,0,Yes,2,Yes,Yes,1,1,No,No,1,No,Yes,2,No,No,No,Residential,low,29510127100
766,38.65049,-90.29626,Ample,No,2,0,Yes,2,Yes,Yes,1,0,No,No,1,No,Yes,2,No,No,No,Residential,high,29510105198
7670,38.65033,-90.2141,Ample,No,2,0,Yes,2,Yes,Yes,1,1,No,No,1,Yes,Yes,2,No,No,Yes,Commercial,high,29510127100
7671,38.65223,-90.21405,Ample,No,0,0,Yes,2,No,Yes,1,0,No,No,1,Yes,Yes,2,No,No,No,Residential,high,29510127100
7672,38.65335,-90.21409,Ample,No,0,0,Yes,2,Yes,Yes,1,1,No,No,1,No,Yes,2,No,No,No,Residential,low,29510127100
7673,38.65463,-90.21427,Ample,No,0,0,Yes,2,Yes,Yes,1,1,No,No,1,No,Yes,2,No,No,No,Commercial,low,29510127100
7674,38.65597,-90.21429,Some,No,0,0,Yes,2,No,Yes,1,1,No,No,1,No,Yes,2,No,No,No,Residential,high,29510127100
7675,38.65743,-90.21397,Ample,No,0,0,Yes,2,No,Yes,1,1,No,No,1,No,Yes,2,No,No,No,Residential,low,29510120200
7676,38.6587,-90.2141,Some,No,2,0,Yes,2,Yes,Yes,1,1,No,No,1,No,Yes,2,No,No,No,Residential,low,29510110400
7677,38.65999,-90.21412,Ample,No,0,0,Yes,2,Yes,Yes,1,1,No,No,1,No,Yes,2,No,No,No,Residential,high,29510110400
7678,38.66142,-90.21396,Some,No,2,0,No,2,No,Yes,0,0,No,No,1,No,Yes,2,No,No,No,Residential,high,29510110500
7679,38.66287,-90.21395,Ample,No,2,0,Yes,2,Yes,Yes,1,1,No,No,1,No,Yes,2,No,No,No,Residential,high,29510110500
767,38.6519,-90.29622,Some,No,2,0,Yes,2,No,Yes,0,0,No,No,1,No,Yes,2,No,No,No,Residential,high,29510105198
7680,38.66431,-90.21383,Ample,No,2,0,Yes,2,Yes,Yes,1,1,No,No,1,No,Yes,2,No,No,Yes,Residential,low,29510110500
7681,38.66532,-90.2138,Ample,No,2,0,Yes,2,Yes,Yes,1,1,No,No,1,No,Yes,2,No,Yes,No,Commercial,high,29510110500
7682,38.66675,-90.21408,Ample,No,0,0,No,2,No,Yes,0,0,No,No,1,No,Yes,2,No,No,No,Residential,INVALID,29510110500
7683,38.66805,-90.21393,Some,No,0,0,Yes,2,No,Yes,0,0,No,No,1,No,No,2,No,No,No,Residential,medium,29510110500
7684,38.66931,-90.2142,Ample,No,2,0,Yes,2,Yes,Yes,1,1,No,No,1,No,Yes,2,No,No,No,Residential,low,29510110500
7685,38.6709,-90.21425,Some,No,0,0,Yes,2,No,Yes,1,1,No,No,1,No,Yes,2,No,No,No,Residential,high,29510109700
7686,38.67218,-90.21408,Some,No,2,0,Yes,2,No,Yes,1,1,No,No,1,No,Yes,2,No,No,No,Residential,medium,29510109700
7687,38.67343,-90.21413,Ample,No,0,0,Yes,2,Yes,Yes,1,1,No,No,1,No,Yes,2,No,No,No,Residential,high,29510109700
7688,38.67481,-90.21409,Ample,No,2,0,Yes,2,Yes,Yes,1,1,No,No,1,No,Yes,2,No,No,No,Residential,high,29510109700
7689,38.67624,-90.21412,Some,No,0,0,Yes,2,No,Yes,1,1,No,No,2,No,Yes,2,No,No,No,Residential,high,29510109700
768,38.65328,-90.29625,Ample,No,2,0,Yes,2,Yes,Yes,1,1,No,No,2,No,Yes,2,No,No,No,Residential,medium,29510105198
7690,38.67754,-90.21401,Ample,No,2,0,Yes,2,Yes,Yes,1,1,No,No,1,No,Yes,2,No,No,No,Residential,high,29510109600
7692,38.68026,-90.21462,Ample,No,0,0,Yes,2,Yes,Yes,1,0,No,No,1,Yes,Yes,2,No,No,No,Residential,high,29510109600
7693,38.68157,-90.21411,Ample,No,0,0,No,2,Yes,Yes,1,0,No,No,1,No,Yes,2,No,No,No,Commercial,high,29510109600
7694,38.68291,-90.21409,Some,No,0,0,Yes,2,No,Yes,1,1,No,No,1,No,Yes,2,No,No,No,Commercial,high,29510109600
7695,38.68419,-90.21406,Ample,No,2,0,No,2,No,Yes,1,1,No,No,1,No,Yes,2,No,No,No,Commercial,low,29510109600
7696,38.68547,-90.21393,No,No,0,0,No,2,No,Yes,1,1,No,No,1,No,No,2,No,No,No,Residential,INVALID,29510109600
7697,38.68685,-90.21431,Ample,No,0,0,Yes,2,Yes,Yes,1,1,No,No,2,No,Yes,2,No,No,No,Commercial,low,29510109600
7698,38.68799,-90.21381,Ample,No,2,0,Yes,2,Yes,Yes,1,1,No,No,2,No,Yes,2,No,No,No,Commercial,INVALID,29510127000
7699,38.68973,-90.21399,Ample,No,0,0,Yes,2,No,Yes,0,0,No,No,2,No,Yes,2,No,No,No,Commercial,low,29510127000
769,38.65464,-90.29627,Some,No,2,0,Yes,2,Yes,Yes,0,0,No,No,1,No,Yes,2,No,No,No,Residential,low,29510105198
76,38.58322,-90.31257,Ample,No,0,0,Yes,2,Yes,Yes,1,0,No,No,1,Yes,Yes,2,No,No,No,Residential,high,29510102200
7700,38.69078,-90.21402,Ample,No,0,0,No,2,No,Yes,1,0,No,No,1,No,Yes,2,No,No,No,Commercial,INVALID,29510127000
7702,38.69372,-90.21397,Ample,No,0,0,Yes,2,Yes,Yes,1,0,No,No,1,No,Yes,2,No,No,No,Commercial,high,29510127000
7704,38.69533,-90.21539,Ample,No,0,0,No,2,Yes,Yes,1,0,No,No,1,No,Yes,2,No,No,No,Residential,low,29510127000
7707,38.70064,-90.21364,No,No,0,0,Yes,2,Yes,Yes,1,0,No,No,1,No,Yes,2,No,No,No,Commercial,high,29510127000
7708,38.70168,-90.21435,No,No,0,0,Yes,2,No,Yes,1,0,No,No,1,No,Yes,2,No,No,No,Commercial,high,29510127000
770,38.65592,-90.29624,Ample,No,2,0,Yes,2,No,Yes,1,1,No,No,1,No,Yes,2,No,No,No,Commercial,INVALID,29510105198
772,38.65879,-90.29592,Ample,Yes,2,0,Yes,2,Yes,Yes,1,1,No,No,1,No,Yes,2,No,No,No,Commercial,high,29510105300
7730,38.73266,-90.21537,Ample,No,0,0,No,2,Yes,Yes,1,0,No,No,1,No,Yes,2,No,No,No,Residential,low,29510127000
7732,38.73383,-90.21377,Ample,No,0,0,No,2,Yes,Yes,1,0,No,No,2,No,Yes,2,No,No,No,Residential,high,29510127000
7733,38.73556,-90.21382,Ample,No,0,0,Yes,2,No,Yes,1,1,No,No,1,No,Yes,2,No,No,No,Residential,INVALID,29510127000
7738,38.58845,-90.21288,Ample,No,0,0,No,2,No,Yes,1,1,No,No,1,No,Yes,2,No,No,No,Commercial,INVALID,29510124600
7739,38.58994,-90.21272,Ample,No,2,0,Yes,2,No,Yes,1,1,Yes,No,1,No,Yes,2,No,No,Yes,Commercial,INVALID,29510124600
773,38.66002,-90.29616,Ample,No,0,0,Yes,2,No,Yes,1,1,No,No,1,No,Yes,2,No,No,No,Commercial,high,29510105300
7740,38.59146,-90.21286,Ample,No,2,0,Yes,2,Yes,Yes,1,1,No,No,2,No,Yes,2,No,No,No,Commercial,INVALID,29510124600
7741,38.59261,-90.21276,Ample,No,0,0,Yes,2,Yes,Yes,1,1,No,No,1,No,Yes,2,No,No,Yes,Commercial,high,29510124600
7742,38.59411,-90.2129,Ample,No,2,0,Yes,2,Yes,Yes,1,1,No,No,1,No,Yes,2,No,No,No,Commercial,high,29510124600
7743,38.59566,-90.21257,Ample,No,2,0,Yes,2,Yes,Yes,1,1,No,No,1,No,Yes,2,No,No,No,Commercial,medium,29510124600
7745,38.59815,-90.21287,No,No,2,0,No,2,No,Yes,0,0,No,No,1,No,Yes,2,No,No,Yes,Commercial,INVALID,29510124600
7746,38.59975,-90.21253,Ample,No,2,0,No,2,Yes,Yes,1,1,No,No,1,No,Yes,2,No,No,No,Residential,high,29510124600
7747,38.60067,-90.21252,Ample,No,2,0,Yes,2,Yes,Yes,1,1,No,No,2,No,Yes,2,No,No,No,Residential,high,29510127600
7748,38.60223,-90.21264,Ample,No,2,0,Yes,2,Yes,Yes,1,1,No,No,1,No,Yes,2,No,No,No,Residential,high,29510123300
7749,38.60343,-90.21276,Ample,No,2,0,Yes,2,Yes,Yes,1,1,No,No,1,No,Yes,2,No,No,No,Residential,high,29510123300
774,38.66136,-90.29621,Ample,No,2,0,Yes,2,Yes,Yes,1,1,No,No,1,No,Yes,2,No,No,No,Commercial,high,29510105300
7750,38.60467,-90.21245,Ample,No,2,0,Yes,2,Yes,Yes,1,0,No,No,1,No,Yes,2,No,No,No,Residential,medium,29510123300
7751,38.60602,-90.21248,Ample,No,2,0,Yes,2,No,Yes,0,0,No,No,1,No,Yes,2,No,No,No,Residential,high,29510123300
7752,38.60741,-90.21266,Ample,No,2,0,No,2,Yes,Yes,1,1,No,No,1,No,Yes,2,No,No,No,Commercial,INVALID,29510123300
7753,38.60879,-90.21265,Ample,No,2,0,Yes,2,Yes,Yes,1,1,No,No,2,No,Yes,2,No,No,No,Commercial,low,29510123200
7754,38.61017,-90.21276,Ample,No,0,0,Yes,2,Yes,Yes,1,1,No,No,1,No,Yes,2,No,No,Yes,Residential,medium,29510123200
7755,38.61145,-90.21277,Ample,No,0,0,No,2,No,Yes,1,0,Yes,No,1,No,Yes,2,No,No,No,Residential,low,29510123200
7756,38.61248,-90.21269,Ample,No,0,0,No,2,Yes,Yes,0,0,No,No,1,No,Yes,2,No,No,No,Residential,high,29510123200
7757,38.61382,-90.21276,Ample,No,2,0,Yes,2,Yes,Yes,1,0,No,No,1,No,Yes,2,No,No,No,Residential,high,29510123200
7758,38.61551,-90.21263,Ample,No,2,0,Yes,2,Yes,Yes,1,1,No,No,1,No,Yes,2,No,No,No,Commercial,medium,29510123200
7759,38.61691,-90.21289,Ample,No,2,0,Yes,2,Yes,Yes,1,1,No,No,1,No,Yes,2,No,No,No,Residential,high,29510123200
775,38.56153,-90.29507,Ample,No,2,0,Yes,2,Yes,Yes,1,0,No,No,1,No,Yes,2,No,No,No,Residential,medium,29510102300
7760,38.61822,-90.2127,Some,No,2,0,Yes,2,Yes,Yes,1,1,No,No,1,No,Yes,2,No,No,No,Residential,high,29510127400
7761,38.61958,-90.21266,Ample,No,2,0,Yes,2,Yes,Yes,1,1,No,No,1,No,Yes,2,No,No,Yes,Residential,high,29510127400
7762,38.621,-90.21273,Ample,No,2,0,Yes,2,Yes,Yes,1,1,Yes,No,1,Yes,Yes,2,No,No,No,Residential,medium,29510127400
7763,38.62201,-90.21284,Ample,No,2,0,Yes,2,Yes,Yes,1,1,No,No,1,Yes,Yes,2,No,No,No,Commercial,high,29510127400
7764,38.6236,-90.21268,Ample,No,2,0,Yes,2,Yes,Yes,1,1,No,No,1,No,Yes,2,No,No,No,Commercial,medium,29510127400
7766,38.62633,-90.21269,Ample,No,0,0,Yes,2,Yes,Yes,1,0,No,No,1,No,Yes,2,No,No,No,Commercial,high,29510127400
7767,38.62787,-90.2131,Ample,No,0,0,Yes,2,Yes,Yes,1,1,No,No,1,No,Yes,2,No,No,No,Commercial,low,29510127400
7768,38.62903,-90.21273,Ample,No,2,0,Yes,2,Yes,Yes,1,1,No,No,1,No,Yes,2,No,No,Yes,Commercial,low,29510127400
7769,38.63055,-90.21262,Ample,No,2,0,No,2,Yes,Yes,1,1,No,No,1,No,Yes,2,No,No,Yes,Commercial,high,29510127500
776,38.56266,-90.29532,Ample,No,0,0,Yes,2,Yes,Yes,1,0,No,No,1,Yes,Yes,2,No,No,No,Residential,high,29510102300
7770,38.63173,-90.21286,Ample,No,2,0,Yes,2,No,Yes,1,1,No,No,1,No,Yes,2,No,No,No,Commercial,low,29510127500
7771,38.63288,-90.21283,Ample,No,2,0,Yes,2,Yes,Yes,1,0,No,No,1,No,Yes,2,No,No,No,Commercial,high,29510127500
7772,38.63451,-90.21271,Ample,No,2,0,Yes,2,Yes,Yes,1,1,No,No,1,No,Yes,2,No,No,No,Commercial,low,29510127500
7773,38.63577,-90.21289,Ample,No,2,0,Yes,2,Yes,Yes,1,1,No,No,1,No,Yes,2,No,No,No,Commercial,INVALID,29510127500
7774,38.63713,-90.21281,Ample,No,2,1,Yes,2,Yes,Yes,1,1,No,No,1,No,Yes,2,No,No,No,Commercial,medium,29510127500
7775,38.6384,-90.21283,Ample,No,0,0,Yes,2,Yes,Yes,1,1,No,No,1,Yes,Yes,2,No,No,No,Commercial,INVALID,29510127500
7776,38.63974,-90.21284,Ample,No,2,0,Yes,2,Yes,Yes,1,1,No,No,1,No,Yes,2,No,No,No,Commercial,INVALID,29510127500
7777,38.64112,-90.2128,Ample,No,2,0,Yes,2,Yes,Yes,1,1,No,No,1,Yes,Yes,2,No,No,No,Commercial,high,29510127500
7778,38.64247,-90.21273,Ample,No,0,0,Yes,2,Yes,Yes,1,1,Yes,No,1,No,Yes,2,No,No,Yes,Commercial,high,29510127500
7779,38.64385,-90.21276,Ample,No,2,0,Yes,2,Yes,Yes,1,1,Yes,Yes,1,No,Yes,2,No,No,Yes,Commercial,high,29510127500
777,38.56454,-90.29462,Ample,No,2,0,Yes,2,Yes,Yes,1,1,No,No,1,Yes,Yes,2,No,No,No,Commercial,medium,29510102100
7780,38.64519,-90.21284,Ample,No,2,0,Yes,2,No,Yes,1,1,Yes,No,1,No,Yes,2,No,No,No,Commercial,high,29510127100
7781,38.64652,-90.21292,Ample,No,2,0,Yes,2,Yes,Yes,1,1,Yes,No,1,No,Yes,2,No,No,Yes,Commercial,high,29510127100
7782,38.64791,-90.21293,Ample,No,0,0,Yes,2,Yes,Yes,1,1,No,No,1,No,Yes,2,No,No,No,Commercial,high,29510127100
7783,38.64915,-90.21264,Ample,No,0,0,No,2,No,Yes,1,1,No,No,1,No,Yes,2,No,No,No,Residential,low,29510127100
7784,38.6506,-90.21289,Ample,No,0,0,Yes,2,No,Yes,1,1,No,No,1,No,Yes,2,No,No,No,Residential,high,29510127100
7785,38.65189,-90.21291,Ample,No,0,0,Yes,2,No,Yes,1,1,No,No,1,Yes,Yes,2,No,No,No,Residential,high,29510127100
7786,38.65329,-90.21266,Ample,No,0,0,Yes,2,Yes,Yes,1,1,No,No,1,No,Yes,2,No,No,No,Residential,high,29510127100
7787,38.65458,-90.21294,Some,No,0,0,Yes,2,No,Yes,1,1,No,No,1,No,Yes,2,No,No,No,Residential,low,29510127100
7788,38.65605,-90.21274,Ample,No,0,0,Yes,2,Yes,Yes,1,1,No,No,1,No,Yes,2,No,No,No,Residential,low,29510127100
7789,38.65729,-90.2129,Ample,No,0,0,Yes,2,No,Yes,1,1,No,No,1,No,Yes,2,No,No,No,Residential,low,29510120200
778,38.56566,-90.29487,Ample,No,2,0,Yes,2,Yes,Yes,1,0,No,No,1,Yes,Yes,2,No,No,No,Residential,medium,29510102100
7790,38.65826,-90.21281,Ample,No,0,0,Yes,2,Yes,Yes,1,1,No,No,1,No,Yes,2,No,No,No,Residential,low,29510120200
7791,38.66009,-90.21285,Ample,No,0,0,Yes,2,No,Yes,1,1,No,No,1,No,Yes,2,No,No,No,Residential,high,29510110500
7792,38.66138,-90.21273,Ample,No,2,0,Yes,2,No,Yes,1,1,No,No,1,No,Yes,2,No,No,No,Residential,high,29510110500
7793,38.66278,-90.2126,Ample,Yes,2,0,Yes,2,No,Yes,0,0,No,No,1,No,Yes,2,No,No,No,Residential,high,29510110500
7794,38.66375,-90.21295,Some,No,2,0,Yes,2,Yes,Yes,1,1,No,No,1,No,Yes,2,No,No,No,Residential,INVALID,29510110500
7795,38.66525,-90.21251,Ample,No,0,0,Yes,2,No,Yes,1,1,No,No,1,No,Yes,2,No,No,No,Residential,high,29510110500
7796,38.66673,-90.21277,Ample,No,2,1,Yes,2,Yes,Yes,1,1,No,No,1,No,Yes,2,No,Yes,No,Commercial,medium,29510110500
7797,38.66804,-90.21253,Some,No,2,0,Yes,2,No,Yes,1,1,No,No,1,No,Yes,2,No,No,No,Residential,high,29510110500
7798,38.66955,-90.21287,Some,No,2,0,Yes,2,No,Yes,0,0,No,No,1,No,Yes,2,No,No,No,Residential,high,29510109700
7799,38.67054,-90.21248,Ample,No,2,0,Yes,2,Yes,Yes,1,1,Yes,No,1,No,Yes,2,No,No,No,Residential,medium,29510109700
779,38.56704,-90.29498,Ample,No,2,0,Yes,2,Yes,Yes,1,1,No,No,1,No,Yes,2,No,No,No,Residential,high,29510102100
77,38.58451,-90.3124,Ample,No,0,0,Yes,2,Yes,Yes,1,1,No,No,1,Yes,Yes,2,No,No,No,Residential,high,29510102200
7800,38.67199,-90.21255,Some,No,0,0,Yes,2,No,Yes,0,0,No,No,1,No,No,2,No,No,No,Residential,high,29510109700
7801,38.67349,-90.21269,Ample,No,2,0,Yes,2,Yes,Yes,1,1,No,No,1,No,Yes,2,No,No,No,Residential,high,29510109700
7802,38.67474,-90.21253,Ample,No,2,0,Yes,2,Yes,Yes,1,1,Yes,Yes,1,No,Yes,2,No,No,No,Residential,high,29510109700
7803,38.6763,-90.21286,Ample,No,2,0,Yes,2,Yes,Yes,1,1,No,Yes,1,Yes,Yes,2,No,No,No,Residential,high,29510109700
7805,38.6788,-90.21268,Ample,No,2,0,Yes,2,Yes,Yes,1,1,Yes,No,1,Yes,Yes,2,No,No,No,Residential,low,29510109600
7806,38.68033,-90.21264,Ample,No,0,0,No,2,Yes,Yes,0,0,No,No,1,No,Yes,2,No,No,No,Commercial,low,29510109600
7807,38.68162,-90.21252,Ample,No,0,0,Yes,2,No,Yes,1,1,No,No,1,No,Yes,2,No,No,No,Commercial,high,29510109600
7808,38.68257,-90.21244,Ample,No,2,0,No,2,Yes,Yes,1,1,No,No,1,No,Yes,2,No,No,No,Commercial,low,29510109600
7809,38.68383,-90.21236,Ample,Yes,0,0,No,2,No,Yes,1,1,No,No,1,No,Yes,2,No,No,No,Commercial,high,29510109600
7810,38.68544,-90.21298,Ample,No,0,0,Yes,2,Yes,Yes,1,1,No,No,2,No,Yes,2,No,No,No,Commercial,low,29510109600
7812,38.68828,-90.21281,Ample,No,0,0,No,2,No,Yes,1,1,No,No,1,No,Yes,2,No,No,No,Commercial,INVALID,29510109600
7814,38.69078,-90.21402,Ample,No,0,0,No,2,No,Yes,1,0,No,No,1,No,Yes,2,No,No,No,Commercial,INVALID,29510127000
7815,38.69232,-90.21274,Ample,No,0,0,No,2,Yes,Yes,1,0,No,No,1,No,Yes,2,No,No,No,Commercial,low,29510127000
7820,38.69911,-90.2126,No,No,0,0,Yes,2,Yes,Yes,0,0,No,No,1,No,Yes,2,No,No,No,Commercial,low,29510127000
782,38.57091,-90.29501,Ample,No,2,0,Yes,2,Yes,Yes,0,0,No,No,1,No,Yes,2,No,No,No,Residential,high,29510102100
783,38.57246,-90.29473,Ample,No,2,0,Yes,2,Yes,Yes,1,1,No,No,1,No,Yes,2,No,No,No,Residential,high,29510102100
7845,38.73366,-90.21381,Ample,No,0,0,Yes,2,Yes,Yes,1,0,No,No,2,No,Yes,2,No,No,No,Residential,high,29510127000
7846,38.7342,-90.21276,Ample,No,0,0,No,2,Yes,Yes,1,0,No,No,1,Yes,Yes,2,No,No,No,Residential,high,29510127000
784,38.57377,-90.29482,Ample,No,2,0,Yes,2,Yes,Yes,1,0,Yes,No,1,No,Yes,2,No,No,No,Residential,high,29510102100
7855,38.59245,-90.21114,Ample,No,2,0,Yes,2,Yes,Yes,1,1,No,No,1,Yes,Yes,2,No,No,No,Residential,medium,29510124600
7856,38.59411,-90.21155,Ample,No,0,0,Yes,2,Yes,Yes,1,1,No,No,1,Yes,Yes,2,No,No,No,Residential,medium,29510124600
7857,38.59531,-90.21134,Ample,No,2,0,Yes,2,Yes,Yes,1,1,No,No,1,No,Yes,2,No,No,No,Commercial,low,29510124600
785,38.57507,-90.29459,Ample,No,2,0,Yes,2,Yes,Yes,1,1,No,No,1,No,Yes,2,No,No,No,Residential,medium,29510102200
7860,38.59966,-90.21126,Ample,No,2,0,Yes,2,Yes,Yes,1,1,No,Yes,1,No,Yes,2,No,No,Yes,Commercial,medium,29510127600
7861,38.60061,-90.21112,Ample,No,2,0,Yes,2,Yes,Yes,1,1,No,No,1,No,Yes,2,No,No,No,Residential,high,29510127600
7862,38.60192,-90.21146,Ample,No,2,0,Yes,2,Yes,Yes,1,0,No,No,1,No,Yes,2,No,No,No,Residential,high,29510127600
7863,38.60326,-90.21131,No,No,2,0,No,2,No,Yes,0,0,No,No,1,No,No,2,No,Yes,No,Commercial,high,29510127600
7864,38.60498,-90.21123,Ample,No,2,0,Yes,2,Yes,Yes,1,1,No,No,1,No,Yes,2,No,No,No,Residential,high,29510123300
7865,38.60606,-90.21134,Ample,No,2,0,Yes,2,Yes,Yes,1,1,No,No,1,No,Yes,2,No,No,No,Residential,low,29510123300
7866,38.60741,-90.2112,Ample,No,2,0,Yes,2,Yes,Yes,1,1,No,No,1,No,Yes,2,No,No,No,Residential,high,29510123300
7867,38.60875,-90.21131,Ample,No,2,0,Yes,2,Yes,Yes,1,1,No,No,1,No,Yes,2,No,No,No,Residential,high,29510123200
7868,38.60992,-90.21112,Ample,No,0,0,No,2,Yes,Yes,1,0,No,No,1,No,Yes,2,No,No,No,Residential,low,29510123200
7869,38.61153,-90.21161,Ample,No,0,0,Yes,2,Yes,Yes,1,0,No,No,1,No,Yes,2,No,No,No,Residential,high,29510123200
786,38.57649,-90.29538,Ample,No,2,0,Yes,2,Yes,Yes,1,1,No,No,1,No,Yes,2,No,No,No,Residential,high,29510102200
7870,38.61277,-90.21155,Ample,No,0,0,No,2,Yes,Yes,0,0,No,No,1,No,Yes,2,No,No,No,Residential,low,29510123200
7871,38.61423,-90.21173,Ample,No,2,0,Yes,2,Yes,Yes,1,0,No,No,1,No,Yes,2,No,No,No,Residential,medium,29510123200
7872,38.61554,-90.21144,Ample,No,2,0,Yes,2,Yes,Yes,1,1,No,No,1,No,Yes,2,No,No,No,Residential,high,29510123200
7873,38.61685,-90.21136,Ample,No,2,0,Yes,2,Yes,Yes,1,1,Yes,No,1,Yes,Yes,2,No,Yes,No,Commercial,high,29510127400
7874,38.61833,-90.21128,Some,No,2,0,Yes,2,Yes,Yes,1,1,No,No,1,No,Yes,2,No,No,No,Residential,high,29510127400
7875,38.61976,-90.21139,Ample,No,2,0,Yes,2,Yes,Yes,1,1,No,No,1,No,Yes,2,No,No,No,Residential,medium,29510127400
7876,38.62078,-90.2114,Ample,No,2,0,Yes,2,Yes,Yes,1,1,No,No,1,Yes,Yes,2,No,No,Yes,Residential,medium,29510127400
7878,38.62367,-90.21132,Ample,No,0,0,Yes,2,Yes,Yes,0,0,No,No,2,No,Yes,2,No,No,No,Commercial,medium,29510127400
7879,38.62623,-90.21112,Ample,No,2,0,Yes,2,Yes,Yes,1,1,No,No,2,No,Yes,2,No,No,No,Commercial,medium,29510127400
787,38.57812,-90.29485,Ample,No,2,0,Yes,2,Yes,Yes,1,1,No,No,1,No,Yes,2,No,No,No,Residential,medium,29510102200
7880,38.62623,-90.2114,Ample,Yes,0,0,No,2,Yes,Yes,1,1,No,No,1,No,Yes,2,No,No,Yes,Commercial,low,29510127400
7881,38.62765,-90.21145,Ample,No,2,1,Yes,2,Yes,Yes,1,1,Yes,No,1,No,Yes,2,No,No,Yes,Commercial,INVALID,29510127400
7882,38.62897,-90.211,Ample,No,2,0,Yes,2,Yes,Yes,0,0,No,No,2,No,Yes,2,No,No,No,Commercial,low,29510127400
7883,38.63031,-90.21134,Ample,No,2,0,No,2,Yes,Yes,1,1,No,No,1,Yes,Yes,2,No,No,No,Commercial,high,29510127500
7884,38.63181,-90.21135,Ample,No,0,0,Yes,2,Yes,Yes,1,1,No,No,1,Yes,Yes,2,No,No,No,Residential,medium,29510127500
7885,38.63304,-90.21132,Ample,No,1,0,Yes,2,Yes,Yes,1,1,No,No,1,No,Yes,2,No,No,No,Residential,INVALID,29510127500
7886,38.63422,-90.21139,Ample,No,2,0,Yes,2,Yes,Yes,1,1,Yes,Yes,1,No,Yes,2,No,No,No,Residential,low,29510127500
7887,38.63586,-90.21185,Ample,No,0,1,Yes,2,No,Yes,1,1,No,No,1,No,Yes,2,No,No,No,Commercial,INVALID,29510127500
7888,38.63706,-90.21143,Ample,No,2,0,Yes,2,Yes,Yes,1,1,No,No,1,No,Yes,2,No,No,Yes,Residential,medium,29510127500
7889,38.63867,-90.21132,Ample,No,0,0,Yes,2,Yes,Yes,1,1,No,No,1,No,Yes,2,No,No,Yes,Commercial,INVALID,29510127500
788,38.57913,-90.2949,Ample,No,2,0,Yes,2,Yes,Yes,1,1,No,No,1,No,Yes,2,No,No,No,Residential,medium,29510102200
7890,38.63975,-90.21144,Ample,No,2,0,Yes,2,Yes,Yes,1,1,No,No,1,No,Yes,2,No,No,Yes,Residential,high,29510127500
7891,38.64203,-90.21097,Ample,No,0,0,Yes,2,Yes,Yes,1,1,Yes,No,1,No,Yes,2,No,No,No,Residential,high,29510127500
7892,38.64214,-90.21154,Ample,No,0,0,Yes,2,Yes,Yes,1,1,No,No,1,No,Yes,2,No,No,No,Commercial,INVALID,29510127500
7894,38.64478,-90.21147,Ample,No,0,0,Yes,2,Yes,Yes,1,1,No,No,1,No,Yes,2,No,No,No,Commercial,INVALID,29510127500
7895,38.64497,-90.21234,Ample,No,2,0,Yes,2,Yes,Yes,1,1,No,No,1,No,Yes,2,No,No,No,Commercial,high,29510127100
7896,38.6476,-90.21292,Ample,No,2,0,Yes,2,No,Yes,1,1,No,No,1,No,Yes,2,No,No,No,Residential,high,29510127100
7898,38.65065,-90.21184,Ample,No,2,0,Yes,2,Yes,Yes,1,0,Yes,No,1,Yes,Yes,2,No,No,No,Residential,high,29510127100
7899,38.65193,-90.2114,Ample,No,0,0,No,2,Yes,Yes,1,1,No,No,1,No,Yes,2,No,No,No,Residential,high,29510127100
7900,38.65301,-90.21146,Ample,Yes,0,1,Yes,2,Yes,Yes,1,1,No,No,1,No,Yes,2,No,No,No,Residential,high,29510127100
7901,38.65458,-90.21143,Ample,No,0,0,No,2,No,Yes,0,0,No,No,2,No,Yes,2,No,No,No,Residential,high,29510127100
7902,38.65578,-90.21146,Ample,No,2,0,Yes,2,Yes,Yes,1,1,No,No,1,No,Yes,2,No,No,No,Residential,high,29510127100
7903,38.65685,-90.21144,Ample,No,0,0,Yes,2,Yes,Yes,1,1,No,No,1,No,Yes,2,No,No,No,Residential,high,29510127100
7904,38.65865,-90.21139,Ample,No,2,0,Yes,2,Yes,Yes,1,1,Yes,Yes,1,No,Yes,2,No,No,Yes,Residential,low,29510120200
7905,38.65994,-90.21132,Ample,No,2,0,Yes,2,Yes,Yes,1,1,No,No,1,No,Yes,2,No,No,No,Residential,high,29510120200
7906,38.6613,-90.21165,Some,No,0,0,No,1,No,Yes,0,0,No,No,1,No,Yes,2,No,No,No,Residential,high,29510120200
7907,38.66257,-90.21109,Some,No,0,0,Yes,2,No,Yes,1,1,No,No,1,No,Yes,2,No,No,No,Residential,high,29510120200
7908,38.66401,-90.21133,Ample,No,2,0,No,2,No,Yes,0,0,No,No,1,No,Yes,2,No,No,No,Residential,INVALID,29510110500
7909,38.66532,-90.21124,Ample,No,2,0,Yes,2,Yes,Yes,1,1,No,No,1,No,Yes,2,No,No,No,Residential,low,29510110500
790,38.58178,-90.29489,Ample,No,2,0,Yes,2,Yes,Yes,1,0,No,No,1,Yes,Yes,2,No,No,No,Residential,high,29510114102
7910,38.6668,-90.2114,Ample,No,2,0,Yes,2,Yes,Yes,1,1,No,No,1,No,Yes,2,No,No,No,Residential,high,29510110500
7911,38.668,-90.21147,Ample,No,2,0,Yes,2,No,Yes,1,1,Yes,No,1,No,Yes,2,No,No,No,Commercial,low,29510110500
7912,38.66953,-90.21148,Some,No,2,1,Yes,2,No,Yes,1,1,No,Yes,1,No,Yes,2,No,No,No,Residential,INVALID,29510109700
7913,38.67069,-90.21124,Ample,No,2,0,Yes,2,No,Yes,1,1,No,No,1,No,Yes,2,No,No,No,Residential,low,29510109700
7914,38.67214,-90.21133,Some,No,0,0,Yes,2,No,Yes,1,1,No,No,1,No,Yes,2,No,No,No,Residential,low,29510109700
7915,38.67359,-90.21124,Ample,No,0,0,Yes,2,No,Yes,1,1,No,No,1,No,Yes,2,No,No,No,Residential,high,29510109700
7916,38.67485,-90.21138,Some,No,0,0,Yes,2,No,Yes,1,0,No,No,1,No,Yes,2,No,No,No,Residential,medium,29510109700
7917,38.67609,-90.21146,Ample,No,0,0,Yes,2,No,Yes,0,0,No,No,1,No,Yes,2,No,No,No,Residential,high,29510109700
7918,38.67752,-90.21133,Ample,No,2,0,Yes,2,No,Yes,1,1,No,No,2,Yes,Yes,2,No,No,No,Residential,high,29510109700
7919,38.6789,-90.21136,Ample,No,0,0,Yes,2,Yes,Yes,1,0,No,No,1,No,Yes,2,No,No,No,Residential,high,29510109700
791,38.58354,-90.2949,Ample,No,2,0,Yes,2,Yes,Yes,1,0,No,No,1,No,Yes,2,No,No,Yes,Residential,medium,29510114102
7920,38.68018,-90.21137,Ample,No,0,0,No,2,Yes,Yes,1,1,No,No,2,No,Yes,2,No,No,No,Commercial,high,29510109600
7921,38.68179,-90.21159,Ample,No,0,0,Yes,2,Yes,Yes,1,1,No,No,1,No,Yes,2,No,No,No,Commercial,low,29510109600
7922,38.68308,-90.21145,Ample,No,0,0,Yes,2,No,Yes,1,1,No,No,1,No,Yes,2,No,No,No,Commercial,high,29510109600
7925,38.68692,-90.21145,No,No,0,0,Yes,2,No,Yes,1,1,No,No,2,No,Yes,2,No,No,No,Residential,high,29510109600
7927,38.68941,-90.21113,Ample,No,0,0,Yes,2,Yes,Yes,1,1,No,No,1,No,Yes,2,No,No,No,Commercial,high,29510127000
7928,38.69092,-90.21151,Ample,No,0,0,No,2,Yes,Yes,1,1,No,No,1,No,Yes,2,No,No,No,Commercial,high,29510127000
7929,38.69184,-90.21231,Ample,No,0,0,No,2,Yes,Yes,1,0,No,No,1,No,Yes,2,No,No,No,Residential,high,29510127000
792,38.58444,-90.29499,Ample,No,2,0,Yes,2,Yes,Yes,1,0,No,No,1,No,Yes,2,No,No,No,Residential,high,29510114102
7932,38.69663,-90.21091,No,No,0,0,Yes,2,Yes,Yes,1,0,No,No,1,No,Yes,2,No,No,No,Residential,low,29510127000
7933,38.69759,-90.21157,No,No,0,0,Yes,2,Yes,Yes,1,0,No,No,1,No,Yes,2,No,No,No,Residential,low,29510127000
793,38.5858,-90.29494,Ample,No,2,0,Yes,2,Yes,Yes,1,1,No,No,2,No,Yes,2,No,No,No,Residential,INVALID,29510114102
794,38.58728,-90.29492,Some,No,2,0,Yes,2,Yes,Yes,1,1,No,No,1,No,Yes,2,No,No,No,Residential,medium,29510114102
7951,38.73434,-90.21106,Ample,No,2,1,Yes,2,Yes,Yes,1,1,No,No,2,Yes,Yes,2,No,Yes,Yes,Residential,high,29510127000
7952,38.73521,-90.21108,Ample,No,0,0,Yes,2,Yes,Yes,1,0,No,No,2,No,Yes,2,No,No,Yes,Residential,high,29510127000
795,38.58846,-90.29529,Ample,No,2,0,Yes,2,Yes,Yes,1,0,No,No,1,No,Yes,2,No,No,No,Residential,high,29510114102
7960,38.59296,-90.21033,Ample,No,2,1,Yes,2,Yes,Yes,1,1,Yes,No,1,Yes,Yes,2,No,No,Yes,Residential,medium,29510124600
7962,38.59505,-90.21037,Ample,No,2,0,Yes,2,No,Yes,1,1,No,No,2,Yes,Yes,2,No,Yes,No,Commercial,medium,29510124600
7963,38.59649,-90.20967,Ample,No,0,0,Yes,2,Yes,Yes,1,1,No,No,1,No,Yes,2,No,No,No,Commercial,low,29510124600
7964,38.59845,-90.20997,Ample,No,2,0,Yes,2,Yes,Yes,0,0,No,No,1,No,Yes,2,No,Yes,No,Commercial,high,29510124600
7965,38.59931,-90.21003,Ample,No,2,0,Yes,2,Yes,Yes,1,1,Yes,No,2,No,Yes,2,No,No,No,Residential,high,29510127600
7966,38.60052,-90.21009,Ample,No,2,0,Yes,2,Yes,Yes,1,1,No,No,2,No,Yes,2,No,No,No,Commercial,INVALID,29510127600
7967,38.60151,-90.21002,Ample,No,2,0,Yes,2,Yes,Yes,1,0,No,No,1,Yes,Yes,2,No,Yes,No,Residential,high,29510127600
7968,38.60333,-90.20988,Some,No,2,0,Yes,2,No,Yes,1,1,No,No,1,No,Yes,2,No,No,No,Residential,high,29510127600
7969,38.60464,-90.21005,Ample,No,2,0,Yes,2,Yes,Yes,1,1,No,No,1,No,Yes,2,No,No,No,Residential,high,29510127600
796,38.58984,-90.29493,Ample,No,2,0,Yes,2,Yes,Yes,1,1,No,No,1,No,Yes,2,No,No,No,Residential,low,29510114102
7970,38.60605,-90.20983,Some,Yes,2,0,Yes,2,No,Yes,1,1,No,No,1,No,Yes,2,No,No,No,Residential,INVALID,29510127600
7971,38.60738,-90.20983,Ample,No,2,0,Yes,2,Yes,Yes,1,1,No,No,1,No,Yes,2,No,No,No,Residential,low,29510123300
7972,38.60891,-90.20997,Ample,No,2,0,Yes,2,Yes,Yes,1,1,No,No,1,No,Yes,2,No,No,No,Residential,INVALID,29510123200
7973,38.61011,-90.21,Ample,No,2,0,No,2,Yes,Yes,1,1,No,No,1,No,Yes,2,No,No,No,Commercial,high,29510123200
7974,38.61143,-90.20992,Ample,No,0,0,No,2,Yes,Yes,1,1,No,No,1,No,Yes,2,No,No,Yes,Commercial,high,29510123200
7975,38.61286,-90.20993,Ample,No,0,0,Yes,2,Yes,Yes,1,1,No,No,1,Yes,Yes,2,No,No,No,Residential,low,29510123200
7976,38.61417,-90.20976,Ample,No,2,0,Yes,2,Yes,Yes,1,1,No,No,1,No,Yes,2,No,No,No,Residential,high,29510123200
7977,38.61535,-90.21,Ample,No,2,0,Yes,2,Yes,Yes,1,1,No,No,1,No,Yes,2,No,No,No,Residential,low,29510123200
7978,38.61691,-90.20995,Ample,No,2,0,Yes,2,Yes,Yes,1,1,No,No,2,No,Yes,2,No,No,No,Residential,medium,29510127400
7979,38.61825,-90.2101,Ample,No,2,0,Yes,2,No,Yes,1,1,No,No,1,No,Yes,2,No,No,No,Residential,low,29510127400
797,38.59128,-90.29456,Ample,No,2,0,Yes,2,Yes,Yes,1,1,No,No,1,No,Yes,2,No,No,No,Commercial,INVALID,29510114102
7980,38.61965,-90.21019,Ample,No,2,0,Yes,2,Yes,Yes,1,1,No,Yes,1,Yes,Yes,2,No,No,No,Residential,medium,29510127400
7981,38.62103,-90.21003,Ample,No,2,0,Yes,2,Yes,Yes,1,1,Yes,No,1,No,Yes,2,No,No,Yes,Commercial,high,29510127400
7982,38.62222,-90.20976,Ample,No,2,0,Yes,2,Yes,Yes,1,1,No,No,2,Yes,Yes,2,No,No,No,Commercial,high,29510127400
7983,38.62355,-90.21038,Ample,No,0,0,Yes,2,Yes,Yes,1,0,No,No,1,No,Yes,2,No,No,No,Commercial,high,29510127400
7984,38.62535,-90.2099,Ample,No,2,0,No,2,Yes,Yes,1,0,No,No,2,No,Yes,2,No,No,No,Commercial,INVALID,29510127400
7986,38.62761,-90.2099,Ample,No,2,1,Yes,2,Yes,Yes,1,1,No,Yes,1,No,Yes,2,No,No,No,Commercial,low,29510125500
7987,38.62874,-90.2096,Ample,No,2,0,Yes,2,Yes,Yes,1,1,No,No,2,No,Yes,2,No,No,No,Commercial,low,29510125500
7988,38.63028,-90.21002,Ample,No,2,0,Yes,2,Yes,Yes,1,1,No,No,2,Yes,Yes,2,No,Yes,No,Commercial,medium,29510127500
798,38.59268,-90.29501,Ample,No,2,0,Yes,2,Yes,Yes,1,1,No,No,1,No,Yes,2,No,Yes,No,Commercial,high,29510114102
7990,38.63303,-90.20988,Some,No,2,0,Yes,2,Yes,Yes,1,0,No,No,1,No,Yes,2,No,No,Yes,Commercial,high,29510127500
7991,38.63451,-90.20992,Ample,No,2,0,Yes,2,Yes,Yes,1,1,No,No,1,No,Yes,2,No,No,No,Commercial,high,29510127500
7992,38.6358,-90.21029,Ample,No,2,0,Yes,2,Yes,Yes,1,1,No,No,1,No,Yes,2,No,No,No,Commercial,INVALID,29510127500
7993,38.63709,-90.20985,Ample,No,2,0,Yes,2,Yes,Yes,1,1,Yes,No,1,No,Yes,2,No,No,Yes,Commercial,INVALID,29510127500
7995,38.63947,-90.21011,Ample,No,2,0,Yes,2,Yes,Yes,1,1,No,No,1,Yes,Yes,2,No,No,No,Commercial,medium,29510127500
7996,38.64187,-90.21013,Ample,No,0,0,Yes,2,Yes,Yes,1,1,No,No,1,No,Yes,2,No,No,No,Residential,medium,29510127500
7997,38.64182,-90.20989,Some,No,0,0,No,2,Yes,Yes,1,1,No,No,1,Yes,Yes,2,No,No,No,Commercial,high,29510127500
7999,38.64451,-90.21013,Ample,No,0,1,Yes,2,Yes,Yes,1,1,No,No,1,No,Yes,2,No,No,No,Residential,high,29510127500
799,38.59396,-90.29491,Ample,No,2,0,No,2,No,Yes,1,1,No,No,1,No,Yes,2,No,No,No,Commercial,high,29510114102
79,38.58734,-90.31249,Ample,No,2,0,Yes,2,Yes,Yes,1,1,No,No,1,No,Yes,2,No,No,No,Commercial,high,29510103100
7,38.59121,-90.31788,Ample,No,0,0,Yes,2,Yes,Yes,1,0,No,No,2,Yes,Yes,2,No,No,No,Residential,high,29510103100
8005,38.65333,-90.20998,Some,No,0,0,Yes,2,No,Yes,1,0,No,No,1,No,Yes,2,No,No,No,Residential,low,29510127100
8006,38.65466,-90.20999,Ample,No,0,0,Yes,2,No,Yes,1,1,No,No,1,No,Yes,2,No,No,No,Residential,medium,29510127100
8007,38.65599,-90.20999,Ample,Yes,0,0,No,2,Yes,Yes,1,1,No,No,1,No,Yes,2,No,No,No,Residential,high,29510127100
8008,38.65722,-90.20969,Ample,Yes,0,0,Yes,2,Yes,Yes,1,1,Yes,No,1,No,Yes,2,No,No,No,Residential,low,29510120200
8009,38.65874,-90.20976,Ample,No,2,0,Yes,2,Yes,Yes,1,1,No,No,1,No,Yes,2,No,No,No,Residential,high,29510120200
800,38.59522,-90.29496,Ample,No,2,0,Yes,2,Yes,Yes,1,0,No,No,1,No,Yes,2,No,No,No,Residential,high,29510114102
8010,38.66007,-90.20982,Ample,No,2,0,Yes,2,No,Yes,1,1,No,No,2,Yes,Yes,2,No,No,No,Residential,high,29510120200
8011,38.66136,-90.20983,Ample,No,2,0,Yes,2,No,Yes,1,1,No,No,1,No,Yes,2,No,No,No,Residential,INVALID,29510120200
8012,38.66278,-90.20989,Ample,No,2,0,Yes,2,Yes,Yes,0,0,No,No,1,No,Yes,2,No,No,No,Residential,low,29510120200
8013,38.66404,-90.21007,Ample,No,2,0,Yes,2,No,Yes,1,1,No,No,1,No,Yes,2,No,No,No,Residential,medium,29510110500
8014,38.66539,-90.21001,Ample,No,2,0,No,2,Yes,Yes,1,1,No,No,1,No,Yes,2,No,No,No,Residential,low,29510110500
8015,38.66677,-90.21021,Ample,No,2,0,Yes,2,No,Yes,1,1,No,No,1,No,Yes,2,No,No,No,Residential,low,29510110500
8016,38.66822,-90.20986,Ample,No,2,0,Yes,2,Yes,Yes,1,1,No,No,1,No,Yes,2,No,No,Yes,Commercial,INVALID,29510110500
8017,38.66959,-90.2102,Ample,No,2,1,Yes,2,Yes,Yes,1,1,Yes,Yes,1,No,Yes,2,No,No,No,Commercial,low,29510109700
8018,38.67084,-90.21002,Ample,No,2,0,Yes,2,No,Yes,1,1,No,No,1,No,Yes,2,No,No,No,Residential,low,29510109700
8019,38.67216,-90.21,Some,No,0,0,Yes,2,No,Yes,1,1,No,No,1,No,Yes,2,No,No,No,Residential,medium,29510109700
801,38.59649,-90.295,Some,No,2,0,Yes,2,Yes,Yes,1,0,No,No,1,No,Yes,2,No,No,No,Residential,high,29510114102
8020,38.67339,-90.2099,No,No,0,0,Yes,2,No,Yes,0,0,No,No,1,No,Yes,2,No,No,Yes,Residential,high,29510109700
8021,38.67496,-90.21016,Ample,No,0,0,Yes,2,No,Yes,1,1,No,No,1,No,Yes,2,No,No,No,Residential,low,29510109700
8022,38.67628,-90.2101,Ample,No,2,0,Yes,2,No,Yes,1,1,Yes,Yes,1,No,Yes,2,No,No,No,Residential,high,29510109700
8023,38.67769,-90.2098,Ample,No,2,0,Yes,2,Yes,Yes,1,0,No,No,2,No,Yes,2,No,No,No,Residential,medium,29510109700
8024,38.67888,-90.20997,Ample,No,2,0,Yes,2,Yes,Yes,1,1,No,No,1,No,Yes,2,No,No,No,Residential,high,29510109700
8025,38.68022,-90.21001,Ample,No,2,0,No,2,Yes,Yes,1,1,No,No,1,No,Yes,2,No,No,No,Commercial,low,29510109600
8026,38.68165,-90.2099,Ample,No,0,0,Yes,2,No,Yes,1,1,No,No,1,No,Yes,2,No,No,No,Commercial,low,29510109600
8029,38.68556,-90.21011,No,No,0,0,No,2,No,Yes,0,0,No,No,2,No,Yes,2,No,No,No,Residential,INVALID,29510109600
802,38.59801,-90.29508,Some,No,2,0,Yes,2,Yes,Yes,1,1,Yes,No,1,No,Yes,2,No,No,No,Residential,high,29510114200
8032,38.68954,-90.2103,Ample,No,0,0,No,2,Yes,Yes,1,1,No,No,1,No,Yes,2,No,No,No,Commercial,low,29510109600
8033,38.69056,-90.21118,Ample,No,0,0,No,2,Yes,Yes,1,0,No,No,1,No,Yes,2,No,No,No,Commercial,high,29510127000
8036,38.69517,-90.20969,No,No,0,0,Yes,2,Yes,Yes,1,0,No,No,2,No,Yes,2,No,No,No,Residential,low,29510127000
8037,38.69618,-90.21053,No,No,0,0,Yes,2,Yes,Yes,1,0,No,No,2,No,Yes,2,No,No,No,Residential,low,29510127000
803,38.59933,-90.29487,Ample,No,2,0,Yes,2,Yes,Yes,1,1,No,No,1,No,Yes,2,No,No,No,Residential,high,29510114200
804,38.60071,-90.29467,Ample,No,2,0,Yes,2,Yes,Yes,1,1,No,No,1,No,Yes,2,No,No,No,Residential,low,29510114200
8051,38.73573,-90.2104,Ample,No,0,0,Yes,2,Yes,Yes,1,0,No,No,2,No,Yes,2,No,No,Yes,Residential,high,29510127000
8052,38.7364,-90.20952,Ample,No,0,0,Yes,2,Yes,Yes,1,0,No,No,2,No,Yes,2,No,No,Yes,Residential,low,29510127000
805,38.60226,-90.29485,Ample,No,2,0,Yes,2,Yes,Yes,1,0,No,No,1,No,Yes,2,No,No,No,Residential,medium,29510103700
8060,38.59374,-90.20894,Ample,No,2,0,Yes,2,No,Yes,1,1,No,No,1,Yes,Yes,2,No,No,No,Residential,high,29510124600
8062,38.5969,-90.2085,Ample,No,2,0,Yes,2,No,Yes,1,1,No,No,1,No,Yes,2,No,No,Yes,Commercial,low,29510124600
8063,38.59798,-90.20859,Ample,No,2,0,Yes,2,Yes,Yes,1,1,No,No,1,No,Yes,2,No,No,No,Commercial,high,29510124600
8064,38.59939,-90.20864,Some,No,2,0,Yes,2,Yes,Yes,1,1,No,No,1,Yes,Yes,2,No,No,No,Commercial,low,29510127600
8065,38.60081,-90.20883,Ample,No,2,0,Yes,2,Yes,Yes,1,1,No,No,1,Yes,Yes,2,No,No,No,Commercial,high,29510127600
8066,38.60227,-90.20858,Ample,No,0,0,Yes,2,Yes,Yes,1,0,No,No,1,Yes,Yes,2,No,No,Yes,Residential,medium,29510127600
8067,38.60343,-90.20866,Some,No,2,0,Yes,2,Yes,Yes,1,1,No,No,1,No,Yes,2,No,No,No,Residential,low,29510127600
8068,38.60478,-90.20864,Some,No,2,0,Yes,2,Yes,Yes,1,1,No,No,1,No,Yes,2,No,No,No,Residential,high,29510127600
8069,38.60634,-90.20851,Ample,No,2,0,Yes,2,Yes,Yes,1,1,No,No,1,No,Yes,2,No,No,Yes,Residential,high,29510127600
806,38.60316,-90.29499,Ample,No,2,0,Yes,2,Yes,Yes,1,0,No,No,1,No,Yes,2,No,No,No,Residential,high,29510103700
8070,38.60745,-90.20865,Ample,No,2,0,Yes,2,Yes,Yes,1,1,No,No,1,No,Yes,2,No,No,No,Residential,high,29510127600
8071,38.60874,-90.20861,Ample,No,2,0,Yes,2,No,Yes,0,0,No,No,1,No,Yes,2,No,No,No,Residential,high,29510127600
8072,38.61012,-90.20863,Ample,No,0,1,No,2,Yes,Yes,1,1,No,No,1,No,Yes,2,No,No,Yes,Residential,low,29510123200
8073,38.61159,-90.20884,Ample,No,0,0,Yes,2,No,Yes,1,1,No,No,1,Yes,Yes,2,No,No,No,Residential,high,29510123200
8074,38.61282,-90.20876,Ample,No,2,0,No,2,Yes,Yes,1,1,No,No,1,No,Yes,2,No,No,No,Commercial,high,29510123200
8076,38.61552,-90.20901,No,No,0,0,No,2,No,Yes,0,0,No,No,1,No,No,2,No,No,No,Residential,INVALID,29510123200
8077,38.61688,-90.20874,Ample,No,2,0,Yes,2,Yes,Yes,1,1,No,No,1,No,Yes,2,No,No,No,Residential,low,29510127400
8078,38.61827,-90.20877,Ample,Yes,2,0,Yes,2,Yes,Yes,1,1,No,No,2,No,Yes,2,No,No,No,Residential,low,29510127400
8079,38.61964,-90.20901,Ample,No,2,0,Yes,2,Yes,Yes,1,1,No,No,1,No,Yes,2,No,No,No,Residential,high,29510127400
807,38.60493,-90.2949,Ample,No,2,0,Yes,2,Yes,Yes,1,0,No,No,1,No,Yes,2,No,No,No,Residential,high,29510103700
8080,38.62089,-90.2087,Ample,No,2,0,Yes,2,Yes,Yes,1,1,No,No,1,No,Yes,2,No,No,No,Commercial,INVALID,29510127400
8081,38.62227,-90.20867,Ample,No,2,0,Yes,2,Yes,Yes,1,1,No,Yes,1,No,Yes,2,No,No,No,Commercial,high,29510127400
8082,38.62347,-90.20821,Ample,No,2,0,Yes,2,Yes,Yes,1,1,No,No,2,No,Yes,2,No,No,No,Commercial,low,29510127400
8083,38.62505,-90.20859,Ample,No,2,0,No,2,Yes,Yes,1,1,No,No,1,No,Yes,2,No,No,No,Commercial,high,29510127400
8085,38.62767,-90.20867,Ample,No,2,0,Yes,2,Yes,Yes,1,1,No,No,1,Yes,Yes,2,No,No,No,Commercial,high,29510125500
8086,38.6293,-90.20888,Ample,No,2,0,Yes,2,Yes,Yes,1,1,No,No,1,No,Yes,2,No,No,No,Commercial,high,29510125500
8087,38.63038,-90.20861,Ample,No,2,0,Yes,2,Yes,Yes,1,1,No,No,1,Yes,Yes,2,No,No,No,Commercial,high,29510127500
8088,38.63164,-90.20855,Ample,Yes,2,0,Yes,2,Yes,Yes,1,1,No,Yes,1,No,Yes,2,No,No,No,Commercial,INVALID,29510127500
8089,38.63305,-90.20864,Ample,No,2,0,Yes,2,Yes,Yes,1,1,No,No,1,No,Yes,2,No,No,No,Commercial,medium,29510127500
808,38.6061,-90.29492,Some,No,2,0,Yes,2,No,Yes,1,1,No,No,1,No,Yes,2,No,No,No,Residential,high,29510103700
8090,38.63425,-90.20871,Ample,No,2,0,Yes,2,Yes,Yes,1,1,No,No,1,No,Yes,2,No,No,No,Commercial,medium,29510127500
8091,38.63575,-90.20874,Ample,No,2,0,Yes,2,Yes,Yes,1,1,No,No,1,No,Yes,2,No,No,No,Commercial,low,29510127500
8092,38.637,-90.20874,Ample,No,2,0,Yes,2,Yes,Yes,1,1,No,No,1,No,Yes,2,No,No,No,Commercial,INVALID,29510127500
8094,38.63982,-90.20889,Ample,No,2,0,Yes,2,Yes,Yes,1,1,No,No,1,Yes,Yes,2,No,Yes,No,Residential,low,29510127500
8095,38.64098,-90.2085,Some,No,0,0,Yes,2,Yes,Yes,1,1,No,No,1,No,Yes,2,No,No,No,Residential,medium,29510127500
8097,38.64418,-90.20858,Ample,No,0,0,Yes,2,Yes,Yes,1,1,No,No,2,No,Yes,2,No,No,No,Residential,high,29510127500
809,38.60756,-90.29488,Ample,No,2,0,Yes,2,Yes,Yes,1,0,No,No,1,No,Yes,2,No,No,No,Residential,high,29510103700
80,38.58851,-90.31231,Ample,No,2,0,Yes,2,Yes,Yes,1,1,No,No,1,No,Yes,2,No,No,No,Residential,medium,29510103100
8100,38.64796,-90.20852,Ample,No,0,0,Yes,2,No,Yes,1,1,No,No,1,No,Yes,2,No,No,No,Residential,low,29510127100
8103,38.65241,-90.20846,Ample,No,2,0,Yes,2,Yes,Yes,1,1,No,No,1,No,Yes,2,No,No,Yes,Residential,low,29510127100
8104,38.65328,-90.20883,Ample,No,2,0,Yes,2,No,Yes,1,1,No,No,1,No,Yes,2,No,No,No,Residential,low,29510127100
8105,38.6544,-90.20875,Ample,No,2,0,Yes,2,No,Yes,1,1,No,No,1,Yes,Yes,2,No,No,No,Residential,medium,29510127100
8106,38.65573,-90.20871,No,No,0,0,Yes,2,No,Yes,1,1,No,No,1,No,No,2,No,No,No,Residential,high,29510127100
8107,38.65742,-90.2086,Ample,No,2,0,Yes,2,Yes,Yes,1,1,No,No,1,No,Yes,2,No,No,Yes,Residential,high,29510120200
8108,38.65873,-90.20853,Ample,No,2,0,Yes,2,No,Yes,1,1,No,No,1,No,Yes,2,No,No,No,Residential,INVALID,29510120200
8109,38.66004,-90.20856,Some,No,2,0,Yes,2,No,Yes,0,0,No,No,1,No,No,2,No,No,No,Residential,high,29510120200
810,38.60889,-90.29486,Some,No,2,0,Yes,2,No,Yes,1,1,No,No,1,No,Yes,2,No,No,No,Residential,high,29510103700
8110,38.66133,-90.20857,Ample,No,2,0,Yes,2,No,Yes,1,1,No,No,1,No,Yes,2,No,No,No,Residential,high,29510120200
8111,38.66272,-90.20863,Ample,No,0,0,Yes,2,No,Yes,0,0,No,No,1,Yes,Yes,2,No,No,No,Residential,high,29510120200
8112,38.66408,-90.20869,Ample,No,2,0,Yes,2,Yes,Yes,1,1,No,No,1,No,Yes,2,No,No,No,Residential,medium,29510120200
8113,38.6654,-90.20866,Some,No,0,0,Yes,2,No,Yes,0,0,No,No,1,No,Yes,2,No,No,No,Residential,high,29510120200
8114,38.66671,-90.20864,Ample,No,2,0,Yes,2,Yes,Yes,1,1,No,No,1,No,Yes,2,No,No,No,Residential,INVALID,29510110500
8115,38.66804,-90.20874,Ample,No,0,0,Yes,2,Yes,Yes,1,0,No,No,2,No,Yes,2,No,No,No,Residential,medium,29510109700
8116,38.66932,-90.20856,Ample,No,2,0,Yes,2,Yes,Yes,1,1,No,No,1,Yes,Yes,2,No,No,No,Residential,high,29510109700
8117,38.67073,-90.20875,Ample,No,2,0,Yes,2,No,Yes,1,1,No,No,1,No,Yes,2,No,No,No,Residential,low,29510109700
8118,38.67208,-90.20862,No,No,0,0,No,2,No,Yes,1,1,No,No,1,No,No,2,No,No,No,Residential,high,29510109700
8119,38.67354,-90.2087,Ample,No,2,0,Yes,2,Yes,Yes,1,1,Yes,Yes,1,No,Yes,2,No,No,No,Residential,high,29510109700
811,38.61035,-90.29485,Ample,No,2,0,Yes,2,Yes,Yes,1,1,No,No,1,No,Yes,2,No,No,No,Residential,high,29510103700
8120,38.67464,-90.2085,Ample,No,2,0,Yes,2,Yes,Yes,1,1,No,No,1,No,Yes,2,No,No,No,Residential,high,29510109700
8121,38.67613,-90.20862,Ample,No,2,0,Yes,2,No,Yes,1,1,No,No,1,Yes,Yes,2,No,No,No,Residential,high,29510109700
8122,38.67769,-90.20859,Ample,No,2,0,No,2,Yes,Yes,1,0,No,No,2,No,Yes,2,No,No,No,Residential,high,29510109700
8123,38.67877,-90.20882,Ample,No,2,0,No,2,Yes,Yes,1,1,No,No,1,No,Yes,2,No,No,No,Commercial,high,29510109700
8124,38.68022,-90.20857,Ample,No,2,0,Yes,2,Yes,Yes,1,1,No,No,1,No,Yes,2,No,No,No,Commercial,low,29510109700
8127,38.68422,-90.2088,No,No,0,0,No,2,No,Yes,0,0,No,No,2,No,Yes,2,No,No,No,Residential,medium,29510109600
8128,38.68627,-90.2074,Ample,No,0,0,No,2,Yes,Yes,1,1,No,No,1,No,Yes,2,No,No,No,Commercial,low,29510109600
8129,38.68716,-90.20819,Ample,No,2,0,No,2,Yes,Yes,1,1,No,No,1,No,Yes,2,No,No,No,Commercial,low,29510109600
812,38.61119,-90.29499,Ample,No,2,0,Yes,2,Yes,Yes,1,0,No,No,1,No,Yes,2,No,No,No,Residential,medium,29510103700
8130,38.68807,-90.209,Ample,No,2,0,No,2,Yes,Yes,1,1,No,No,1,No,Yes,2,No,No,No,Commercial,INVALID,29510109600
8132,38.69084,-90.20857,No,No,0,0,Yes,2,Yes,Yes,1,1,No,No,1,No,Yes,2,No,No,No,Residential,high,29510127000
8134,38.69387,-90.20844,No,Yes,0,0,Yes,2,Yes,Yes,1,0,No,No,2,No,Yes,2,No,No,No,Residential,low,29510127000
813,38.61292,-90.29495,Ample,No,2,0,Yes,2,Yes,Yes,1,1,No,No,1,No,Yes,2,No,No,No,Residential,high,29510103600
8147,38.73692,-90.20883,Ample,No,0,0,Yes,2,Yes,Yes,1,0,No,No,1,No,Yes,2,No,No,No,Residential,high,29510127000
814,38.6143,-90.29459,Some,No,2,0,Yes,2,Yes,Yes,1,1,No,No,1,No,Yes,2,No,No,No,Residential,medium,29510103600
8154,38.59244,-90.20753,Ample,No,0,0,Yes,2,Yes,Yes,1,1,No,No,2,No,Yes,2,No,No,Yes,Commercial,INVALID,29510124600
8155,38.59355,-90.20872,Ample,No,0,0,Yes,2,Yes,Yes,1,1,No,No,2,No,Yes,2,No,No,No,Residential,low,29510124600
8158,38.59823,-90.20703,Ample,No,2,0,Yes,2,Yes,Yes,1,1,No,No,2,No,Yes,2,No,No,No,Commercial,high,29510124600
8159,38.59946,-90.20777,Ample,No,2,0,Yes,2,Yes,Yes,1,1,No,No,1,No,Yes,2,No,No,Yes,Commercial,INVALID,29510127600
815,38.61525,-90.29417,Ample,No,2,0,Yes,2,Yes,Yes,1,1,No,No,1,No,Yes,2,No,No,No,Residential,medium,29510103600
8160,38.60074,-90.20728,Ample,No,2,0,Yes,2,Yes,Yes,1,1,Yes,No,1,No,Yes,2,No,No,No,Residential,high,29510127600
8161,38.60191,-90.20733,Ample,No,2,0,Yes,2,Yes,Yes,1,1,No,No,1,No,Yes,2,No,No,No,Residential,INVALID,29510127600
8162,38.6034,-90.20746,Some,No,2,0,Yes,2,Yes,Yes,1,1,No,No,1,No,Yes,2,No,No,No,Residential,high,29510127600
8163,38.60482,-90.20744,Ample,No,2,0,Yes,2,Yes,Yes,1,1,No,No,1,Yes,Yes,2,No,No,No,Residential,medium,29510127600
8164,38.60616,-90.20732,Ample,No,2,0,No,2,No,Yes,0,0,No,No,1,No,No,2,No,No,No,Commercial,high,29510127600
8165,38.60747,-90.20744,Ample,No,2,0,Yes,2,Yes,Yes,1,0,No,No,1,No,Yes,2,No,No,No,Residential,high,29510127600
8166,38.6087,-90.20741,Some,No,2,0,Yes,2,No,Yes,1,0,No,No,1,No,Yes,2,No,No,No,Residential,low,29510127600
8167,38.61028,-90.20738,Ample,No,0,0,Yes,2,Yes,Yes,1,1,No,No,1,No,Yes,2,No,No,No,Commercial,low,29510127600
8168,38.61148,-90.20734,Ample,No,0,0,Yes,2,Yes,Yes,1,1,No,No,1,No,Yes,2,No,No,No,Residential,high,29510123200
8169,38.61288,-90.20741,Ample,No,0,0,Yes,2,No,Yes,1,1,No,Yes,1,No,Yes,2,No,No,No,Residential,high,29510123200
816,38.61664,-90.29477,Ample,No,0,0,No,2,Yes,Yes,1,0,No,No,1,Yes,Yes,2,No,No,No,Residential,high,29510103600
8170,38.61403,-90.2071,Ample,No,2,0,Yes,2,Yes,Yes,1,1,No,No,1,No,Yes,2,No,No,No,Residential,high,29510123200
8171,38.61561,-90.20725,Ample,No,2,0,Yes,2,Yes,Yes,1,1,No,No,1,No,Yes,2,No,No,No,Residential,high,29510123200
8172,38.61694,-90.2075,Ample,No,2,0,Yes,2,Yes,Yes,1,1,No,No,1,No,Yes,2,No,No,No,Residential,high,29510127400
8173,38.61814,-90.20709,Ample,No,2,0,Yes,2,Yes,Yes,1,1,No,No,1,No,Yes,2,No,No,No,Residential,high,29510127400
8174,38.61988,-90.20728,Ample,No,2,0,Yes,2,Yes,Yes,1,1,Yes,No,1,Yes,Yes,2,No,No,No,Residential,medium,29510127400
8175,38.62095,-90.20726,Ample,No,2,0,Yes,2,Yes,Yes,1,1,No,Yes,2,No,Yes,2,No,No,Yes,Commercial,low,29510127400
8176,38.62222,-90.20731,Ample,No,2,0,Yes,2,Yes,Yes,1,1,No,No,1,No,Yes,2,No,No,No,Commercial,high,29510127400
8177,38.62399,-90.20803,Ample,No,2,0,No,2,Yes,Yes,1,1,No,No,1,No,Yes,2,No,No,No,Commercial,low,29510127400
8178,38.62503,-90.20721,Ample,No,0,0,No,2,Yes,Yes,1,1,No,No,1,No,Yes,2,No,No,No,Commercial,INVALID,29510125500
8179,38.62629,-90.20723,Ample,No,2,0,Yes,2,Yes,Yes,1,1,No,No,1,No,Yes,2,No,No,No,Commercial,high,29510125500
817,38.6182,-90.29442,Ample,No,2,0,Yes,2,Yes,Yes,1,1,No,No,1,No,Yes,2,No,No,No,Residential,low,29510103600
8180,38.62775,-90.20742,Ample,No,2,0,Yes,2,Yes,Yes,1,1,No,No,2,No,Yes,2,No,Yes,No,Commercial,high,29510125500
8181,38.62907,-90.20725,Ample,No,2,0,No,2,No,Yes,1,0,No,No,1,No,Yes,2,No,Yes,No,Commercial,medium,29510125500
8182,38.63016,-90.20743,Ample,No,2,0,Yes,2,Yes,Yes,1,1,No,No,2,Yes,Yes,2,No,No,No,Commercial,medium,29510127500
8183,38.63173,-90.20731,Ample,No,2,0,Yes,2,Yes,Yes,1,1,Yes,No,1,No,Yes,2,No,No,No,Commercial,medium,29510127500
8184,38.63279,-90.20737,Ample,No,2,0,Yes,2,Yes,Yes,1,1,No,No,1,No,Yes,2,No,No,No,Commercial,medium,29510127500
8185,38.63455,-90.20733,Ample,No,2,0,Yes,2,Yes,Yes,1,1,No,No,1,No,Yes,2,No,Yes,No,Commercial,high,29510127500
8186,38.63561,-90.20732,Ample,No,2,0,Yes,2,Yes,Yes,1,1,No,No,1,No,Yes,2,No,No,No,Commercial,medium,29510127500
8187,38.63673,-90.20746,Ample,No,2,0,Yes,2,Yes,Yes,1,1,No,No,1,No,Yes,2,No,No,Yes,Commercial,high,29510127500
8188,38.63885,-90.2072,Some,No,2,0,Yes,2,Yes,Yes,1,1,No,No,1,Yes,Yes,2,No,Yes,No,Commercial,medium,29510127500
8189,38.63895,-90.20764,Ample,No,2,0,Yes,2,No,Yes,1,1,No,No,1,Yes,Yes,2,No,Yes,Yes,Commercial,low,29510127500
818,38.6193,-90.2947,Ample,No,2,0,Yes,2,Yes,Yes,1,1,No,No,1,No,Yes,2,No,No,No,Commercial,INVALID,29510126800
8190,38.64084,-90.2075,Ample,No,2,0,No,2,Yes,Yes,1,1,No,No,1,Yes,Yes,2,No,No,No,Residential,high,29510127500
8192,38.64391,-90.20729,Ample,No,0,0,Yes,2,Yes,Yes,1,1,No,No,1,No,Yes,2,No,No,No,Residential,low,29510127500
8193,38.64522,-90.20752,Ample,No,0,0,Yes,2,No,Yes,1,1,No,No,1,No,Yes,2,No,No,No,Commercial,high,29510127100
8194,38.64649,-90.20709,Ample,No,2,0,Yes,2,No,Yes,1,1,No,No,1,No,Yes,2,No,No,No,Residential,medium,29510127100
8198,38.65193,-90.20725,Ample,No,2,0,Yes,2,Yes,Yes,1,1,No,No,1,No,Yes,2,No,No,No,Residential,high,29510127100
8199,38.65328,-90.20734,Ample,No,2,0,Yes,2,Yes,Yes,1,1,No,No,1,Yes,Yes,2,No,No,No,Residential,high,29510127100
819,38.62103,-90.29496,Ample,No,0,0,Yes,2,Yes,Yes,1,1,No,Yes,1,No,Yes,2,No,No,No,Commercial,high,29510104200
81,38.58961,-90.31214,Ample,No,2,0,Yes,2,Yes,Yes,1,0,No,No,1,No,Yes,2,No,No,No,Residential,medium,29510103100
8200,38.65498,-90.20822,Ample,No,0,0,Yes,2,Yes,Yes,1,0,No,No,1,No,Yes,2,No,No,No,Residential,high,29510127100
8201,38.65599,-90.20731,Ample,No,2,0,Yes,2,Yes,Yes,1,1,No,No,1,No,Yes,2,No,No,No,Residential,high,29510120200
8202,38.65705,-90.20738,Ample,No,2,0,No,2,Yes,Yes,1,1,No,No,1,No,Yes,2,No,No,No,Residential,INVALID,29510120200
8203,38.65865,-90.20732,Ample,No,2,0,Yes,2,Yes,Yes,1,1,Yes,No,1,No,Yes,2,No,No,No,Residential,medium,29510120200
8204,38.65998,-90.20728,Some,No,2,0,Yes,2,Yes,Yes,1,1,No,No,2,No,Yes,2,No,No,No,Residential,high,29510120200
8205,38.66134,-90.20733,Ample,No,2,0,Yes,2,No,Yes,1,1,Yes,No,1,No,Yes,2,No,No,No,Residential,low,29510120200
8206,38.66273,-90.20734,Ample,No,0,0,Yes,2,No,Yes,0,0,No,No,1,No,Yes,2,No,No,No,Residential,INVALID,29510120200
8207,38.66407,-90.20732,Ample,No,2,0,Yes,2,No,Yes,1,1,No,No,1,No,Yes,2,No,No,No,Residential,medium,29510126700
8208,38.66534,-90.20738,Some,No,0,0,Yes,2,No,Yes,0,0,No,No,1,No,Yes,2,No,No,No,Residential,low,29510109700
8209,38.66666,-90.20752,Ample,No,2,0,Yes,2,No,Yes,1,1,No,No,1,No,Yes,2,No,No,No,Residential,medium,29510109700
820,38.6228,-90.29467,Ample,No,2,0,Yes,2,Yes,Yes,1,1,No,No,1,No,Yes,2,No,No,No,Residential,high,29510104200
8210,38.66797,-90.20752,Some,No,0,0,No,1,No,Yes,0,0,No,No,1,No,Yes,2,No,No,No,Residential,high,29510109700
8211,38.66948,-90.20709,Some,No,0,0,Yes,2,No,Yes,1,1,No,No,1,No,No,2,No,No,No,Residential,high,29510109700
8212,38.67077,-90.20736,Ample,No,2,0,Yes,2,No,Yes,1,1,No,No,1,No,Yes,2,No,No,No,Residential,low,29510109700
8213,38.67222,-90.20725,Ample,No,2,0,Yes,2,No,Yes,1,1,No,No,1,No,Yes,2,No,No,No,Residential,high,29510109700
8214,38.67336,-90.20717,Some,No,0,0,Yes,2,Yes,Yes,1,1,No,No,1,No,Yes,2,No,No,No,Residential,high,29510109700
8215,38.67475,-90.20732,Some,No,0,0,Yes,2,No,Yes,1,1,No,No,1,No,Yes,2,No,No,No,Residential,high,29510109700
8216,38.67635,-90.20695,Ample,No,0,0,No,2,Yes,Yes,1,0,No,No,1,No,Yes,2,No,No,No,Residential,low,29510109700
8217,38.67758,-90.20731,Ample,No,0,0,Yes,2,Yes,Yes,1,1,No,No,1,No,Yes,2,No,Yes,No,Commercial,high,29510109700
8218,38.67886,-90.20735,Ample,No,2,0,Yes,2,Yes,Yes,1,1,No,No,1,No,Yes,2,No,No,No,Commercial,high,29510109700
8219,38.68009,-90.2073,Ample,No,2,0,Yes,2,Yes,Yes,1,1,No,No,1,No,Yes,2,No,No,No,Commercial,low,29510109700
821,38.62374,-90.29486,Some,No,2,0,Yes,2,Yes,Yes,1,1,No,No,1,No,Yes,2,No,No,No,Residential,medium,29510104200
8220,38.6816,-90.20742,Ample,Yes,0,0,No,2,Yes,Yes,1,0,No,No,1,No,Yes,2,No,No,No,Commercial,high,29510109600
8221,38.68279,-90.20744,No,No,0,0,No,2,No,Yes,1,0,No,No,1,No,Yes,2,No,No,No,Residential,high,29510109600
8222,38.68503,-90.20631,Ample,No,0,0,No,2,Yes,Yes,1,1,No,No,1,No,Yes,2,No,No,No,Commercial,high,29510109600
8223,38.68578,-90.20697,Ample,No,2,0,No,2,Yes,Yes,1,1,No,No,1,No,Yes,2,No,No,No,Commercial,high,29510109600
8224,38.68666,-90.20775,Ample,No,0,0,No,2,Yes,Yes,1,0,No,No,1,No,Yes,2,No,No,No,Commercial,INVALID,29510109600
8226,38.6888,-90.20965,Ample,No,2,0,No,2,Yes,Yes,1,1,No,No,1,No,Yes,2,No,No,No,Commercial,low,29510109600
8228,38.69254,-90.20704,No,No,0,0,Yes,2,Yes,Yes,1,0,No,No,2,No,Yes,2,No,No,No,Residential,high,29510127000
822,38.62467,-90.29495,Ample,No,2,0,Yes,2,Yes,Yes,1,1,No,No,1,No,Yes,2,No,Yes,No,Residential,high,29510104200
823,38.62622,-90.2949,Ample,No,2,0,Yes,2,Yes,Yes,1,1,No,No,1,No,Yes,2,No,No,No,Residential,high,29510104200
8240,38.73811,-90.20731,Ample,No,0,0,Yes,2,Yes,Yes,1,0,No,No,1,No,Yes,2,No,No,Yes,Residential,high,29510127000
8241,38.73968,-90.20735,Ample,No,0,0,Yes,2,Yes,Yes,0,0,No,No,2,No,Yes,2,No,No,No,Residential,high,29510127000
8245,38.59115,-90.20614,Ample,No,2,0,Yes,2,No,Yes,1,1,No,No,1,No,Yes,2,No,No,No,Commercial,low,29510124600
8246,38.59168,-90.2067,Ample,No,0,0,Yes,2,No,Yes,1,1,No,No,1,No,Yes,2,No,No,No,Commercial,INVALID,29510124600
8249,38.59692,-90.20562,Ample,No,0,0,Yes,2,No,Yes,1,1,No,No,1,No,Yes,2,No,No,No,Commercial,INVALID,29510127600
824,38.62739,-90.29497,Ample,No,2,0,Yes,2,Yes,Yes,1,1,No,No,1,No,Yes,2,No,No,No,Residential,high,29510104200
8250,38.59834,-90.20483,Ample,No,2,0,Yes,2,Yes,Yes,1,1,No,No,1,No,Yes,2,No,No,No,Commercial,high,29510127600
8252,38.60039,-90.20619,Ample,No,0,0,Yes,2,Yes,Yes,1,1,No,No,1,No,Yes,2,No,No,No,Commercial,high,29510127600
8253,38.6021,-90.20605,Ample,No,2,0,Yes,2,Yes,Yes,1,0,No,No,1,No,Yes,2,No,No,No,Residential,high,29510127600
8254,38.60336,-90.20592,Ample,No,0,0,Yes,2,No,Yes,0,0,No,No,1,No,Yes,2,No,No,No,Residential,high,29510127600
8255,38.6046,-90.20607,Ample,No,2,0,Yes,2,Yes,Yes,1,1,No,No,1,No,Yes,2,No,Yes,No,Residential,high,29510127600
8256,38.60614,-90.20598,Ample,No,2,0,Yes,2,Yes,Yes,1,1,No,No,1,No,Yes,2,No,No,No,Residential,low,29510127600
8257,38.60728,-90.20608,No,No,2,0,Yes,2,Yes,Yes,1,1,No,No,1,No,Yes,2,No,No,No,Residential,INVALID,29510127600
8258,38.60881,-90.20593,Ample,No,2,0,Yes,2,Yes,Yes,1,1,No,No,1,No,Yes,2,No,No,No,Residential,medium,29510127600
8259,38.61022,-90.2061,Ample,No,2,0,Yes,2,Yes,Yes,1,1,No,No,1,No,Yes,2,No,No,No,Residential,high,29510127600
825,38.62905,-90.29486,Ample,No,2,0,Yes,2,Yes,Yes,1,1,No,No,1,No,Yes,2,No,No,No,Residential,high,29510104200
8260,38.61147,-90.20605,Ample,No,2,0,Yes,2,Yes,Yes,1,1,No,No,1,No,Yes,2,No,No,No,Residential,high,29510127600
8261,38.61287,-90.20596,Ample,No,2,0,Yes,2,Yes,Yes,1,1,No,No,1,No,Yes,2,No,No,No,Residential,high,29510127600
8262,38.61414,-90.20595,Ample,No,2,0,Yes,2,Yes,Yes,1,1,No,No,1,No,Yes,2,No,No,No,Residential,high,29510123200
8263,38.61548,-90.20594,Ample,No,2,0,Yes,2,Yes,Yes,1,1,Yes,No,1,No,Yes,2,No,No,No,Residential,high,29510127400
8264,38.61692,-90.20635,Ample,No,2,0,Yes,2,Yes,Yes,1,1,No,No,2,Yes,Yes,2,No,No,Yes,Residential,low,29510127400
8265,38.61817,-90.20591,Ample,No,2,0,Yes,2,Yes,Yes,1,1,No,No,1,No,Yes,2,No,No,Yes,Residential,high,29510127400
8266,38.6196,-90.20593,Ample,No,2,0,Yes,2,Yes,Yes,1,1,No,No,1,Yes,Yes,2,No,No,No,Residential,low,29510127400
8267,38.62071,-90.20605,Ample,No,0,0,Yes,2,No,Yes,1,1,No,No,1,No,Yes,2,No,No,No,Residential,high,29510127400
8268,38.62197,-90.20604,Ample,No,0,0,Yes,2,Yes,Yes,1,1,No,No,1,No,Yes,2,No,No,No,Commercial,low,29510127400
826,38.63023,-90.29493,Ample,No,2,0,Yes,2,Yes,Yes,1,0,No,No,1,No,Yes,2,No,No,No,Residential,high,29510104200
8270,38.62472,-90.2061,Ample,No,2,0,Yes,2,Yes,Yes,1,1,No,No,1,No,Yes,2,No,No,No,Commercial,INVALID,29510125500
8271,38.62673,-90.20581,Ample,No,2,0,Yes,2,Yes,Yes,1,0,No,No,1,No,Yes,2,No,No,Yes,Commercial,low,29510125500
8272,38.6283,-90.20668,Ample,No,2,1,Yes,2,Yes,Yes,1,1,No,No,1,No,Yes,2,No,No,No,Commercial,high,29510125500
8273,38.62916,-90.20589,Ample,No,2,1,Yes,2,Yes,Yes,1,1,No,Yes,1,Yes,Yes,2,No,No,No,Commercial,low,29510125500
8274,38.63035,-90.20605,Ample,No,2,1,Yes,2,Yes,Yes,1,1,No,No,1,No,Yes,2,No,No,No,Commercial,INVALID,29510127500
8275,38.63148,-90.20609,Ample,No,2,0,Yes,2,Yes,Yes,1,1,No,No,1,No,Yes,2,No,No,No,Commercial,high,29510127500
8276,38.63309,-90.20598,Ample,No,2,0,Yes,2,No,Yes,1,1,No,No,1,No,Yes,2,No,No,No,Commercial,low,29510127500
8277,38.63438,-90.20605,Ample,No,2,0,Yes,2,Yes,Yes,1,0,No,No,1,No,Yes,2,No,No,No,Commercial,medium,29510127500
8278,38.63589,-90.20598,Ample,No,0,0,No,2,No,Yes,1,1,No,No,2,No,Yes,2,No,No,No,Commercial,low,29510127500
8279,38.63701,-90.20602,Ample,No,0,0,Yes,2,No,Yes,1,1,No,No,2,No,Yes,2,No,No,No,Commercial,INVALID,29510127500
827,38.63171,-90.29487,Ample,No,0,0,Yes,2,Yes,Yes,1,0,No,No,1,Yes,Yes,2,No,No,No,Residential,high,29510112100
8280,38.63859,-90.20594,Ample,No,2,0,Yes,2,Yes,Yes,1,1,No,No,1,No,Yes,2,No,No,No,Residential,high,29510127500
8281,38.63968,-90.20578,Ample,No,2,0,Yes,2,No,Yes,1,1,No,No,1,Yes,Yes,2,No,Yes,Yes,Residential,high,29510127500
8282,38.64108,-90.20599,Ample,No,2,1,Yes,2,Yes,Yes,1,1,Yes,No,1,Yes,Yes,2,No,No,Yes,Residential,high,29510127500
8283,38.64236,-90.20555,Ample,No,2,0,Yes,2,Yes,Yes,1,1,No,No,1,Yes,Yes,2,No,No,No,Residential,high,29510127500
8284,38.64364,-90.20606,Ample,No,2,0,Yes,2,Yes,Yes,1,0,No,No,1,Yes,Yes,2,No,No,No,Residential,high,29510127500
8285,38.64557,-90.20583,Ample,No,2,0,Yes,2,Yes,Yes,1,0,No,No,1,No,Yes,2,No,No,No,Residential,high,29510127100
8286,38.64657,-90.20593,Ample,No,2,0,Yes,2,Yes,Yes,1,1,No,No,1,No,Yes,2,No,No,No,Residential,medium,29510127100
8287,38.64788,-90.20578,Ample,No,2,0,Yes,2,Yes,Yes,1,1,No,No,1,Yes,Yes,2,No,No,No,Residential,high,29510127100
8288,38.64926,-90.20613,Ample,No,2,0,Yes,2,Yes,Yes,1,1,No,No,2,No,Yes,2,No,No,No,Commercial,INVALID,29510127100
8289,38.6505,-90.20571,Ample,No,0,0,Yes,2,No,Yes,1,1,No,No,1,Yes,Yes,2,No,No,No,Residential,INVALID,29510127100
828,38.63293,-90.29497,Ample,No,2,0,Yes,2,No,Yes,0,0,No,No,2,Yes,Yes,2,No,No,No,Residential,medium,29510112100
8290,38.65189,-90.20601,Ample,No,2,0,Yes,2,Yes,Yes,1,0,Yes,No,1,No,Yes,2,No,No,No,Residential,high,29510127100
8291,38.6534,-90.20595,Some,No,0,0,Yes,2,No,Yes,0,0,No,Yes,2,No,Yes,2,No,No,No,Residential,INVALID,29510127100
8292,38.65462,-90.20593,Ample,No,2,0,Yes,2,Yes,Yes,1,1,No,No,1,No,Yes,2,No,No,No,Residential,INVALID,29510127100
8293,38.65595,-90.20585,Ample,No,2,0,Yes,2,Yes,Yes,1,1,No,No,1,No,Yes,2,No,No,No,Residential,high,29510120200
8294,38.65734,-90.20598,Ample,No,2,0,Yes,2,No,Yes,1,1,No,No,1,Yes,Yes,2,No,No,Yes,Residential,low,29510120200
8295,38.65868,-90.20598,Some,No,2,0,Yes,2,No,Yes,1,1,No,No,1,No,Yes,2,No,No,No,Residential,medium,29510120200
8296,38.65983,-90.20594,Ample,No,2,0,Yes,2,No,Yes,1,1,No,No,1,No,Yes,2,No,No,No,Residential,INVALID,29510120200
8297,38.6613,-90.20596,Ample,No,2,0,Yes,2,Yes,Yes,1,1,No,No,1,No,Yes,2,No,Yes,No,Residential,low,29510120200
8298,38.66267,-90.20604,Some,Yes,0,0,Yes,2,No,Yes,0,0,No,No,1,No,Yes,2,No,No,No,Residential,medium,29510126700
8299,38.66407,-90.20594,Ample,No,2,0,Yes,2,No,Yes,0,0,No,No,1,No,Yes,2,No,No,No,Residential,medium,29510126700
829,38.63423,-90.29453,Some,No,0,0,Yes,2,Yes,Yes,1,0,No,No,1,Yes,Yes,2,No,No,No,Residential,high,29510112100
82,38.59117,-90.31246,No,No,2,0,No,2,No,Yes,0,0,No,No,1,No,Yes,2,No,No,No,Residential,INVALID,29510103100
8300,38.66551,-90.20607,Ample,No,2,0,Yes,2,Yes,Yes,1,1,No,No,1,No,Yes,2,No,No,No,Residential,high,29510109700
8301,38.66665,-90.20618,Ample,No,2,0,Yes,2,Yes,Yes,1,1,No,No,1,No,Yes,2,No,No,No,Residential,low,29510109700
8302,38.66814,-90.2057,Ample,No,0,0,Yes,2,No,Yes,1,1,No,No,1,No,Yes,2,No,No,No,Residential,high,29510109700
8303,38.66932,-90.20634,Some,Yes,1,0,Yes,2,Yes,Yes,1,1,No,No,1,No,Yes,2,No,No,No,Residential,low,29510109700
8304,38.67082,-90.20599,Ample,Yes,0,0,Yes,2,No,Yes,1,1,No,No,1,No,Yes,2,No,No,Yes,Residential,high,29510109700
8305,38.67198,-90.20577,Ample,Yes,2,0,Yes,2,Yes,Yes,1,1,No,No,1,No,Yes,2,No,No,No,Residential,high,29510109700
8306,38.67348,-90.206,Ample,No,2,0,Yes,2,Yes,Yes,1,1,No,No,1,No,Yes,2,No,No,No,Residential,high,29510109700
8307,38.67476,-90.20605,Ample,No,0,0,Yes,2,No,Yes,1,1,No,No,1,No,Yes,2,No,No,No,Residential,high,29510109700
8308,38.67618,-90.20588,Ample,No,0,0,Yes,2,Yes,Yes,1,1,Yes,No,1,No,Yes,2,No,No,No,Residential,high,29510109700
8309,38.67756,-90.20599,Ample,No,0,0,Yes,2,Yes,Yes,1,1,No,No,1,No,Yes,2,No,No,No,Commercial,INVALID,29510109700
8310,38.67909,-90.20614,Ample,No,2,0,Yes,2,Yes,Yes,1,1,No,Yes,1,No,Yes,2,No,No,No,Commercial,high,29510109700
8311,38.68041,-90.20545,Ample,No,0,0,Yes,2,No,Yes,1,1,No,No,2,No,Yes,2,No,No,No,Commercial,INVALID,29510109700
8312,38.68137,-90.20626,Some,No,0,0,Yes,2,Yes,Yes,0,0,No,No,2,No,Yes,2,No,No,No,Commercial,INVALID,29510109700
8314,38.68441,-90.20576,Ample,No,0,0,No,2,Yes,Yes,1,1,No,No,1,No,Yes,2,No,No,No,Commercial,low,29510109600
8319,38.69124,-90.20557,No,No,0,0,Yes,2,No,Yes,1,0,No,No,2,No,Yes,2,No,No,No,Residential,high,29510109600
831,38.63714,-90.29492,Ample,No,0,0,Yes,2,Yes,Yes,1,1,No,No,1,Yes,Yes,2,No,No,No,Residential,high,29510112100
832,38.63818,-90.29514,Ample,No,0,0,Yes,2,No,Yes,1,1,No,No,1,Yes,Yes,2,No,No,No,Residential,high,29510112100
8330,38.7388,-90.20645,Ample,No,0,0,No,2,Yes,Yes,1,0,No,No,1,No,Yes,2,No,No,Yes,Residential,high,29510127000
8331,38.73956,-90.20598,Ample,No,0,0,Yes,2,Yes,Yes,1,0,No,No,2,Yes,Yes,2,No,No,No,Residential,high,29510127000
8332,38.74099,-90.20615,Ample,No,2,0,Yes,2,Yes,Yes,1,0,No,No,1,No,Yes,2,No,No,No,Residential,medium,29510127000
8339,38.59667,-90.20473,Ample,No,2,0,Yes,2,Yes,Yes,1,1,No,No,1,No,Yes,2,No,Yes,No,Commercial,INVALID,29510127600
833,38.63984,-90.29494,Ample,No,0,0,Yes,2,Yes,Yes,1,0,Yes,No,1,Yes,Yes,2,No,No,No,Residential,high,29510112100
8340,38.59819,-90.20496,Ample,No,2,0,Yes,2,Yes,Yes,1,1,No,No,1,No,Yes,2,No,No,No,Commercial,low,29510127600
8341,38.59948,-90.2045,Ample,No,0,0,Yes,2,No,Yes,1,1,No,No,2,No,Yes,2,No,No,No,Commercial,low,29510127600
8342,38.59988,-90.20525,Ample,No,0,0,Yes,2,Yes,Yes,1,1,No,No,1,No,Yes,2,No,No,No,Commercial,high,29510127600
8343,38.60203,-90.20458,Ample,No,2,0,Yes,2,Yes,Yes,1,1,No,No,1,No,Yes,2,No,No,No,Commercial,INVALID,29510127600
8344,38.60338,-90.20459,Ample,No,2,0,No,2,No,Yes,1,1,No,No,1,No,No,2,No,Yes,No,Commercial,high,29510127600
8345,38.60477,-90.20461,Ample,No,2,0,Yes,2,No,Yes,1,1,No,No,1,No,Yes,2,No,No,No,Residential,high,29510127600
8346,38.60629,-90.20453,Ample,No,2,0,Yes,2,Yes,Yes,1,1,No,No,1,No,Yes,2,No,No,Yes,Residential,high,29510127600
8347,38.60741,-90.20461,Ample,No,2,0,Yes,2,Yes,Yes,1,1,No,No,1,No,Yes,2,No,No,No,Residential,medium,29510127600
8348,38.60876,-90.20439,Ample,No,2,0,Yes,2,Yes,Yes,1,1,No,No,1,No,Yes,2,No,Yes,No,Residential,high,29510127600
8349,38.61013,-90.20459,Ample,No,2,0,Yes,2,Yes,Yes,1,1,No,No,1,Yes,Yes,2,No,No,No,Residential,medium,29510127600
834,38.64114,-90.29496,Ample,No,2,0,Yes,2,Yes,Yes,0,0,No,No,2,Yes,Yes,2,No,Yes,No,Residential,medium,29510112100
8350,38.61169,-90.2045,Ample,No,2,1,Yes,2,Yes,Yes,1,1,No,No,1,No,Yes,2,No,No,Yes,Residential,medium,29510127600
8351,38.61292,-90.2047,Ample,No,2,0,Yes,2,Yes,Yes,1,1,No,No,1,Yes,Yes,2,No,No,No,Residential,low,29510127600
8352,38.61425,-90.20469,Ample,No,2,1,Yes,2,Yes,Yes,1,1,No,No,1,No,Yes,2,No,Yes,No,Residential,high,29510127600
8353,38.61546,-90.20465,Ample,No,2,0,Yes,2,Yes,Yes,1,1,No,No,1,No,Yes,2,No,No,No,Residential,low,29510127400
8354,38.61676,-90.20423,Ample,No,2,0,Yes,2,Yes,Yes,1,1,No,No,1,Yes,Yes,2,No,No,No,Residential,medium,29510127400
8355,38.61824,-90.20467,Ample,No,2,0,Yes,2,Yes,Yes,1,1,Yes,No,1,No,Yes,2,No,No,No,Residential,high,29510127400
8356,38.61958,-90.20444,Ample,No,2,0,Yes,2,Yes,Yes,1,1,Yes,No,1,No,Yes,2,No,No,No,Commercial,medium,29510127400
8357,38.62077,-90.20398,Ample,No,2,0,Yes,2,Yes,Yes,1,1,No,No,2,No,Yes,2,No,No,No,Commercial,medium,29510127400
8358,38.62162,-90.20442,Ample,No,0,0,Yes,2,Yes,Yes,1,1,No,No,1,No,Yes,2,No,No,No,Commercial,low,29510127400
8359,38.62397,-90.20453,Ample,No,2,0,No,2,Yes,Yes,1,0,No,No,2,No,Yes,2,No,No,Yes,Commercial,INVALID,29510127400
835,38.64257,-90.29509,Ample,No,2,0,Yes,2,No,Yes,1,0,No,Yes,2,Yes,Yes,2,No,No,Yes,Residential,high,29510112100
8360,38.62535,-90.20449,Ample,No,0,0,Yes,2,Yes,Yes,1,1,No,No,1,No,Yes,2,No,No,Yes,Commercial,low,29510125500
8361,38.62634,-90.20475,Ample,No,2,0,Yes,2,Yes,Yes,1,1,No,No,2,No,Yes,2,No,No,No,Commercial,low,29510125500
8362,38.62757,-90.20424,Ample,No,2,0,Yes,2,Yes,Yes,1,1,No,No,1,No,Yes,2,No,No,Yes,Commercial,low,29510125500
8363,38.62888,-90.20465,Ample,No,2,0,Yes,2,Yes,Yes,1,1,No,Yes,1,Yes,Yes,2,No,No,No,Commercial,high,29510125500
8364,38.63037,-90.20465,Ample,No,2,0,Yes,2,Yes,Yes,1,1,Yes,No,1,No,Yes,2,No,No,No,Residential,medium,29510125500
8365,38.63158,-90.20425,Ample,No,0,0,Yes,2,No,Yes,1,1,No,No,1,No,Yes,2,No,No,No,Commercial,low,29510125500
8366,38.63314,-90.20446,Ample,No,2,0,No,2,Yes,Yes,0,0,No,No,1,No,No,2,No,No,No,Commercial,low,29510125500
8367,38.6345,-90.20467,Ample,No,2,0,Yes,2,Yes,Yes,1,1,No,Yes,1,No,Yes,2,No,No,No,Commercial,low,29510127500
8368,38.63613,-90.20456,Ample,No,2,0,Yes,2,Yes,Yes,1,1,No,No,2,No,Yes,2,No,No,No,Commercial,medium,29510127500
8369,38.63725,-90.20452,Ample,No,2,0,Yes,2,Yes,Yes,1,1,No,No,1,No,Yes,2,No,No,No,Residential,medium,29510127500
8370,38.63832,-90.20467,Ample,No,2,0,Yes,2,Yes,Yes,1,0,No,No,1,No,Yes,2,No,No,No,Residential,medium,29510127500
8371,38.63965,-90.20464,Ample,No,2,0,Yes,2,Yes,Yes,0,0,No,No,1,Yes,Yes,2,No,No,No,Residential,medium,29510127500
8372,38.64074,-90.20471,Ample,No,2,0,Yes,2,Yes,Yes,1,1,No,No,1,No,Yes,2,No,No,Yes,Residential,INVALID,29510127500
8373,38.64171,-90.20454,Ample,No,2,0,Yes,2,Yes,Yes,1,1,No,No,1,No,Yes,2,No,No,Yes,Residential,medium,29510127500
8374,38.6438,-90.20517,Ample,No,2,0,Yes,2,Yes,Yes,1,1,No,No,2,Yes,Yes,2,No,Yes,No,Residential,high,29510127100
8375,38.64503,-90.20464,Ample,No,2,0,Yes,2,Yes,Yes,1,0,No,No,1,Yes,Yes,2,No,No,No,Residential,high,29510126600
8376,38.64651,-90.20445,Ample,No,2,0,Yes,2,Yes,Yes,1,1,No,No,2,No,Yes,2,No,No,No,Residential,low,29510127100
8377,38.64776,-90.20464,Ample,No,2,0,Yes,2,Yes,Yes,1,1,No,No,1,No,Yes,2,No,No,No,Residential,high,29510127100
8378,38.6492,-90.20439,Ample,No,2,0,Yes,2,Yes,Yes,1,1,No,No,1,Yes,Yes,2,No,No,No,Residential,high,29510127100
8379,38.65063,-90.20482,Ample,No,2,0,Yes,2,Yes,Yes,1,1,No,No,1,Yes,Yes,2,No,No,No,Residential,medium,29510127100
8380,38.65184,-90.2044,Ample,No,2,0,Yes,2,Yes,Yes,1,1,No,No,1,Yes,Yes,2,No,No,No,Residential,high,29510127100
8381,38.65328,-90.20475,Ample,No,2,0,Yes,2,Yes,Yes,1,1,No,No,1,No,Yes,2,No,No,No,Residential,INVALID,29510127100
8382,38.65458,-90.20429,Some,No,2,0,Yes,2,Yes,Yes,1,1,No,No,1,No,Yes,2,No,No,No,Residential,high,29510127100
8383,38.65636,-90.2041,Ample,No,2,0,Yes,2,Yes,Yes,1,1,No,No,1,No,Yes,2,No,No,No,Residential,high,29510120200
8384,38.65732,-90.20464,Ample,No,2,0,Yes,2,Yes,Yes,1,1,No,No,1,No,Yes,2,No,No,No,Residential,INVALID,29510120200
8385,38.65865,-90.20464,Ample,No,2,0,Yes,2,Yes,Yes,1,1,No,No,1,No,Yes,2,No,No,No,Commercial,low,29510126700
8386,38.66001,-90.20466,Some,Yes,2,0,Yes,2,No,Yes,1,1,No,No,2,No,Yes,2,No,No,No,Residential,high,29510126700
8387,38.66085,-90.20431,Ample,No,2,0,Yes,2,No,Yes,1,1,No,No,1,No,Yes,2,No,No,No,Commercial,medium,29510126700
8388,38.66263,-90.20467,Some,No,2,0,Yes,2,Yes,Yes,1,1,No,No,1,No,Yes,2,No,No,No,Residential,high,29510126700
8389,38.664,-90.20465,Ample,No,2,0,Yes,2,No,Yes,1,1,No,No,1,No,Yes,2,No,No,No,Residential,medium,29510126700
838,38.64684,-90.29486,Ample,No,2,0,Yes,2,No,Yes,0,0,Yes,Yes,2,Yes,Yes,2,No,No,Yes,Residential,medium,29510112100
8390,38.66504,-90.20449,Ample,No,2,0,Yes,2,No,Yes,1,1,Yes,No,2,Yes,Yes,2,No,No,No,Residential,high,29510109700
8391,38.66685,-90.20469,Ample,No,2,0,Yes,2,No,Yes,1,1,No,No,1,No,Yes,2,No,No,No,Residential,low,29510109700
8392,38.6682,-90.20463,Ample,No,0,0,Yes,2,Yes,Yes,1,1,No,No,1,No,Yes,2,No,No,No,Residential,high,29510109700
8393,38.66929,-90.20503,Some,No,2,0,Yes,2,Yes,Yes,1,1,No,No,1,No,Yes,2,No,No,No,Residential,high,29510109700
8394,38.67078,-90.20463,Some,No,2,0,Yes,2,No,Yes,1,1,No,No,1,No,Yes,2,No,No,No,Residential,low,29510109700
8395,38.67221,-90.20439,Ample,No,0,0,No,2,Yes,Yes,1,0,No,No,1,No,Yes,2,No,No,No,Residential,high,29510109700
8396,38.67348,-90.20468,Ample,No,2,0,No,2,Yes,Yes,1,1,No,No,1,No,Yes,2,No,No,No,Commercial,high,29510109700
8397,38.67477,-90.2047,Ample,No,2,1,Yes,2,Yes,Yes,1,1,No,No,1,No,Yes,2,No,No,No,Commercial,low,29510109700
8398,38.67604,-90.20493,Ample,No,0,0,Yes,2,No,Yes,1,1,No,No,1,No,Yes,2,No,No,No,Commercial,INVALID,29510109700
839,38.64783,-90.29474,Ample,Yes,2,0,Yes,2,Yes,Yes,1,0,No,No,1,Yes,Yes,2,No,No,No,Residential,medium,29510105198
83,38.59253,-90.31243,Ample,No,2,0,Yes,2,Yes,Yes,1,1,No,No,1,No,Yes,2,No,No,No,Residential,medium,29510103100
8400,38.67904,-90.20426,No,No,2,0,No,2,No,Yes,0,0,No,No,2,No,Yes,2,No,No,Yes,Commercial,INVALID,29510109700
8401,38.67997,-90.20507,Ample,Yes,2,0,Yes,2,No,Yes,0,0,No,No,1,No,Yes,2,No,No,No,Commercial,low,29510109700
8402,38.68243,-90.20584,Ample,No,0,0,No,2,Yes,Yes,1,1,No,No,1,Yes,Yes,2,No,No,No,Commercial,low,29510109600
8403,38.683,-90.20453,Ample,No,0,0,Yes,2,Yes,Yes,1,1,Yes,No,1,No,Yes,2,No,No,No,Commercial,high,29510109700
8409,38.69071,-90.20493,Some,No,0,0,Yes,2,No,Yes,1,0,No,No,2,No,Yes,2,No,No,No,Residential,high,29510109600
840,38.64939,-90.29483,Ample,No,2,0,Yes,2,Yes,Yes,1,1,No,No,1,No,Yes,2,No,No,No,Residential,medium,29510105198
841,38.65035,-90.29491,Ample,No,2,0,Yes,2,Yes,Yes,1,0,No,No,1,No,Yes,2,No,No,No,Residential,high,29510105198
8420,38.74059,-90.20434,Ample,No,0,0,Yes,2,Yes,Yes,1,0,No,No,1,No,Yes,2,No,No,No,Residential,high,29510127000
8421,38.74174,-90.20424,Ample,No,0,0,Yes,2,Yes,Yes,0,0,No,No,1,Yes,Yes,2,No,No,No,Residential,high,29510127000
8426,38.59405,-90.20336,Ample,No,2,0,Yes,2,Yes,Yes,1,0,No,No,1,No,Yes,2,No,No,No,Commercial,low,29510127600
8429,38.59808,-90.2035,Ample,No,2,0,Yes,2,Yes,Yes,1,1,No,No,1,No,Yes,2,No,No,No,Commercial,low,29510127600
842,38.65177,-90.29488,Some,No,2,0,Yes,2,No,Yes,0,0,No,No,1,No,Yes,2,No,No,No,Residential,high,29510105198
8432,38.6017,-90.20339,Ample,No,2,0,Yes,2,Yes,Yes,1,1,No,No,1,No,Yes,2,No,No,Yes,Commercial,high,29510127600
8435,38.60609,-90.20321,Ample,No,2,0,Yes,2,Yes,Yes,1,1,Yes,No,1,No,Yes,2,No,No,Yes,Commercial,INVALID,29510127600
8436,38.60751,-90.20353,Ample,No,2,0,Yes,2,Yes,Yes,1,0,No,No,1,No,Yes,2,No,No,Yes,Residential,medium,29510127600
8437,38.60889,-90.20354,Ample,No,2,0,Yes,2,No,Yes,1,1,No,No,1,No,Yes,2,No,No,No,Residential,medium,29510127600
8438,38.61008,-90.20327,Ample,No,2,0,Yes,2,Yes,Yes,1,1,Yes,No,1,Yes,Yes,2,No,No,No,Commercial,medium,29510127600
8439,38.6115,-90.20326,Ample,No,2,0,No,2,Yes,Yes,1,1,No,No,1,No,Yes,2,No,No,Yes,Residential,high,29510127600
843,38.65315,-90.29491,Ample,No,2,0,Yes,2,Yes,Yes,1,0,No,No,1,No,Yes,2,No,No,No,Residential,high,29510105198
8440,38.61287,-90.20342,Ample,No,2,0,Yes,2,Yes,Yes,1,1,No,No,1,Yes,Yes,2,No,No,No,Residential,high,29510127600
8441,38.61447,-90.20312,Ample,No,2,0,Yes,2,Yes,Yes,1,1,No,No,1,Yes,Yes,2,No,No,No,Residential,high,29510127600
8442,38.61564,-90.20339,Ample,No,2,0,Yes,2,Yes,Yes,1,1,No,No,1,Yes,Yes,2,No,No,No,Residential,medium,29510127400
8443,38.61681,-90.20331,Ample,No,2,0,Yes,2,Yes,Yes,1,1,No,No,1,No,Yes,2,No,No,No,Residential,high,29510127400
8444,38.61823,-90.20316,Ample,No,2,0,Yes,2,Yes,Yes,1,1,No,No,1,Yes,Yes,2,No,No,No,Residential,medium,29510127400
8445,38.61953,-90.20302,Ample,No,2,0,Yes,2,Yes,Yes,1,1,No,No,1,No,Yes,2,No,No,Yes,Residential,high,29510127400
8447,38.62229,-90.20338,Ample,No,2,0,No,2,Yes,Yes,1,0,No,No,1,No,Yes,2,No,No,No,Commercial,high,29510127400
8448,38.6237,-90.20327,Ample,No,2,0,No,2,Yes,Yes,1,0,No,No,1,No,Yes,2,No,No,No,Commercial,high,29510127400
8449,38.62474,-90.20307,Ample,No,2,2+,Yes,2,Yes,Yes,1,1,No,No,2,No,Yes,2,No,Yes,No,Commercial,high,29510125500
844,38.65452,-90.29499,Ample,No,2,0,Yes,2,Yes,Yes,0,0,No,No,2,No,Yes,2,No,No,No,Residential,high,29510105198
8450,38.62621,-90.20334,Ample,No,2,0,Yes,2,Yes,Yes,1,1,Yes,No,1,No,Yes,2,No,No,No,Commercial,low,29510125500
8451,38.62745,-90.20333,Ample,No,2,0,Yes,2,Yes,Yes,1,1,No,No,1,No,Yes,2,No,No,Yes,Commercial,high,29510125500
8452,38.62924,-90.20317,Ample,No,2,0,Yes,2,Yes,Yes,1,1,No,No,1,Yes,Yes,2,No,No,No,Residential,medium,29510125500
8453,38.63012,-90.20331,Ample,No,2,0,Yes,2,Yes,Yes,1,1,No,Yes,1,No,Yes,2,No,No,No,Residential,high,29510125500
8454,38.63168,-90.20328,Ample,No,2,0,No,2,No,Yes,0,0,No,No,1,No,No,2,No,No,No,Residential,high,29510125500
8455,38.63313,-90.20323,Ample,No,2,0,Yes,2,Yes,Yes,0,1,No,No,1,No,Yes,2,No,No,No,Commercial,medium,29510125500
8456,38.63421,-90.2033,Ample,No,2,0,Yes,2,Yes,Yes,1,1,No,No,2,No,Yes,2,No,No,No,Residential,low,29510125500
8457,38.63585,-90.20329,Ample,No,2,0,Yes,2,Yes,Yes,1,1,No,No,1,Yes,Yes,2,No,No,No,Commercial,INVALID,29510125500
8458,38.63699,-90.20328,Ample,No,2,0,Yes,2,Yes,Yes,1,1,No,No,1,Yes,Yes,2,No,No,No,Residential,low,29510125700
8459,38.63843,-90.20307,Ample,No,2,0,Yes,2,Yes,Yes,1,1,No,No,1,No,Yes,2,No,No,No,Residential,medium,29510127500
845,38.65607,-90.29455,Ample,No,2,1,Yes,2,No,Yes,1,1,No,No,1,No,Yes,2,No,No,No,Residential,high,29510105300
8460,38.63967,-90.20291,Ample,No,2,0,Yes,2,Yes,Yes,1,1,No,No,1,Yes,Yes,2,No,No,No,Residential,medium,29510127500
8461,38.64133,-90.20231,Ample,No,2,0,Yes,2,Yes,Yes,1,0,No,No,1,Yes,Yes,2,No,No,No,Residential,high,29510127500
8462,38.6422,-90.20336,Ample,No,2,0,Yes,2,Yes,Yes,1,1,No,No,1,Yes,Yes,2,No,No,No,Residential,medium,29510127500
8463,38.64382,-90.20326,Ample,No,2,0,Yes,2,Yes,Yes,1,1,No,No,1,No,Yes,2,No,No,No,Residential,high,29510126600
8464,38.64517,-90.20332,Ample,No,2,0,Yes,2,Yes,Yes,0,0,No,No,1,No,Yes,2,No,No,No,Residential,high,29510126600
8465,38.64648,-90.20329,Ample,No,0,0,Yes,2,Yes,Yes,0,0,No,No,2,No,Yes,2,No,No,No,Commercial,high,29510126600
8466,38.64791,-90.20329,Some,No,0,0,Yes,2,No,Yes,1,1,No,No,1,No,Yes,2,No,No,No,Residential,high,29510126600
8467,38.64921,-90.20331,Ample,No,2,0,Yes,2,No,Yes,1,1,No,No,1,Yes,Yes,2,No,No,No,Residential,high,29510126600
8468,38.65055,-90.20307,Ample,No,2,0,Yes,2,Yes,Yes,1,1,No,No,1,No,Yes,2,No,No,No,Residential,high,29510127100
8469,38.65198,-90.20343,Ample,No,2,0,Yes,2,Yes,Yes,1,1,No,No,1,Yes,Yes,2,No,No,No,Residential,medium,29510127100
846,38.65735,-90.29477,Ample,No,2,0,Yes,2,Yes,Yes,1,1,No,No,1,No,Yes,2,No,No,No,Residential,high,29510105300
8470,38.65316,-90.20302,Ample,No,2,0,Yes,2,Yes,Yes,1,1,No,No,1,Yes,Yes,2,No,Yes,No,Residential,high,29510127100
8471,38.65459,-90.20334,Ample,No,2,0,Yes,2,No,Yes,1,1,No,No,1,Yes,Yes,2,No,No,No,Residential,high,29510127100
8472,38.65605,-90.20319,Ample,No,2,0,No,2,Yes,Yes,1,1,No,Yes,1,Yes,Yes,2,No,No,No,Residential,high,29510120200
8473,38.65727,-90.20325,Ample,No,0,0,Yes,2,No,Yes,1,1,No,No,1,No,Yes,2,No,No,No,Residential,low,29510126700
8474,38.65867,-90.20328,Ample,No,0,0,Yes,2,Yes,Yes,1,1,No,No,1,No,Yes,2,No,No,No,Residential,low,29510126700
8475,38.65993,-90.2033,Ample,No,2,0,Yes,2,Yes,Yes,1,1,Yes,Yes,1,Yes,Yes,2,No,No,No,Residential,medium,29510126700
8476,38.66135,-90.20329,Ample,No,0,0,Yes,2,Yes,Yes,1,1,Yes,No,2,Yes,Yes,2,No,No,No,Residential,high,29510126700
8477,38.66273,-90.20333,Some,No,2,0,Yes,2,Yes,Yes,1,1,No,No,2,Yes,Yes,2,No,No,Yes,Residential,high,29510126700
8478,38.66401,-90.2033,Ample,No,2,0,Yes,2,Yes,Yes,1,0,No,No,1,No,Yes,2,No,No,No,Residential,high,29510126700
8479,38.66539,-90.20334,Ample,No,2,0,Yes,2,Yes,Yes,1,1,No,No,1,Yes,Yes,2,No,No,No,Residential,medium,29510126700
847,38.65855,-90.29496,Ample,No,2,0,Yes,2,Yes,Yes,1,0,No,No,1,No,Yes,2,No,No,No,Residential,medium,29510105300
8480,38.66689,-90.20335,Ample,No,2,0,Yes,2,No,Yes,0,0,No,No,1,No,Yes,2,No,No,No,Residential,high,29510109700
8481,38.66805,-90.20347,Ample,No,0,0,No,2,No,Yes,0,0,No,No,1,No,Yes,2,No,No,No,Residential,high,29510109700
8482,38.66942,-90.20336,Ample,No,2,0,Yes,2,No,Yes,1,1,No,No,1,No,Yes,2,No,No,No,Residential,high,29510109700
8483,38.67083,-90.20308,Ample,No,0,0,No,2,Yes,Yes,1,0,No,No,1,No,Yes,2,No,No,No,Commercial,low,29510109700
8484,38.67221,-90.2032,Ample,No,0,0,Yes,2,Yes,Yes,1,1,No,No,1,No,Yes,2,No,No,No,Commercial,high,29510109700
8485,38.6735,-90.20331,Ample,No,2,0,Yes,2,Yes,Yes,1,0,Yes,No,1,No,Yes,2,No,No,No,Commercial,high,29510109700
8486,38.67486,-90.20325,Ample,No,2,0,Yes,2,Yes,Yes,1,1,No,No,1,No,Yes,2,No,No,No,Commercial,low,29510109700
8487,38.67616,-90.20333,Ample,No,2,0,Yes,2,No,Yes,1,1,No,No,1,No,Yes,2,No,No,No,Commercial,low,29510109700
8488,38.67746,-90.2032,Ample,No,2,0,Yes,2,Yes,Yes,1,1,No,No,1,No,Yes,2,No,No,No,Commercial,low,29510109700
8489,38.67897,-90.20332,Ample,No,2,0,Yes,2,No,Yes,1,1,No,No,1,No,Yes,2,No,No,No,Commercial,low,29510109700
848,38.65975,-90.29496,Ample,No,2,0,Yes,2,Yes,Yes,1,1,No,No,1,No,Yes,2,No,No,No,Residential,high,29510105300
8490,38.67934,-90.20261,Ample,No,2,0,Yes,2,Yes,Yes,1,1,No,No,1,No,Yes,2,No,No,No,Commercial,medium,29510109700
8491,38.68156,-90.20326,Ample,No,2,0,Yes,2,Yes,Yes,1,0,No,No,1,No,Yes,2,No,No,No,Commercial,INVALID,29510109700
8497,38.6895,-90.20352,No,No,0,0,Yes,2,Yes,Yes,1,0,No,No,2,No,Yes,2,No,No,No,Residential,high,29510109600
849,38.6616,-90.29507,Ample,No,2,0,Yes,2,Yes,Yes,1,1,No,No,1,Yes,Yes,2,No,No,No,Residential,low,29510105300
84,38.59399,-90.31239,Ample,No,2,0,Yes,2,Yes,Yes,1,1,No,No,1,No,Yes,2,No,No,No,Residential,high,29510103800
8507,38.74214,-90.20341,Ample,No,0,0,Yes,2,Yes,Yes,1,0,No,No,1,No,Yes,2,No,No,No,Residential,high,29510127000
8508,38.74347,-90.20299,Ample,No,2,0,Yes,2,Yes,Yes,1,1,No,No,1,No,Yes,2,No,No,No,Residential,high,29510127000
850,38.66275,-90.29491,Ample,No,2,0,Yes,2,Yes,Yes,1,1,No,No,1,No,Yes,2,No,No,Yes,Commercial,INVALID,29510105400
8513,38.59536,-90.20198,Ample,No,0,0,Yes,2,Yes,Yes,1,1,No,No,2,No,Yes,2,No,No,No,Commercial,high,29510127600
8515,38.59807,-90.20191,Ample,No,2,0,Yes,2,Yes,Yes,1,1,No,No,1,No,Yes,2,No,No,No,Commercial,low,29510127600
8516,38.59931,-90.20197,Ample,No,2,0,Yes,2,Yes,Yes,1,1,No,No,1,Yes,Yes,2,No,No,No,Commercial,high,29510127600
8517,38.60065,-90.20174,Ample,No,2,1,Yes,2,Yes,Yes,1,0,No,No,1,No,Yes,2,No,No,No,Commercial,high,29510127600
8518,38.60218,-90.20239,Ample,No,2,0,Yes,2,Yes,Yes,1,1,No,No,1,No,Yes,2,No,No,No,Commercial,high,29510127600
8519,38.60334,-90.20187,Ample,No,2,0,Yes,2,Yes,Yes,1,1,No,No,1,No,Yes,2,No,No,No,Commercial,high,29510127600
851,38.66375,-90.29497,Ample,No,2,0,Yes,2,Yes,Yes,1,1,No,No,1,No,Yes,2,No,No,No,Residential,INVALID,29510105400
8521,38.60611,-90.20185,Ample,No,2,0,Yes,2,Yes,Yes,1,1,No,No,1,No,Yes,2,No,No,No,Commercial,high,29510127600
8522,38.60741,-90.20189,No,No,2,0,No,2,No,Yes,0,0,No,No,0,No,No,2,No,Yes,No,Commercial,high,29510127600
8523,38.60884,-90.20202,Ample,No,2,0,Yes,2,No,Yes,1,1,No,No,1,No,Yes,2,No,No,No,Residential,high,29510127600
8524,38.61025,-90.20185,Ample,No,2,0,Yes,2,Yes,Yes,1,1,Yes,No,2,No,Yes,2,No,No,No,Residential,medium,29510127600
8525,38.61153,-90.20195,Ample,No,2,0,Yes,2,Yes,Yes,1,1,Yes,No,1,No,Yes,2,No,No,Yes,Commercial,medium,29510127600
8526,38.61288,-90.20204,Ample,No,2,0,Yes,2,No,Yes,1,1,No,No,1,No,Yes,2,No,No,No,Residential,high,29510127600
8527,38.61414,-90.20195,Ample,No,2,0,Yes,2,Yes,Yes,1,1,No,No,1,Yes,Yes,2,No,No,No,Residential,high,29510127600
8528,38.61569,-90.2019,Ample,No,2,0,Yes,2,No,Yes,1,1,No,No,1,No,Yes,2,No,No,No,Residential,INVALID,29510127400
8529,38.61687,-90.20187,Ample,No,2,0,Yes,2,Yes,Yes,1,1,No,No,1,Yes,Yes,2,No,No,No,Residential,high,29510127400
852,38.5603,-90.29357,Ample,No,2,0,Yes,2,Yes,Yes,1,1,No,No,1,No,Yes,2,No,Yes,No,Residential,medium,29510102300
8530,38.61819,-90.20191,Ample,No,2,0,Yes,2,Yes,Yes,1,1,No,No,1,Yes,Yes,2,No,No,No,Residential,high,29510127400
8531,38.61945,-90.20145,Ample,No,2,0,Yes,2,Yes,Yes,1,1,No,No,2,No,Yes,2,No,No,No,Commercial,high,29510127400
8534,38.62356,-90.20196,Ample,No,2,0,No,2,Yes,Yes,1,1,No,No,2,No,Yes,2,No,No,No,Commercial,low,29510125500
8535,38.62487,-90.20196,Ample,No,2,1,Yes,2,Yes,Yes,1,1,No,No,2,Yes,Yes,2,No,Yes,No,Commercial,low,29510125500
8536,38.62621,-90.20205,Ample,No,2,1,Yes,2,Yes,Yes,1,1,Yes,Yes,1,No,Yes,2,No,No,No,Commercial,INVALID,29510125500
8537,38.62779,-90.20198,No,No,2,0,No,2,No,Yes,0,0,No,No,1,No,No,2,No,Yes,No,Commercial,INVALID,29510125500
8538,38.62898,-90.20194,Ample,No,2,0,Yes,2,Yes,Yes,1,0,No,No,1,Yes,Yes,2,No,No,Yes,Residential,high,29510125500
8539,38.63028,-90.20177,Ample,No,2,1,Yes,2,Yes,Yes,1,1,No,Yes,1,No,Yes,2,No,No,No,Residential,high,29510125500
853,38.56141,-90.29376,Ample,No,0,0,Yes,2,Yes,Yes,1,1,No,No,1,Yes,Yes,2,No,No,No,Residential,high,29510102300
8540,38.63165,-90.20192,Ample,No,2,0,Yes,2,Yes,Yes,1,1,No,No,2,No,Yes,2,No,No,No,Residential,INVALID,29510125500
8541,38.63302,-90.20176,Ample,No,2,0,Yes,2,Yes,Yes,1,1,No,Yes,1,No,Yes,2,No,No,No,Commercial,medium,29510125500
8542,38.63446,-90.20186,Ample,No,2,0,Yes,2,Yes,Yes,1,1,No,No,1,No,Yes,2,No,No,No,Commercial,medium,29510125500
8543,38.63558,-90.20201,Ample,No,2,0,Yes,2,Yes,Yes,1,1,No,No,2,No,Yes,2,No,No,No,Commercial,high,29510125500
8544,38.63709,-90.20193,Ample,No,2,0,Yes,2,Yes,Yes,1,1,No,No,1,Yes,Yes,2,No,No,No,Residential,high,29510125700
8545,38.63881,-90.20183,Ample,No,2,0,Yes,2,Yes,Yes,1,1,No,No,1,No,Yes,2,No,No,No,Residential,medium,29510125700
8546,38.63981,-90.20217,Ample,No,2,0,Yes,2,Yes,Yes,1,1,No,No,1,Yes,Yes,2,No,No,No,Residential,high,29510127500
8547,38.64107,-90.20181,Ample,No,2,0,Yes,2,Yes,Yes,1,1,No,No,1,No,Yes,2,No,No,No,Residential,medium,29510125700
8548,38.64243,-90.20192,Ample,No,2,0,Yes,2,Yes,Yes,1,1,No,No,1,No,Yes,2,No,No,No,Residential,medium,29510127500
8549,38.64377,-90.20123,Ample,No,2,0,Yes,2,Yes,Yes,1,1,No,Yes,1,No,Yes,2,No,No,No,Residential,medium,29510126600
854,38.5632,-90.29313,Ample,No,2,0,Yes,2,Yes,Yes,1,0,No,No,1,No,Yes,2,No,No,No,Residential,high,29510102300
8550,38.64513,-90.20178,Ample,No,2,0,Yes,2,Yes,Yes,1,0,No,No,1,No,Yes,2,No,No,No,Residential,high,29510126600
8551,38.64665,-90.20191,Ample,No,0,0,No,2,No,Yes,0,0,No,No,2,No,Yes,2,No,No,No,Residential,high,29510126600
8552,38.64789,-90.20193,Ample,No,2,0,Yes,2,Yes,Yes,1,1,No,No,1,No,Yes,2,No,No,No,Residential,high,29510126600
8553,38.6494,-90.20186,Ample,No,0,0,Yes,2,Yes,Yes,0,0,No,No,1,No,Yes,2,No,No,No,Residential,high,29510126600
8554,38.65047,-90.202,Some,No,0,0,No,1,No,Yes,0,0,No,No,1,No,Yes,2,No,No,No,Residential,low,29510126600
8555,38.6521,-90.20185,Ample,No,0,0,Yes,2,Yes,Yes,1,0,No,No,1,No,Yes,2,No,No,No,Residential,high,29510126600
8556,38.6533,-90.20213,Ample,No,0,0,Yes,2,Yes,Yes,1,1,No,No,1,No,Yes,2,No,No,No,Residential,high,29510127100
8557,38.65455,-90.20172,Ample,No,2,0,Yes,2,Yes,Yes,1,1,No,No,1,Yes,Yes,2,No,No,No,Residential,low,29510126600
8558,38.65595,-90.20188,Ample,Yes,0,0,Yes,2,Yes,Yes,1,1,No,No,1,No,Yes,2,No,No,No,Residential,medium,29510126600
8559,38.65755,-90.20207,Ample,No,2,0,Yes,2,Yes,Yes,1,1,No,No,1,Yes,Yes,2,No,No,No,Residential,medium,29510126700
855,38.5645,-90.29381,Ample,No,2,1,Yes,2,Yes,Yes,1,1,Yes,Yes,1,No,Yes,2,No,No,No,Commercial,medium,29510102100
8560,38.65864,-90.20185,Ample,No,2,0,Yes,2,No,Yes,1,1,No,No,1,No,Yes,2,No,No,No,Residential,high,29510126700
8561,38.66034,-90.20209,Ample,No,2,0,Yes,2,Yes,Yes,1,0,No,No,1,Yes,Yes,2,No,No,No,Residential,high,29510126700
8563,38.66288,-90.202,Ample,No,2,0,Yes,2,Yes,Yes,1,0,No,No,1,Yes,Yes,2,No,No,No,Residential,high,29510126700
8564,38.66407,-90.20191,Ample,No,2,0,Yes,2,No,Yes,1,1,No,No,1,No,Yes,2,No,No,No,Residential,high,29510126700
8565,38.66538,-90.20196,Ample,No,2,0,Yes,2,Yes,Yes,1,1,No,No,1,No,Yes,2,No,No,No,Residential,medium,29510126700
8566,38.66684,-90.20205,Ample,No,2,0,Yes,2,Yes,Yes,1,0,No,No,1,No,Yes,2,No,No,No,Residential,INVALID,29510109700
8567,38.66826,-90.20174,Some,No,0,0,Yes,2,No,Yes,1,1,No,No,1,No,Yes,2,No,No,No,Residential,medium,29510109700
8568,38.6694,-90.20191,Ample,No,0,0,No,2,Yes,Yes,1,1,No,No,2,No,Yes,2,No,No,No,Commercial,high,29510109700
8569,38.67086,-90.20171,Ample,No,0,0,Yes,2,Yes,Yes,1,1,No,No,1,No,Yes,2,No,No,No,Residential,high,29510109700
856,38.5654,-90.2934,Ample,No,2,0,Yes,2,Yes,Yes,1,1,No,No,1,No,Yes,2,No,No,No,Commercial,medium,29510102100
8570,38.67247,-90.20151,Ample,No,2,0,No,2,No,Yes,1,1,No,No,2,No,Yes,2,No,No,No,Commercial,INVALID,29510109700
8571,38.67337,-90.20225,Ample,No,2,0,Yes,2,No,Yes,1,1,No,No,1,No,Yes,2,No,No,No,Commercial,INVALID,29510109700
8575,38.67866,-90.20237,Ample,No,0,0,No,2,Yes,Yes,1,1,No,No,1,No,Yes,2,No,No,No,Commercial,low,29510109700
8576,38.68018,-90.20206,Ample,No,2,0,Yes,2,Yes,Yes,1,0,No,No,2,No,Yes,2,No,No,No,Commercial,INVALID,29510109700
857,38.56672,-90.29379,Ample,No,2,0,Yes,2,Yes,Yes,1,1,No,No,2,Yes,Yes,2,No,No,No,Residential,high,29510102100
8582,38.6883,-90.20192,No,No,0,0,Yes,2,Yes,Yes,1,0,No,No,2,No,Yes,2,No,No,No,Residential,INVALID,29510109600
8591,38.74242,-90.20228,Ample,No,0,0,Yes,2,Yes,Yes,1,0,No,No,1,No,Yes,2,No,No,No,Residential,low,29510127000
8592,38.74328,-90.20132,Ample,No,0,0,Yes,2,Yes,Yes,1,1,No,No,1,No,Yes,2,No,No,Yes,Residential,low,29510127000
8593,38.74497,-90.20174,Ample,No,2,0,Yes,2,Yes,Yes,1,1,No,No,1,No,Yes,2,No,No,No,Residential,medium,29510127000
8597,38.59594,-90.20143,No,No,0,0,Yes,2,Yes,Yes,1,1,No,No,2,No,Yes,2,No,No,No,Commercial,medium,29510127600
8598,38.59677,-90.2007,Ample,No,0,0,Yes,2,Yes,Yes,1,1,No,No,1,No,Yes,2,No,No,No,Commercial,high,29510127600
859,38.56973,-90.29356,Ample,No,2,0,Yes,2,Yes,Yes,1,1,No,No,2,No,Yes,2,No,No,Yes,Residential,medium,29510102100
85,38.59532,-90.31215,Ample,No,2,0,Yes,2,Yes,Yes,1,1,No,No,1,No,Yes,2,No,No,No,Residential,medium,29510103800
8600,38.59915,-90.20168,Ample,Yes,2,0,Yes,2,Yes,Yes,1,1,No,No,1,No,Yes,2,No,No,No,Residential,high,29510127600
8601,38.60088,-90.20054,Ample,No,0,0,Yes,2,Yes,Yes,1,1,No,No,1,No,Yes,2,No,No,No,Commercial,low,29510127600
8602,38.60216,-90.20103,Ample,No,0,0,Yes,2,No,Yes,1,0,No,No,1,No,Yes,2,No,No,No,Commercial,INVALID,29510127600
8603,38.60339,-90.20046,Ample,No,0,0,Yes,2,Yes,Yes,1,0,No,No,1,No,Yes,2,No,No,No,Commercial,low,29510127600
8604,38.60481,-90.20053,Ample,No,0,0,Yes,2,Yes,Yes,1,1,No,No,1,No,Yes,2,No,No,No,Commercial,high,29510127600
8605,38.6061,-90.20055,Ample,No,0,0,Yes,2,No,Yes,1,1,No,No,1,No,Yes,2,No,No,No,Commercial,high,29510127600
8606,38.6076,-90.20077,Ample,No,2,0,Yes,2,Yes,Yes,1,1,No,No,1,No,Yes,2,No,No,No,Commercial,low,29510127600
8607,38.60894,-90.20089,Ample,No,2,0,Yes,2,Yes,Yes,1,1,No,No,1,No,Yes,2,No,No,No,Commercial,medium,29510127600
8608,38.61016,-90.20057,No,No,2,0,Yes,2,Yes,Yes,1,1,No,No,2,Yes,Yes,2,No,Yes,No,Residential,high,29510127600
8609,38.61142,-90.20041,Ample,No,2,0,Yes,2,Yes,Yes,1,1,No,No,1,No,Yes,2,No,No,No,Commercial,medium,29510127600
860,38.57115,-90.29343,Ample,No,2,0,Yes,2,Yes,Yes,1,1,No,No,1,No,Yes,2,No,No,No,Residential,medium,29510102100
8610,38.61281,-90.20052,Ample,No,2,0,No,2,Yes,Yes,1,1,No,No,1,No,Yes,2,No,No,No,Commercial,low,29510127600
8611,38.61417,-90.20065,Ample,No,2,0,Yes,2,Yes,Yes,1,0,No,No,1,No,Yes,2,No,No,No,Residential,high,29510127600
8612,38.61543,-90.20052,Ample,No,2,0,Yes,2,Yes,Yes,1,1,No,No,1,No,Yes,2,No,No,No,Residential,high,29510127400
8613,38.61736,-90.20036,Ample,No,2,0,Yes,2,Yes,Yes,1,1,No,No,1,No,Yes,2,No,No,No,Residential,high,29510127400
8614,38.61851,-90.20049,Ample,No,2,0,Yes,2,Yes,Yes,1,1,No,No,1,No,Yes,2,No,No,No,Commercial,high,29510127400
8616,38.62101,-90.20087,Ample,No,2,0,No,2,Yes,Yes,1,1,No,No,1,No,Yes,2,No,No,No,Commercial,high,29510127400
8617,38.62221,-90.20039,Ample,No,2,0,No,2,Yes,Yes,1,1,No,No,1,No,Yes,2,No,No,No,Commercial,INVALID,29510127400
8618,38.62327,-90.20082,Ample,No,2,0,No,2,Yes,Yes,1,1,No,No,1,No,Yes,2,No,No,No,Commercial,INVALID,29510125500
8619,38.6246,-90.20075,Ample,No,2,0,Yes,2,Yes,Yes,1,1,Yes,No,1,No,Yes,2,No,No,No,Commercial,high,29510125500
861,38.57231,-90.29361,Ample,No,2,0,Yes,2,No,Yes,1,1,No,No,1,No,Yes,2,No,No,No,Residential,high,29510102100
8621,38.62795,-90.20052,Ample,No,2,0,Yes,2,Yes,Yes,1,1,No,No,1,Yes,Yes,2,No,No,No,Commercial,high,29510125500
8622,38.629,-90.20076,Ample,No,2,0,Yes,2,Yes,Yes,1,1,Yes,Yes,1,Yes,Yes,2,No,No,No,Residential,high,29510125500
8623,38.63032,-90.20057,Ample,No,2,0,Yes,2,Yes,Yes,1,0,Yes,Yes,1,No,Yes,2,No,No,No,Commercial,high,29510125500
8624,38.63195,-90.2005,Ample,No,1,0,Yes,2,Yes,Yes,1,1,No,No,1,No,Yes,2,No,Yes,No,Residential,low,29510125500
8625,38.63311,-90.20055,Ample,No,2,0,Yes,2,No,Yes,1,1,No,No,2,No,Yes,2,No,No,Yes,Commercial,high,29510125500
8626,38.6342,-90.20063,Ample,No,2,0,Yes,2,Yes,Yes,1,1,No,No,1,No,Yes,2,No,No,Yes,Commercial,high,29510125500
8627,38.63532,-90.20073,Ample,No,2,0,No,2,Yes,Yes,1,1,No,No,1,No,Yes,2,No,No,Yes,Commercial,low,29510125700
8628,38.63703,-90.20037,Ample,No,2,0,Yes,2,Yes,Yes,1,1,No,No,1,No,Yes,2,No,No,No,Residential,medium,29510125700
8629,38.63856,-90.2006,Ample,No,2,0,Yes,2,Yes,Yes,1,1,No,No,1,Yes,Yes,2,No,No,No,Residential,high,29510125700
862,38.57379,-90.29363,Ample,No,2,0,Yes,2,Yes,Yes,1,0,No,No,1,No,Yes,2,No,No,Yes,Residential,medium,29510102100
8630,38.63986,-90.20053,Ample,No,2,0,Yes,2,Yes,Yes,1,1,No,No,1,No,Yes,2,No,No,No,Residential,high,29510125700
8631,38.64083,-90.20066,Ample,No,2,0,Yes,2,Yes,Yes,1,1,No,No,1,No,Yes,2,No,No,Yes,Residential,INVALID,29510125700
8632,38.6425,-90.20061,Ample,No,2,0,Yes,2,Yes,Yes,1,1,Yes,No,1,No,Yes,2,No,No,No,Residential,medium,29510126600
8633,38.64383,-90.20067,Ample,No,2,0,Yes,2,No,Yes,0,0,No,No,2,No,Yes,2,No,No,No,Residential,INVALID,29510126600
8634,38.64523,-90.20073,Ample,No,2,0,Yes,2,Yes,Yes,1,1,No,No,1,No,Yes,2,No,No,No,Residential,high,29510126600
8635,38.64634,-90.2006,Ample,No,0,0,Yes,2,Yes,Yes,1,1,No,No,2,No,Yes,2,No,No,No,Residential,high,29510126600
8636,38.64776,-90.20059,Ample,No,2,0,Yes,2,Yes,Yes,0,0,No,No,1,No,Yes,2,No,No,No,Residential,high,29510126600
8637,38.64944,-90.20071,Ample,No,0,0,Yes,2,No,Yes,1,1,No,No,1,No,Yes,2,No,No,No,Residential,high,29510126600
8638,38.65074,-90.20054,Ample,No,2,0,Yes,2,Yes,Yes,1,1,No,No,1,No,Yes,2,No,Yes,No,Residential,high,29510126600
8639,38.65193,-90.20053,Ample,No,2,0,Yes,2,No,Yes,1,1,No,No,1,No,Yes,2,No,No,No,Residential,low,29510126600
863,38.57511,-90.29354,Ample,No,2,0,Yes,2,Yes,Yes,1,0,No,No,1,No,Yes,2,No,No,No,Residential,high,29510102200
8640,38.65311,-90.20067,Ample,Yes,0,0,Yes,2,No,Yes,0,0,No,No,1,No,Yes,2,No,No,No,Residential,medium,29510126600
8641,38.6546,-90.20057,Ample,No,2,0,Yes,2,Yes,Yes,1,1,No,No,1,No,Yes,2,No,No,No,Residential,medium,29510126600
8642,38.65592,-90.20031,Ample,No,2,0,Yes,2,Yes,Yes,1,1,No,No,1,No,Yes,2,No,No,No,Residential,high,29510126600
8643,38.65731,-90.20061,Ample,No,2,0,Yes,2,Yes,Yes,1,1,No,No,1,No,Yes,2,No,No,No,Residential,medium,29510126700
8644,38.65869,-90.20065,Ample,No,2,0,Yes,2,No,Yes,1,1,No,No,1,No,Yes,2,No,No,No,Residential,medium,29510126700
8645,38.65983,-90.20046,Ample,No,2,0,Yes,2,Yes,Yes,1,1,No,No,1,No,Yes,2,No,No,No,Residential,INVALID,29510126700
8646,38.66138,-90.20044,Ample,No,2,0,Yes,2,Yes,Yes,1,1,No,No,1,Yes,Yes,2,No,No,No,Residential,medium,29510126700
8647,38.66274,-90.2006,No,No,0,0,No,2,No,Yes,1,1,No,No,1,No,Yes,2,No,No,No,Residential,INVALID,29510126700
8648,38.66384,-90.2005,Some,No,0,0,Yes,2,No,Yes,0,0,No,No,1,No,Yes,2,No,No,No,Residential,high,29510126700
8649,38.66537,-90.20049,Ample,No,2,0,Yes,2,No,Yes,1,1,No,No,2,No,Yes,2,No,No,No,Residential,high,29510126700
864,38.57656,-90.29351,No,No,2,0,Yes,2,No,Yes,1,1,No,No,1,No,Yes,2,No,No,No,Residential,INVALID,29510102200
8650,38.6667,-90.20068,No,No,0,0,Yes,2,Yes,Yes,1,1,No,No,1,No,Yes,2,No,No,No,Residential,high,29510109700
8651,38.66801,-90.20078,Ample,No,2,0,No,2,Yes,Yes,1,0,No,No,2,No,Yes,2,No,No,No,Residential,medium,29510109700
8652,38.6695,-90.20042,Ample,No,2,0,Yes,2,Yes,Yes,1,1,No,Yes,1,No,Yes,2,No,No,No,Commercial,INVALID,29510109700
8653,38.67067,-90.20046,Some,No,0,0,Yes,2,Yes,Yes,1,1,No,No,1,No,Yes,2,No,No,No,Commercial,INVALID,29510109700
8654,38.67192,-90.20105,Ample,No,2,0,No,2,No,Yes,1,0,No,No,1,No,Yes,2,No,No,No,Commercial,INVALID,29510109700
8656,38.67485,-90.20068,Ample,No,2,0,Yes,2,Yes,Yes,1,1,Yes,No,1,No,Yes,2,No,No,Yes,Commercial,medium,29510109700
8659,38.67883,-90.20063,Ample,No,2,0,Yes,2,Yes,Yes,1,1,No,No,1,No,Yes,2,No,No,No,Commercial,INVALID,29510109700
865,38.57798,-90.2935,Ample,No,2,0,Yes,2,Yes,Yes,1,1,No,No,1,No,Yes,2,No,No,No,Residential,medium,29510102200
8661,38.67965,-90.19909,Ample,No,0,0,Yes,2,Yes,Yes,1,1,No,No,1,No,Yes,2,No,No,No,Commercial,low,29510109700
8665,38.68695,-90.20052,No,No,0,0,Yes,2,Yes,Yes,1,0,No,No,2,No,Yes,2,No,No,No,Residential,high,29510109600
866,38.579,-90.29363,Ample,No,2,0,Yes,2,Yes,Yes,1,1,No,No,1,No,Yes,2,No,No,No,Residential,medium,29510102200
8673,38.74318,-90.20143,Ample,No,0,0,Yes,2,Yes,Yes,1,0,No,No,1,No,Yes,2,No,No,Yes,Residential,low,29510127000
8674,38.74374,-90.20081,Ample,No,0,0,Yes,2,Yes,Yes,1,0,No,No,1,No,Yes,2,No,No,No,Residential,low,29510127000
8675,38.74446,-90.2,Ample,No,0,0,Yes,2,Yes,Yes,1,0,No,No,2,No,Yes,2,No,No,No,Residential,high,29510127000
8676,38.74611,-90.20085,Ample,No,0,0,Yes,2,No,Yes,1,0,No,No,1,Yes,Yes,2,No,No,No,Residential,high,29510127000
867,38.58053,-90.2936,Ample,No,2,0,Yes,2,Yes,Yes,1,1,No,No,1,No,Yes,2,No,No,No,Commercial,low,29510102200
8681,38.59788,-90.19935,Ample,Yes,0,0,Yes,2,No,Yes,1,1,No,No,1,No,Yes,2,No,No,No,Commercial,high,29510127600
8682,38.59919,-90.19891,Ample,Yes,0,0,No,2,No,Yes,0,0,No,No,1,No,Yes,2,No,No,No,Commercial,medium,29510127600
8683,38.60054,-90.19937,Ample,No,0,0,No,2,No,Yes,0,0,No,No,1,No,Yes,2,No,No,No,Commercial,high,29510127600
8687,38.60602,-90.19907,Some,No,2,0,Yes,2,No,Yes,1,1,No,No,1,No,Yes,2,No,No,No,Commercial,low,29510127600
8688,38.60744,-90.19931,Ample,No,0,0,Yes,2,No,Yes,1,1,No,No,1,No,Yes,2,No,No,No,Commercial,low,29510127600
8689,38.60878,-90.19921,Ample,No,2,0,Yes,2,Yes,Yes,1,1,No,No,1,No,Yes,2,No,No,No,Commercial,medium,29510127600
868,38.58182,-90.29337,Ample,No,2,0,Yes,2,Yes,Yes,1,1,Yes,No,1,No,Yes,2,No,No,Yes,Commercial,medium,29510102200
8690,38.61014,-90.19927,Ample,No,2,0,Yes,2,Yes,Yes,1,1,No,No,1,No,Yes,2,No,No,No,Commercial,medium,29510127600
8691,38.61148,-90.19918,Ample,No,2,0,Yes,2,Yes,Yes,1,1,No,No,1,No,Yes,2,No,No,No,Commercial,INVALID,29510127600
8692,38.61284,-90.19929,Ample,No,2,0,Yes,2,Yes,Yes,1,1,No,No,1,No,Yes,2,No,No,No,Commercial,INVALID,29510127600
8693,38.61422,-90.19928,Ample,No,2,0,Yes,2,Yes,Yes,1,1,No,No,1,No,Yes,2,No,No,Yes,Residential,high,29510127600
8694,38.61557,-90.19927,Ample,No,2,0,Yes,2,Yes,Yes,1,1,No,No,1,No,Yes,2,No,No,No,Residential,medium,29510127400
8695,38.61684,-90.19898,Ample,No,2,0,Yes,2,Yes,Yes,1,1,No,No,1,No,Yes,2,No,No,No,Residential,medium,29510127400
8696,38.61824,-90.19922,Ample,No,2,0,Yes,2,Yes,Yes,1,1,Yes,No,1,No,Yes,2,No,No,No,Residential,high,29510127400
8699,38.62219,-90.19879,Ample,No,2,0,No,2,Yes,Yes,1,1,No,No,1,No,Yes,2,No,No,No,Commercial,medium,29510127400
869,38.5834,-90.29351,Ample,No,2,0,Yes,2,Yes,Yes,1,0,No,No,1,No,Yes,2,No,No,No,Residential,high,29510114102
86,38.5967,-90.31242,Ample,No,2,0,Yes,2,Yes,Yes,1,0,No,No,1,No,Yes,2,No,No,Yes,Residential,medium,29510103800
8700,38.6236,-90.19908,Ample,No,2,0,Yes,2,Yes,Yes,1,1,No,No,1,No,Yes,2,No,No,No,Commercial,low,29510125600
8701,38.62495,-90.19927,Ample,No,2,1,Yes,2,Yes,Yes,1,1,No,Yes,1,No,Yes,2,No,No,No,Commercial,low,29510125500
8702,38.62617,-90.19886,Ample,No,2,0,Yes,2,Yes,Yes,1,1,No,No,1,No,Yes,2,No,No,No,Commercial,high,29510125500
8703,38.62766,-90.19921,Ample,No,2,1,Yes,2,Yes,Yes,1,1,No,No,1,Yes,Yes,2,No,No,No,Commercial,high,29510125500
8704,38.62906,-90.19935,Ample,No,2,0,Yes,2,Yes,Yes,1,1,Yes,No,1,Yes,Yes,2,No,No,No,Commercial,high,29510125500
8705,38.63024,-90.19893,Ample,No,2,0,Yes,2,Yes,Yes,1,1,Yes,No,1,Yes,Yes,2,No,No,No,Commercial,low,29510125500
8706,38.63167,-90.19921,Ample,No,2,0,Yes,2,Yes,Yes,1,1,No,No,1,Yes,Yes,2,No,Yes,Yes,Commercial,medium,29510125500
8707,38.63298,-90.19907,Ample,No,2,1,Yes,2,Yes,Yes,1,1,No,No,1,No,Yes,2,No,No,No,Commercial,high,29510125500
8708,38.63399,-90.19956,Ample,No,2,0,Yes,2,Yes,Yes,1,1,No,No,1,No,Yes,2,No,No,Yes,Commercial,medium,29510125500
8709,38.63612,-90.1991,Ample,No,0,0,Yes,2,Yes,Yes,1,1,Yes,No,1,Yes,Yes,2,No,Yes,Yes,Residential,high,29510125700
870,38.58475,-90.29354,No,No,2,0,Yes,2,Yes,Yes,1,0,No,No,1,No,Yes,2,No,No,No,Residential,high,29510114102
8710,38.63718,-90.19926,Ample,No,2,0,Yes,2,Yes,Yes,1,0,No,No,1,Yes,Yes,2,No,No,No,Residential,medium,29510125700
8711,38.63828,-90.19931,Ample,No,2,0,Yes,2,Yes,Yes,1,1,No,No,1,Yes,Yes,2,No,No,No,Residential,medium,29510125700
8712,38.63977,-90.19921,Ample,No,2,0,Yes,2,Yes,Yes,1,1,No,No,1,No,Yes,2,No,No,Yes,Residential,high,29510125700
8713,38.64122,-90.19915,Ample,No,2,0,Yes,2,Yes,Yes,1,1,No,No,2,No,Yes,2,No,No,No,Residential,low,29510125700
8714,38.6425,-90.19954,Ample,No,2,0,Yes,2,No,Yes,1,1,No,No,1,No,Yes,2,No,No,No,Residential,medium,29510126600
8715,38.64374,-90.19928,Ample,No,2,0,Yes,2,No,Yes,1,1,No,No,1,Yes,Yes,2,No,No,No,Residential,high,29510126600
8716,38.64516,-90.19922,Ample,No,2,0,Yes,2,Yes,Yes,1,0,No,No,1,Yes,Yes,2,No,No,No,Residential,medium,29510126600
8717,38.64656,-90.1993,Ample,Yes,2,0,Yes,2,Yes,Yes,1,1,No,No,1,No,Yes,2,No,No,No,Residential,high,29510126600
8718,38.6481,-90.19931,Ample,No,0,0,Yes,2,Yes,Yes,1,1,No,No,1,No,Yes,2,No,No,No,Residential,high,29510126600
8719,38.64918,-90.19926,Ample,No,2,0,Yes,2,Yes,Yes,1,1,No,No,1,No,Yes,2,No,No,No,Residential,high,29510126600
871,38.58608,-90.29348,Ample,No,2,0,Yes,2,Yes,Yes,1,0,No,No,1,No,Yes,2,No,No,No,Residential,medium,29510114102
8720,38.65053,-90.19933,Ample,No,2,0,Yes,2,Yes,Yes,1,1,No,No,1,No,Yes,2,No,No,No,Commercial,high,29510126600
8721,38.65188,-90.19932,Ample,No,2,0,Yes,2,Yes,Yes,1,1,No,No,1,No,Yes,2,No,No,No,Residential,medium,29510126600
8722,38.65322,-90.19921,Ample,No,2,0,Yes,2,Yes,Yes,1,1,No,No,1,No,Yes,2,No,No,No,Residential,medium,29510126600
8723,38.65483,-90.19911,Ample,No,0,0,Yes,2,No,Yes,0,0,No,No,1,No,Yes,2,No,No,No,Residential,high,29510126600
8724,38.65596,-90.19935,Ample,No,0,0,Yes,2,Yes,Yes,1,1,No,No,1,No,Yes,2,No,No,No,Residential,high,29510126600
8725,38.65708,-90.19914,Ample,No,2,0,Yes,2,Yes,Yes,1,1,No,No,1,No,Yes,2,No,No,No,Residential,high,29510126700
8726,38.65874,-90.19909,Ample,No,2,0,Yes,2,Yes,Yes,1,1,No,Yes,1,Yes,Yes,2,No,No,No,Residential,high,29510126700
8727,38.66021,-90.19937,Ample,No,2,0,Yes,2,No,Yes,1,1,No,No,1,No,Yes,2,No,No,No,Residential,medium,29510126700
8728,38.66132,-90.19918,Ample,No,2,0,Yes,2,Yes,Yes,1,1,Yes,No,1,Yes,Yes,2,No,No,No,Residential,medium,29510126700
8729,38.66259,-90.19914,Ample,No,2,0,Yes,2,Yes,Yes,1,1,No,No,1,Yes,Yes,2,No,No,No,Residential,high,29510126700
872,38.58697,-90.29358,Ample,No,2,0,Yes,2,Yes,Yes,1,0,No,No,1,No,Yes,2,No,No,No,Residential,medium,29510114102
8730,38.66408,-90.19914,Ample,No,0,0,Yes,2,Yes,Yes,1,0,No,No,1,No,Yes,2,No,No,No,Residential,high,29510126700
8731,38.66537,-90.19919,Ample,No,2,0,No,2,Yes,Yes,1,0,No,No,2,No,Yes,2,No,No,No,Commercial,high,29510126700
8732,38.66672,-90.19934,Ample,No,0,0,Yes,2,No,Yes,1,1,No,No,1,Yes,Yes,2,No,No,No,Residential,medium,29510126700
8733,38.66818,-90.19917,Ample,No,0,0,Yes,2,Yes,Yes,1,1,No,No,1,No,Yes,2,No,No,Yes,Commercial,high,29510109700
8734,38.66958,-90.19889,Ample,No,2,0,Yes,2,Yes,Yes,1,1,No,No,1,No,Yes,2,No,No,No,Commercial,medium,29510109700
8737,38.67505,-90.20031,Ample,No,2,1,Yes,2,Yes,Yes,1,1,No,No,1,Yes,Yes,2,No,No,Yes,Commercial,high,29510109700
8739,38.67625,-90.19876,Ample,No,2,0,Yes,2,Yes,Yes,1,1,Yes,No,1,No,Yes,2,No,No,No,Commercial,INVALID,29510109700
873,38.5888,-90.29357,Ample,No,2,0,Yes,2,Yes,Yes,1,1,No,No,1,No,Yes,2,No,No,Yes,Residential,medium,29510114102
8740,38.67731,-90.19954,Ample,No,2,0,No,2,Yes,Yes,1,0,No,No,2,No,Yes,2,No,No,No,Commercial,INVALID,29510109700
8741,38.67813,-90.20027,Ample,No,2,0,No,2,Yes,Yes,1,0,No,No,1,No,Yes,2,No,No,No,Commercial,INVALID,29510109700
8746,38.68574,-90.19911,No,No,0,0,Yes,2,Yes,Yes,1,0,No,No,2,No,Yes,2,No,No,No,Residential,low,29510109600
874,38.58988,-90.29374,Ample,No,2,0,Yes,2,Yes,Yes,1,0,No,No,2,No,Yes,2,No,No,Yes,Residential,medium,29510114102
8756,38.74501,-90.19938,Ample,No,0,0,No,2,Yes,Yes,1,0,No,No,1,No,Yes,2,No,No,No,Residential,high,29510127000
8757,38.74576,-90.19854,Ample,No,0,0,Yes,2,Yes,Yes,1,0,No,No,1,No,Yes,2,No,No,Yes,Residential,high,29510127000
875,38.5911,-90.29363,Some,No,2,0,Yes,2,Yes,Yes,1,1,Yes,No,1,No,Yes,2,No,No,No,Residential,low,29510114102
8761,38.59809,-90.19813,Ample,Yes,0,0,Yes,2,Yes,Yes,1,1,No,No,1,No,Yes,2,No,No,No,Commercial,high,29510127600
8763,38.60069,-90.19783,Ample,Yes,0,0,No,2,No,Yes,0,0,No,No,2,No,Yes,2,No,No,No,Commercial,high,29510127600
8764,38.60177,-90.19702,Ample,No,0,0,No,2,No,Yes,0,0,No,No,2,No,Yes,2,No,No,No,Commercial,high,29510127600
8765,38.60269,-90.19874,Ample,No,0,0,Yes,2,No,Yes,1,1,No,No,1,No,Yes,2,No,No,No,Commercial,INVALID,29510127600
8767,38.60676,-90.19837,Ample,No,2,0,Yes,2,No,Yes,1,1,No,No,1,No,Yes,2,No,No,No,Commercial,low,29510127600
8768,38.60741,-90.19776,Ample,No,2,0,Yes,2,No,Yes,1,1,No,No,1,No,Yes,2,No,No,No,Commercial,low,29510127600
8769,38.60888,-90.19797,Ample,No,2,0,Yes,2,Yes,Yes,1,1,No,No,1,No,Yes,2,No,No,No,Commercial,medium,29510127600
876,38.59267,-90.29353,Ample,No,2,0,Yes,2,Yes,Yes,1,1,No,No,1,No,Yes,2,No,No,No,Commercial,low,29510114102
8770,38.61009,-90.1981,Ample,No,2,0,No,2,No,Yes,0,0,No,No,1,No,No,2,No,Yes,No,Commercial,high,29510127600
8771,38.61175,-90.19821,Ample,No,0,0,Yes,2,Yes,Yes,1,1,No,No,1,No,Yes,2,No,No,No,Residential,INVALID,29510127600
8772,38.61292,-90.19787,Ample,No,2,0,Yes,2,Yes,Yes,1,1,Yes,Yes,1,No,Yes,2,No,No,No,Commercial,low,29510127600
8773,38.61405,-90.19786,Ample,No,0,0,No,2,Yes,Yes,0,0,No,No,1,No,Yes,2,No,No,No,Commercial,high,29510127600
8774,38.61546,-90.19766,Ample,No,2,0,Yes,2,Yes,Yes,1,1,No,No,1,No,Yes,2,No,No,No,Commercial,high,29510127400
8775,38.61687,-90.19795,Ample,No,0,0,Yes,2,Yes,Yes,0,0,No,No,1,No,Yes,2,No,No,No,Commercial,high,29510127400
8776,38.61798,-90.19801,Ample,No,2,0,Yes,2,Yes,Yes,1,1,Yes,Yes,1,No,Yes,2,No,No,Yes,Commercial,high,29510127400
8778,38.62128,-90.19772,Ample,No,2,0,Yes,2,Yes,Yes,1,1,No,No,2,No,Yes,2,No,No,Yes,Commercial,high,29510127400
8779,38.62213,-90.19792,Ample,No,2,0,No,2,Yes,Yes,1,1,No,No,1,No,Yes,2,No,No,No,Commercial,high,29510127400
877,38.59411,-90.29361,Ample,No,2,0,No,2,Yes,Yes,1,1,No,No,1,No,Yes,2,No,No,Yes,Commercial,low,29510114102
8780,38.62366,-90.1979,No,No,2,0,No,2,No,Yes,0,0,No,No,1,No,No,2,No,Yes,No,Commercial,high,29510125600
8781,38.62493,-90.19789,Ample,No,2,0,Yes,2,Yes,Yes,1,1,No,No,1,No,Yes,2,No,No,No,Commercial,low,29510125600
8782,38.62642,-90.19785,Ample,No,2,0,Yes,2,Yes,Yes,1,1,No,No,1,No,Yes,2,No,No,Yes,Commercial,medium,29510125600
8783,38.62773,-90.19804,Ample,No,2,0,Yes,2,Yes,Yes,1,1,No,No,1,Yes,Yes,2,No,No,No,Commercial,high,29510125600
8784,38.629,-90.19794,Ample,No,2,0,Yes,2,Yes,Yes,1,1,Yes,Yes,1,Yes,Yes,2,No,Yes,No,Commercial,high,29510125500
8785,38.63061,-90.19776,Ample,Yes,2,0,Yes,2,Yes,Yes,1,1,No,No,1,No,Yes,2,No,No,Yes,Commercial,low,29510125500
8786,38.63142,-90.198,Ample,Yes,2,0,Yes,2,No,Yes,1,1,No,No,1,No,Yes,2,No,No,Yes,Commercial,low,29510125500
8787,38.63294,-90.19777,Ample,No,2,0,No,2,No,Yes,0,0,No,No,1,No,No,2,No,No,No,Residential,high,29510125500
8788,38.63448,-90.19812,Ample,No,2,0,Yes,2,Yes,Yes,1,1,Yes,Yes,1,Yes,Yes,2,No,Yes,No,Commercial,high,29510125500
8789,38.63585,-90.19783,Ample,No,2,0,Yes,2,Yes,Yes,1,1,No,No,2,Yes,Yes,2,No,No,Yes,Commercial,INVALID,29510125700
878,38.59531,-90.29341,Ample,No,2,0,Yes,2,Yes,Yes,1,1,No,No,1,No,Yes,2,No,No,No,Commercial,high,29510114102
8790,38.6369,-90.19794,Ample,Yes,0,0,Yes,2,Yes,Yes,1,1,No,No,1,Yes,Yes,2,No,No,No,Residential,high,29510125700
8791,38.63829,-90.19739,Ample,No,0,0,Yes,2,No,Yes,1,1,No,No,1,No,Yes,2,No,No,No,Residential,low,29510125700
8792,38.63931,-90.19796,Ample,No,2,0,Yes,2,Yes,Yes,1,1,No,No,2,No,Yes,2,No,No,No,Residential,high,29510125700
8793,38.64099,-90.19795,Ample,No,2,0,Yes,2,Yes,Yes,1,1,No,No,1,No,Yes,2,No,No,No,Residential,medium,29510125700
8794,38.64254,-90.19831,Ample,No,0,0,Yes,2,No,Yes,1,1,No,No,2,No,Yes,2,No,No,No,Residential,low,29510126600
8795,38.64386,-90.19786,Ample,Yes,0,0,Yes,2,Yes,Yes,1,1,No,No,1,No,Yes,2,No,No,No,Residential,low,29510126600
8796,38.6449,-90.1979,Ample,No,0,0,Yes,2,Yes,Yes,1,0,No,No,1,Yes,Yes,2,No,No,No,Residential,low,29510126600
8797,38.64651,-90.19791,Ample,No,2,0,No,2,Yes,Yes,1,0,Yes,No,1,No,Yes,2,No,No,No,Residential,high,29510126600
8798,38.64787,-90.19801,Some,No,2,0,Yes,2,No,Yes,1,1,No,No,1,Yes,Yes,2,No,No,No,Residential,low,29510126600
8799,38.6492,-90.19799,Some,No,2,0,Yes,2,Yes,Yes,1,1,No,No,2,No,Yes,2,No,No,No,Residential,low,29510126600
879,38.59679,-90.29357,Ample,No,2,1,Yes,2,Yes,Yes,1,1,No,No,1,No,Yes,2,No,No,No,Residential,medium,29510114200
87,38.59771,-90.31247,Ample,No,2,0,Yes,2,Yes,Yes,1,0,No,No,1,No,Yes,2,No,No,Yes,Residential,medium,29510103800
8800,38.65056,-90.198,Ample,No,2,0,Yes,2,No,Yes,0,0,No,No,1,No,Yes,2,No,No,No,Residential,INVALID,29510126600
8801,38.65187,-90.19797,Ample,No,2,0,Yes,2,Yes,Yes,1,0,No,No,1,Yes,Yes,2,No,No,No,Residential,medium,29510126600
8802,38.65324,-90.19779,Ample,No,2,0,Yes,2,Yes,Yes,1,1,No,No,1,No,Yes,2,No,No,No,Residential,high,29510126600
8803,38.65458,-90.19792,Some,No,2,0,Yes,2,No,Yes,0,0,No,No,1,No,No,2,No,No,No,Residential,INVALID,29510126600
8804,38.65601,-90.19801,Ample,No,2,0,Yes,2,Yes,Yes,1,1,No,Yes,1,Yes,Yes,2,No,No,No,Residential,high,29510126600
8805,38.65737,-90.19771,Some,No,0,0,Yes,2,No,Yes,1,1,No,No,1,No,Yes,2,No,No,No,Residential,INVALID,29510126700
8806,38.65856,-90.1982,Ample,No,2,0,Yes,2,Yes,Yes,1,1,No,No,1,Yes,Yes,2,No,No,No,Residential,high,29510126700
8807,38.65997,-90.19809,Ample,No,2,0,Yes,2,No,Yes,1,1,No,No,1,No,Yes,2,No,No,No,Residential,high,29510126700
8808,38.66139,-90.19767,Ample,No,2,0,Yes,2,Yes,Yes,1,1,No,No,1,No,Yes,2,No,No,No,Commercial,high,29510126700
8809,38.66273,-90.19785,Ample,No,1,0,No,2,Yes,Yes,1,0,No,No,2,No,Yes,2,No,No,No,Commercial,high,29510126700
880,38.59811,-90.29356,No,No,2,0,Yes,2,Yes,Yes,1,1,No,No,1,No,Yes,2,No,No,No,Residential,high,29510114200
8810,38.66405,-90.19793,Ample,No,2,0,Yes,2,Yes,Yes,1,1,No,No,1,No,Yes,2,No,No,No,Commercial,INVALID,29510126700
8811,38.66522,-90.19831,Ample,No,0,0,Yes,2,No,Yes,1,1,No,No,1,No,Yes,2,No,No,No,Commercial,high,29510126700
8812,38.66676,-90.19782,Ample,No,2,0,Yes,2,Yes,Yes,1,1,No,No,1,No,Yes,2,No,No,No,Commercial,low,29510126700
8813,38.66783,-90.19772,Ample,No,0,0,Yes,2,No,Yes,1,0,No,No,1,No,Yes,2,No,No,No,Commercial,INVALID,29510109700
8814,38.6697,-90.19746,Some,No,0,0,Yes,2,No,Yes,1,1,No,No,1,No,Yes,2,No,No,No,Commercial,high,29510109700
8815,38.67081,-90.19798,Ample,No,0,0,No,2,No,Yes,1,1,No,No,1,No,Yes,2,No,No,No,Commercial,INVALID,29510109700
8816,38.67118,-90.19731,Ample,No,2,0,No,2,No,Yes,1,1,No,No,1,No,Yes,2,No,No,No,Commercial,INVALID,29510109700
8819,38.67626,-90.19804,Ample,No,0,0,Yes,2,Yes,Yes,1,1,No,No,1,No,Yes,2,No,No,No,Commercial,high,29510109700
881,38.59941,-90.29351,Ample,No,2,0,Yes,2,Yes,Yes,1,0,No,No,1,No,Yes,2,No,No,No,Residential,medium,29510114200
8822,38.68025,-90.19794,Ample,No,0,0,Yes,2,Yes,Yes,1,1,No,No,1,No,Yes,2,No,No,No,Commercial,low,29510109700
8825,38.68427,-90.19774,No,No,0,0,Yes,2,Yes,Yes,1,0,No,No,2,No,Yes,2,No,No,No,Residential,low,29510109700
882,38.60075,-90.29354,Some,No,2,0,Yes,2,No,Yes,0,0,No,No,1,No,Yes,2,No,No,No,Residential,INVALID,29510114200
8835,38.74483,-90.1968,Ample,No,0,0,Yes,2,No,Yes,1,1,No,No,1,Yes,Yes,2,No,No,No,Residential,high,29510127000
8836,38.74631,-90.19792,Ample,No,0,0,Yes,2,Yes,Yes,1,0,No,No,1,No,Yes,2,No,No,Yes,Residential,high,29510127000
8837,38.74763,-90.19767,Ample,No,0,0,Yes,2,Yes,Yes,1,0,No,No,1,No,Yes,2,No,No,No,Residential,high,29510127000
883,38.60212,-90.29353,Ample,No,2,0,Yes,2,Yes,Yes,1,0,No,No,1,No,Yes,2,No,No,No,Residential,high,29510103700
8841,38.59989,-90.19682,Ample,Yes,0,0,No,2,No,Yes,1,0,No,No,1,No,Yes,2,No,No,No,Commercial,INVALID,29510127600
8842,38.60058,-90.19629,Ample,Yes,0,0,No,2,No,Yes,1,1,No,No,1,No,Yes,2,No,No,No,Commercial,INVALID,29510127600
8843,38.60216,-90.19673,Ample,No,0,0,No,2,No,Yes,0,0,No,No,1,No,Yes,2,No,No,No,Commercial,high,29510127600
8844,38.60331,-90.1962,Ample,Yes,0,0,No,2,No,Yes,0,0,No,No,2,No,Yes,2,No,No,No,Commercial,high,29510127600
8846,38.60601,-90.19629,Ample,No,0,0,Yes,2,Yes,Yes,1,1,No,No,1,No,Yes,2,No,No,No,Commercial,INVALID,29510127600
8847,38.6073,-90.19662,Ample,No,0,0,No,2,Yes,Yes,1,1,No,No,1,No,Yes,2,No,No,No,Commercial,low,29510127600
8848,38.60879,-90.19649,Ample,No,2,0,Yes,2,No,Yes,1,1,No,No,2,No,Yes,2,No,No,No,Commercial,high,29510127600
8849,38.61022,-90.19674,Ample,No,2,0,Yes,2,Yes,Yes,1,1,No,No,1,No,Yes,2,No,No,No,Commercial,high,29510127600
8850,38.61175,-90.19693,Ample,No,2,0,Yes,2,Yes,Yes,1,1,No,No,1,No,Yes,2,No,No,No,Commercial,medium,29510127600
8851,38.61274,-90.19649,Ample,No,2,0,Yes,2,Yes,Yes,1,0,No,No,1,No,Yes,2,No,No,No,Commercial,low,29510127400
8852,38.61423,-90.1965,Ample,No,2,0,No,2,Yes,Yes,1,1,No,No,1,Yes,Yes,2,No,No,No,Commercial,low,29510127400
8853,38.61556,-90.19649,Ample,No,2,0,Yes,2,Yes,Yes,1,1,Yes,No,1,No,Yes,2,No,No,No,Commercial,high,29510127400
8854,38.61661,-90.19666,Ample,No,2,0,Yes,2,Yes,Yes,1,1,No,No,1,No,Yes,2,No,No,No,Commercial,high,29510127400
8857,38.62097,-90.1965,Ample,No,2,1,Yes,2,Yes,Yes,1,1,No,No,1,No,Yes,2,No,No,No,Commercial,high,29510127400
8858,38.62225,-90.19652,Ample,No,2,0,No,2,Yes,Yes,1,1,No,No,1,No,Yes,2,No,No,No,Commercial,INVALID,29510125600
8859,38.6236,-90.19656,Ample,Yes,2,0,Yes,2,Yes,Yes,1,1,No,No,1,No,Yes,2,No,No,No,Commercial,low,29510125600
885,38.60477,-90.2935,Ample,No,2,0,Yes,2,Yes,Yes,1,1,No,No,1,No,Yes,2,No,No,Yes,Residential,high,29510103700
8860,38.62493,-90.19631,Ample,No,2,0,Yes,2,No,Yes,1,1,No,No,1,Yes,Yes,2,No,No,Yes,Commercial,high,29510125600
8861,38.62612,-90.19667,Ample,No,2,0,Yes,2,Yes,Yes,1,1,No,Yes,1,No,Yes,2,No,No,Yes,Commercial,low,29510125600
8862,38.62779,-90.19647,Ample,No,2,0,Yes,2,Yes,Yes,1,1,Yes,Yes,2,Yes,Yes,2,No,No,No,Commercial,medium,29510125600
8863,38.62872,-90.19662,Ample,No,2,0,Yes,2,Yes,Yes,1,1,No,No,1,No,Yes,2,No,Yes,No,Commercial,medium,29510125600
8864,38.63036,-90.19656,Ample,Yes,2,0,Yes,2,Yes,Yes,1,1,No,No,1,No,Yes,2,No,No,No,Commercial,low,29510125600
8865,38.63173,-90.19657,Ample,Yes,2,0,Yes,2,Yes,Yes,1,1,No,No,1,No,Yes,2,No,No,Yes,Commercial,high,29510125600
8866,38.63297,-90.19645,Ample,No,2,0,Yes,2,Yes,Yes,1,1,No,No,1,No,Yes,2,No,No,No,Commercial,low,29510125500
8867,38.63443,-90.19649,Ample,No,2,0,Yes,2,Yes,Yes,1,1,Yes,Yes,1,No,Yes,2,No,No,Yes,Commercial,INVALID,29510125500
8868,38.6356,-90.19664,Ample,No,2,0,Yes,2,Yes,Yes,1,1,No,No,1,No,Yes,2,No,No,Yes,Commercial,INVALID,29510125700
8869,38.63714,-90.19721,Ample,No,2,0,Yes,2,Yes,Yes,1,1,No,No,1,Yes,Yes,2,No,No,No,Commercial,high,29510125700
886,38.60606,-90.29361,Ample,No,2,0,Yes,2,No,Yes,1,1,No,No,1,No,Yes,2,No,No,No,Residential,low,29510103700
8870,38.63839,-90.19701,Ample,No,0,0,Yes,2,Yes,Yes,1,1,No,No,1,No,Yes,2,No,No,No,Residential,high,29510125700
8871,38.63983,-90.19681,Ample,No,0,0,Yes,2,Yes,Yes,1,0,No,No,1,No,Yes,2,No,No,No,Residential,low,29510125700
8872,38.64113,-90.19636,Ample,No,2,0,Yes,2,Yes,Yes,1,1,No,No,1,No,Yes,2,No,No,Yes,Residential,low,29510125700
8873,38.64276,-90.19705,Ample,No,0,0,Yes,2,Yes,Yes,1,1,No,No,1,No,Yes,2,No,No,No,Commercial,low,29510126600
8874,38.64382,-90.19646,Ample,No,2,0,No,2,Yes,Yes,1,1,No,No,1,Yes,Yes,2,No,No,No,Residential,high,29510126600
8875,38.64528,-90.19656,Ample,Yes,0,0,Yes,2,No,Yes,1,1,No,No,1,No,Yes,2,No,No,No,Residential,low,29510126600
8876,38.64654,-90.19665,Some,No,0,0,Yes,2,No,Yes,1,1,No,No,1,Yes,Yes,2,No,No,No,Residential,low,29510126600
8877,38.64796,-90.19655,Ample,No,2,0,Yes,2,Yes,Yes,1,1,No,No,1,No,Yes,2,No,No,No,Residential,INVALID,29510126600
8878,38.64921,-90.19664,Ample,No,2,0,Yes,2,No,Yes,1,1,No,No,1,No,Yes,2,No,No,No,Residential,low,29510126600
8879,38.65072,-90.19658,Ample,No,2,0,Yes,2,Yes,Yes,1,1,No,No,1,No,Yes,2,No,No,Yes,Residential,high,29510126600
887,38.60744,-90.2936,Ample,No,2,0,Yes,2,Yes,Yes,1,1,No,No,1,No,Yes,2,No,No,No,Commercial,medium,29510103700
8880,38.65189,-90.19664,Ample,No,0,0,Yes,2,Yes,Yes,1,1,No,No,1,No,Yes,2,No,No,No,Residential,high,29510126600
8881,38.65319,-90.19652,Ample,No,0,0,Yes,2,No,Yes,0,0,No,No,1,No,Yes,2,No,No,No,Residential,INVALID,29510126600
8882,38.65479,-90.19648,Ample,No,2,0,Yes,2,Yes,Yes,1,1,Yes,No,1,Yes,Yes,2,No,No,No,Commercial,medium,29510126600
8883,38.65584,-90.1966,Ample,No,0,0,Yes,2,Yes,Yes,1,1,No,No,1,No,Yes,2,No,No,No,Residential,low,29510126700
8884,38.65729,-90.19649,Ample,No,0,0,Yes,2,Yes,Yes,1,1,No,No,1,Yes,Yes,2,No,No,Yes,Residential,high,29510126700
8885,38.65862,-90.19641,Ample,No,0,0,No,2,Yes,Yes,1,0,No,No,1,No,Yes,2,No,No,No,Commercial,low,29510126700
8886,38.66,-90.19648,Ample,No,2,0,No,2,Yes,Yes,1,1,No,No,1,No,Yes,2,No,No,No,Commercial,medium,29510126700
8887,38.66138,-90.19639,Ample,No,2,0,Yes,2,No,Yes,1,1,No,No,1,No,Yes,2,No,No,No,Commercial,low,29510126700
8888,38.66278,-90.19673,Ample,No,0,0,Yes,2,Yes,Yes,1,1,Yes,No,2,Yes,Yes,2,No,No,Yes,Residential,high,29510126700
8889,38.66413,-90.19634,Ample,No,2,0,Yes,2,Yes,Yes,1,1,No,No,1,No,Yes,2,No,No,No,Commercial,INVALID,29510126700
888,38.60877,-90.29361,No,No,2,0,Yes,2,No,Yes,0,0,No,No,1,No,Yes,2,No,No,No,Residential,INVALID,29510103700
8890,38.66531,-90.19693,Ample,No,2,0,No,2,Yes,Yes,1,1,No,No,1,No,Yes,2,No,No,No,Commercial,low,29510126700
8891,38.66646,-90.19755,Ample,No,2,0,Yes,2,Yes,Yes,1,1,No,No,1,No,Yes,2,No,No,No,Commercial,INVALID,29510126700
8892,38.66834,-90.19676,Ample,No,0,0,Yes,2,Yes,Yes,1,1,No,No,1,No,Yes,2,No,No,No,Residential,low,29510109700
8893,38.66919,-90.19699,Some,No,0,0,Yes,2,Yes,Yes,1,1,No,No,2,No,Yes,2,No,No,No,Commercial,high,29510109700
8894,38.67021,-90.19792,Some,No,0,0,No,2,No,Yes,1,1,No,No,1,No,Yes,2,No,No,No,Commercial,medium,29510109700
889,38.61022,-90.29361,Ample,No,2,0,Yes,2,Yes,Yes,1,1,No,No,1,No,Yes,2,No,No,No,Residential,high,29510103700
88,38.59923,-90.31246,No,No,2,0,Yes,2,No,Yes,1,1,No,No,1,No,Yes,2,No,No,No,Residential,high,29510103800
8901,38.68066,-90.19716,Ample,No,0,0,Yes,2,Yes,Yes,1,1,No,No,2,No,Yes,2,No,No,No,Commercial,low,29510109700
8903,38.68297,-90.19647,No,No,0,0,Yes,2,Yes,Yes,1,0,No,No,2,No,Yes,2,No,No,No,Commercial,high,29510109700
890,38.61187,-90.2935,Ample,No,2,0,Yes,2,Yes,Yes,1,1,No,No,1,No,Yes,2,No,No,No,Residential,high,29510103700
8912,38.74469,-90.19653,Ample,No,0,0,Yes,2,No,Yes,1,0,Yes,No,1,Yes,Yes,2,No,No,Yes,Residential,high,29510127000
8913,38.74616,-90.19642,Ample,No,0,0,Yes,2,Yes,Yes,1,0,No,No,1,Yes,Yes,2,No,No,Yes,Residential,high,29510127000
8914,38.74756,-90.19651,Ample,No,0,0,Yes,2,Yes,Yes,0,0,No,No,1,No,Yes,2,No,No,Yes,Residential,high,29510127000
8919,38.60074,-90.19617,Ample,Yes,0,0,No,2,No,Yes,0,0,No,No,1,No,Yes,2,No,No,No,Commercial,INVALID,29510127600
891,38.61279,-90.29359,Ample,No,2,0,Yes,2,Yes,Yes,1,0,No,No,1,No,Yes,2,No,No,No,Residential,high,29510103600
8920,38.60205,-90.19519,Ample,Yes,0,0,No,2,No,Yes,0,0,No,No,2,No,Yes,2,No,No,No,Commercial,high,29510127600
8922,38.60486,-90.19562,Ample,Yes,0,0,No,2,No,Yes,0,0,No,No,2,No,Yes,2,No,No,No,Commercial,INVALID,29510127600
8923,38.60605,-90.19509,Ample,No,0,0,No,2,No,Yes,0,0,No,No,1,No,Yes,2,No,No,No,Commercial,INVALID,29510127600
8924,38.6077,-90.19499,Ample,No,0,0,No,2,No,Yes,1,1,No,No,1,No,Yes,2,No,No,No,Commercial,high,29510127600
8925,38.60893,-90.1951,Ample,No,0,0,No,2,Yes,Yes,1,0,No,No,1,No,Yes,2,No,No,No,Commercial,INVALID,29510127600
8926,38.6102,-90.19521,Ample,No,2,0,Yes,2,Yes,Yes,1,1,No,No,1,No,Yes,2,No,No,No,Commercial,high,29510127600
8927,38.61144,-90.19523,Ample,No,2,0,Yes,2,No,Yes,1,1,No,No,1,No,Yes,2,No,No,No,Commercial,low,29510127600
8928,38.61271,-90.19471,Ample,No,2,0,Yes,2,Yes,Yes,1,1,No,No,1,No,Yes,2,No,No,No,Commercial,high,29510127600
8929,38.61413,-90.19496,Ample,No,0,0,Yes,2,Yes,Yes,1,1,No,No,1,No,Yes,2,No,No,No,Commercial,INVALID,29510127400
892,38.61415,-90.29327,Ample,No,0,0,Yes,2,Yes,Yes,1,1,No,No,1,Yes,Yes,2,No,No,Yes,Residential,high,29510103600
8930,38.61555,-90.19528,Ample,No,2,0,Yes,2,Yes,Yes,1,1,No,No,2,No,Yes,2,No,No,No,Residential,medium,29510127400
8931,38.61675,-90.19523,Ample,No,2,0,Yes,2,Yes,Yes,1,1,No,No,1,No,Yes,2,No,No,No,Residential,medium,29510127400
8932,38.6183,-90.19538,Ample,No,0,0,Yes,2,Yes,Yes,1,1,No,No,1,No,Yes,2,No,No,No,Commercial,low,29510127400
8933,38.61954,-90.19489,Ample,Yes,0,0,Yes,2,No,Yes,1,1,No,Yes,1,No,Yes,2,No,No,No,Commercial,INVALID,29510127400
8934,38.62094,-90.19494,Ample,No,2,0,Yes,2,Yes,Yes,1,1,No,No,1,No,Yes,2,No,No,No,Commercial,low,29510127400
8935,38.62212,-90.19524,Ample,No,2,0,No,2,Yes,Yes,1,1,Yes,No,1,No,Yes,2,No,No,No,Commercial,high,29510125600
8936,38.62371,-90.1952,Ample,No,2,0,Yes,2,Yes,Yes,1,1,No,No,2,No,Yes,2,No,No,Yes,Residential,high,29510125600
8937,38.62494,-90.19505,Ample,No,2,0,Yes,2,Yes,Yes,1,1,No,No,1,Yes,Yes,2,No,No,No,Commercial,high,29510125600
8938,38.62666,-90.19504,Ample,No,2,0,Yes,2,Yes,Yes,1,1,No,No,1,Yes,Yes,2,No,No,No,Commercial,medium,29510125600
8939,38.62764,-90.19523,Ample,No,2,0,Yes,2,Yes,Yes,1,1,Yes,Yes,1,Yes,Yes,2,No,No,No,Commercial,medium,29510125600
893,38.61545,-90.29357,Ample,No,2,0,Yes,2,Yes,Yes,1,1,No,No,1,No,Yes,2,No,No,No,Residential,low,29510103600
8940,38.62901,-90.19504,Ample,No,2,0,No,2,No,Yes,0,0,No,No,1,No,No,2,No,Yes,No,Commercial,low,29510125600
8941,38.6304,-90.19529,Ample,No,2,0,Yes,2,Yes,Yes,1,1,Yes,No,1,No,Yes,2,No,Yes,Yes,Commercial,INVALID,29510125600
8942,38.63147,-90.19532,Ample,No,2,0,Yes,2,Yes,Yes,1,0,No,No,1,No,Yes,2,No,No,No,Commercial,medium,29510125600
8943,38.63302,-90.19526,Ample,No,2,0,Yes,2,Yes,Yes,1,1,No,No,1,No,Yes,2,No,No,No,Commercial,INVALID,29510125600
8944,38.63416,-90.19529,Ample,No,2,0,Yes,2,Yes,Yes,1,1,Yes,No,1,Yes,Yes,2,No,No,No,Commercial,high,29510125600
8945,38.63573,-90.1952,Ample,No,2,0,Yes,2,Yes,Yes,1,1,No,No,1,No,Yes,2,No,No,No,Commercial,high,29510125600
8946,38.63718,-90.19518,Ample,No,2,0,Yes,2,Yes,Yes,1,1,Yes,No,1,No,Yes,2,No,No,Yes,Commercial,INVALID,29510125700
8947,38.63841,-90.19493,Ample,No,0,0,Yes,2,Yes,Yes,1,1,No,No,1,No,Yes,2,No,No,No,Commercial,low,29510125700
8948,38.63959,-90.19458,Ample,No,2,0,Yes,2,Yes,Yes,1,1,No,No,1,No,Yes,2,No,No,Yes,Commercial,INVALID,29510125700
8949,38.64117,-90.1952,Ample,Yes,2,0,Yes,2,No,Yes,1,1,No,No,1,No,Yes,2,No,No,No,Commercial,high,29510125700
894,38.6169,-90.29365,Ample,No,2,0,Yes,2,Yes,Yes,1,0,No,No,2,No,Yes,2,No,No,No,Residential,medium,29510103600
8950,38.64245,-90.19476,Ample,No,0,0,Yes,2,Yes,Yes,1,1,No,No,1,Yes,Yes,2,No,No,No,Residential,low,29510126600
8951,38.64389,-90.19511,Ample,No,2,0,Yes,2,Yes,Yes,1,1,No,No,1,No,Yes,2,No,No,No,Commercial,high,29510126600
8952,38.64488,-90.195,Ample,No,2,0,Yes,2,Yes,Yes,1,1,No,No,1,No,Yes,2,No,No,No,Residential,high,29510126600
8953,38.64656,-90.19527,Ample,No,2,0,Yes,2,No,Yes,1,1,No,No,1,Yes,Yes,2,No,No,No,Residential,high,29510126600
8954,38.64793,-90.19519,No,No,0,0,Yes,2,No,Yes,0,0,No,No,2,No,Yes,2,No,No,No,Residential,low,29510126600
8955,38.64922,-90.1953,Ample,No,2,0,Yes,2,Yes,Yes,1,1,No,No,1,Yes,Yes,2,No,No,Yes,Residential,high,29510126600
8956,38.65029,-90.19507,Ample,No,2,0,Yes,2,Yes,Yes,1,1,No,No,1,Yes,Yes,2,No,No,No,Residential,high,29510126600
8957,38.65192,-90.19527,Ample,No,2,0,Yes,2,No,Yes,1,1,No,Yes,1,No,Yes,2,No,No,No,Residential,low,29510126600
8958,38.65329,-90.19551,Ample,No,2,0,Yes,2,Yes,Yes,1,1,No,No,1,No,Yes,2,No,No,Yes,Residential,medium,29510126600
8959,38.65464,-90.19511,Ample,No,2,0,No,2,Yes,Yes,1,1,No,No,1,No,Yes,2,No,No,No,Commercial,INVALID,29510126600
895,38.61827,-90.29357,Ample,No,2,0,Yes,2,Yes,Yes,1,1,No,No,1,No,Yes,2,No,No,No,Residential,high,29510103600
8960,38.65594,-90.19527,Ample,Yes,0,0,No,2,Yes,Yes,1,1,No,No,1,No,Yes,2,No,No,No,Commercial,low,29510126700
8961,38.65756,-90.19447,Ample,No,2,0,Yes,2,Yes,Yes,1,1,No,No,1,No,Yes,2,No,No,No,Commercial,INVALID,29510126700
8962,38.65868,-90.19503,Ample,No,2,0,Yes,2,Yes,Yes,1,1,No,No,1,No,Yes,2,No,No,No,Residential,medium,29510126700
8963,38.66033,-90.19535,Ample,No,2,0,Yes,2,No,Yes,1,0,No,No,2,No,Yes,2,No,No,No,Commercial,low,29510126700
8964,38.66153,-90.19535,Ample,No,0,0,Yes,2,Yes,Yes,1,1,No,No,1,No,Yes,2,No,No,No,Commercial,INVALID,29510126700
8965,38.66256,-90.19548,Ample,No,2,0,Yes,2,Yes,Yes,1,1,No,No,1,No,Yes,2,No,No,No,Commercial,high,29510126700
8966,38.66388,-90.19621,Ample,No,2,0,Yes,2,Yes,Yes,1,1,No,No,1,No,Yes,2,No,No,No,Commercial,INVALID,29510126700
8967,38.66504,-90.19497,Ample,No,0,0,Yes,2,Yes,Yes,1,1,No,No,1,No,Yes,2,No,No,No,Commercial,INVALID,29510126700
8969,38.668,-90.19591,Ample,Yes,2,0,Yes,2,No,Yes,1,1,No,No,1,No,Yes,2,No,Yes,No,Residential,high,29510126700
896,38.61987,-90.29381,Ample,No,2,0,Yes,2,Yes,Yes,1,1,No,No,1,No,Yes,2,No,No,No,Commercial,low,29510126800
8970,38.66926,-90.19499,Ample,No,0,0,No,2,No,Yes,1,0,Yes,No,1,No,Yes,2,No,No,No,Residential,INVALID,29510109700
8972,38.67204,-90.19508,Some,No,0,0,No,2,No,Yes,0,0,No,No,1,No,Yes,2,No,No,No,Residential,medium,29510109700
8978,38.68008,-90.19543,Ample,No,0,0,Yes,2,Yes,Yes,1,1,No,No,1,No,Yes,2,No,No,No,Commercial,high,29510109700
8979,38.68161,-90.19511,Some,No,0,0,Yes,2,Yes,Yes,1,0,No,No,2,No,Yes,2,No,No,No,Commercial,high,29510109700
8987,38.7452,-90.19547,Ample,No,0,0,Yes,2,No,Yes,1,1,No,No,1,Yes,Yes,2,No,No,No,Residential,high,29510127000
8988,38.74603,-90.19534,Ample,No,2,0,No,2,Yes,Yes,1,1,No,No,1,Yes,Yes,2,No,No,No,Residential,high,29510127000
898,38.62222,-90.29346,Ample,No,2,0,Yes,2,Yes,Yes,0,0,No,No,1,No,Yes,2,No,No,No,Residential,medium,29510104500
8990,38.74892,-90.19516,Ample,No,0,0,Yes,2,Yes,Yes,1,0,No,No,1,No,Yes,2,No,No,Yes,Residential,high,29510127000
8991,38.75034,-90.1953,Ample,No,0,0,Yes,2,Yes,Yes,1,0,No,No,1,Yes,Yes,2,No,No,No,Residential,medium,29510127000
8992,38.75127,-90.19536,Some,No,2,0,Yes,2,No,Yes,1,1,No,No,1,No,Yes,2,No,No,No,Residential,high,29510127000
8997,38.60354,-90.19412,Ample,Yes,0,0,No,2,No,Yes,0,0,No,No,1,No,Yes,2,No,No,No,Commercial,medium,29510127600
8998,38.60456,-90.19333,Ample,Yes,0,0,No,2,No,Yes,0,0,No,No,1,No,No,2,No,No,No,Commercial,INVALID,29510127600
899,38.62361,-90.29356,Ample,No,2,0,Yes,2,Yes,Yes,1,1,No,No,1,No,Yes,2,No,No,No,Residential,high,29510104500
89,38.60084,-90.31238,Ample,No,0,0,Yes,2,Yes,Yes,1,1,No,No,1,No,Yes,2,No,No,No,Residential,high,29510103800
8,38.59291,-90.31738,Ample,No,0,0,Yes,2,Yes,Yes,1,1,No,No,1,No,Yes,2,No,No,No,Residential,high,29510103800
9000,38.60748,-90.19435,Ample,No,0,0,No,2,No,Yes,1,1,No,No,1,No,Yes,2,No,No,No,Commercial,INVALID,29510127600
9002,38.6105,-90.19355,Some,No,2,0,Yes,2,No,Yes,1,1,No,No,1,No,Yes,2,No,No,No,Commercial,INVALID,29510127600
9003,38.61158,-90.19395,Ample,No,2,0,No,2,No,Yes,1,0,No,No,1,No,Yes,2,No,No,No,Commercial,low,29510127600
9004,38.61265,-90.19335,Ample,No,0,0,Yes,2,No,Yes,1,1,No,No,1,No,Yes,2,No,No,No,Commercial,INVALID,29510127600
9005,38.61412,-90.19368,Ample,No,2,0,Yes,2,Yes,Yes,1,1,No,No,1,No,Yes,2,No,No,No,Commercial,INVALID,29510127400
9006,38.61551,-90.19381,Ample,No,2,0,Yes,2,Yes,Yes,1,1,No,No,1,Yes,Yes,2,No,No,No,Commercial,low,29510127400
9007,38.6168,-90.19394,Ample,No,2,1,Yes,2,Yes,Yes,1,1,Yes,No,1,No,Yes,2,No,Yes,No,Commercial,high,29510127400
9008,38.61829,-90.19416,Ample,Yes,0,0,Yes,2,Yes,Yes,1,1,No,No,2,No,Yes,2,No,No,No,Residential,low,29510127400
9009,38.61957,-90.1937,Ample,No,2,0,Yes,2,Yes,Yes,1,1,No,No,2,No,Yes,2,No,No,No,Commercial,INVALID,29510127400
900,38.62496,-90.29349,Ample,No,2,0,Yes,2,Yes,Yes,1,1,No,No,1,No,Yes,2,No,Yes,No,Residential,high,29510104500
9010,38.6207,-90.19376,Ample,No,2,0,Yes,2,Yes,Yes,1,1,No,No,1,No,Yes,2,No,No,No,Commercial,INVALID,29510127400
9011,38.62225,-90.19389,Ample,No,2,0,No,2,Yes,Yes,0,0,No,No,1,No,Yes,2,No,Yes,No,Commercial,high,29510125600
9012,38.62363,-90.194,Ample,No,2,0,Yes,2,Yes,Yes,1,1,No,Yes,1,No,Yes,2,No,No,No,Commercial,high,29510125600
9013,38.62497,-90.19384,Ample,No,2,1,Yes,2,Yes,Yes,1,1,No,No,1,No,Yes,2,No,No,No,Commercial,high,29510125600
9014,38.62635,-90.19385,Ample,No,2,0,Yes,2,Yes,Yes,1,1,No,No,1,Yes,Yes,2,No,No,No,Commercial,medium,29510125600
9015,38.62764,-90.19399,Ample,No,2,0,Yes,2,Yes,Yes,1,1,No,Yes,1,No,Yes,2,No,No,No,Commercial,high,29510125600
9016,38.62896,-90.19393,Ample,No,2,0,Yes,2,Yes,Yes,1,1,No,No,1,No,Yes,2,No,No,No,Commercial,low,29510125600
9017,38.63038,-90.19411,Ample,No,2,0,Yes,2,Yes,Yes,1,1,No,No,1,No,Yes,2,No,No,No,Commercial,low,29510125600
9018,38.63167,-90.19363,Ample,No,2,0,Yes,2,Yes,Yes,1,1,No,No,1,No,Yes,2,No,No,No,Commercial,high,29510125600
9019,38.63274,-90.19391,Ample,No,2,0,No,2,Yes,Yes,1,1,No,No,1,No,Yes,2,No,No,No,Commercial,high,29510125600
901,38.62609,-90.29355,Ample,No,2,0,Yes,2,Yes,Yes,1,1,No,No,1,Yes,Yes,2,No,No,No,Residential,high,29510104200
9020,38.63437,-90.1939,Ample,No,2,0,Yes,2,Yes,Yes,1,1,No,No,1,Yes,Yes,2,No,No,No,Commercial,high,29510125600
9021,38.63603,-90.19373,Ample,No,2,0,Yes,2,Yes,Yes,1,1,No,No,1,No,Yes,2,No,No,No,Residential,medium,29510125700
9022,38.63713,-90.19378,Ample,No,2,0,Yes,2,Yes,Yes,1,1,No,No,1,No,Yes,2,No,No,No,Residential,medium,29510125700
9023,38.63845,-90.19384,Ample,No,2,0,Yes,2,Yes,Yes,1,1,Yes,No,1,Yes,Yes,2,No,No,No,Residential,medium,29510125700
9024,38.63985,-90.19449,Ample,No,2,0,Yes,2,Yes,Yes,1,1,No,No,1,No,Yes,2,No,No,No,Commercial,INVALID,29510125700
9025,38.64109,-90.19381,Ample,Yes,0,0,Yes,2,Yes,Yes,1,1,Yes,Yes,1,Yes,Yes,2,No,No,No,Commercial,low,29510125700
9026,38.6426,-90.19385,Ample,No,0,0,Yes,2,No,Yes,1,1,No,No,1,No,Yes,2,No,No,No,Commercial,low,29510126600
9027,38.64363,-90.19392,Ample,No,2,0,Yes,2,Yes,Yes,1,0,No,No,1,No,Yes,2,No,No,No,Residential,medium,29510126600
9028,38.64498,-90.19456,Ample,No,2,0,Yes,2,Yes,Yes,1,1,No,No,1,No,Yes,2,No,No,No,Residential,high,29510126600
9029,38.64648,-90.19391,Ample,No,2,0,Yes,2,No,Yes,1,1,No,No,1,No,Yes,2,No,No,No,Residential,medium,29510126600
902,38.62791,-90.29356,Some,No,2,0,Yes,2,Yes,Yes,1,1,No,No,1,No,Yes,2,No,No,No,Residential,medium,29510104200
9030,38.64788,-90.19389,Ample,No,0,0,Yes,2,Yes,Yes,1,1,No,No,2,Yes,Yes,2,No,No,No,Residential,high,29510126600
9031,38.64924,-90.19392,Ample,No,2,0,Yes,2,Yes,Yes,1,1,No,No,2,Yes,Yes,2,No,No,No,Residential,medium,29510126600
9032,38.65087,-90.19338,Ample,No,2,0,Yes,2,Yes,Yes,1,1,No,No,1,No,Yes,2,No,No,No,Residential,low,29510126600
9033,38.65191,-90.19388,Ample,Yes,0,0,Yes,2,Yes,Yes,1,1,No,No,1,No,Yes,2,No,No,No,Residential,high,29510126600
9034,38.65326,-90.19393,Ample,Yes,0,0,No,2,Yes,Yes,1,1,No,No,2,No,Yes,2,No,No,No,Commercial,low,29510126600
9035,38.65465,-90.19388,Ample,No,0,0,Yes,2,No,Yes,1,1,No,No,1,No,Yes,2,No,No,No,Commercial,high,29510126600
9036,38.65605,-90.19371,Ample,No,0,0,Yes,2,Yes,Yes,1,0,No,No,1,No,Yes,2,No,No,No,Commercial,INVALID,29510126700
9037,38.65714,-90.19426,Some,No,0,0,Yes,2,Yes,Yes,1,1,No,No,1,No,Yes,2,No,No,No,Commercial,INVALID,29510126700
9038,38.65875,-90.19364,Ample,Yes,2,0,Yes,2,Yes,Yes,1,1,No,No,1,No,Yes,2,No,No,No,Commercial,low,29510126700
9039,38.65986,-90.19419,Ample,No,2,0,Yes,2,Yes,Yes,1,0,No,No,1,No,Yes,2,No,No,No,Commercial,INVALID,29510126700
903,38.62905,-90.29373,Ample,Yes,2,0,Yes,2,Yes,Yes,1,1,No,No,1,Yes,Yes,2,No,Yes,No,Residential,high,29510104200
9043,38.66538,-90.19389,Ample,No,0,0,No,2,No,Yes,1,1,No,No,1,No,Yes,2,No,No,No,Commercial,INVALID,29510126700
9044,38.66549,-90.19355,Ample,No,0,0,No,2,No,Yes,1,1,No,No,1,No,Yes,2,No,No,No,Commercial,INVALID,29510126700
9046,38.66963,-90.19393,Ample,No,0,0,Yes,2,Yes,Yes,1,0,No,Yes,2,No,Yes,2,No,No,No,Residential,high,29510109700
9048,38.67231,-90.19435,Some,No,0,0,No,2,No,Yes,1,0,No,No,1,No,Yes,2,No,No,No,Residential,high,29510109700
904,38.63037,-90.29344,Ample,No,2,0,Yes,2,Yes,Yes,1,1,No,No,1,No,Yes,2,No,No,No,Residential,medium,29510104200
9053,38.67872,-90.19415,Ample,No,2,0,Yes,2,Yes,Yes,1,0,No,No,1,No,Yes,2,No,No,No,Commercial,low,29510109700
9054,38.68013,-90.19398,No,No,0,0,Yes,2,Yes,Yes,1,0,No,No,1,No,Yes,2,No,No,No,Residential,low,29510109700
905,38.63171,-90.29372,Ample,No,2,0,Yes,2,Yes,Yes,1,1,Yes,No,1,Yes,Yes,2,No,No,Yes,Residential,high,29510112100
9064,38.75033,-90.194,Ample,No,0,0,Yes,2,Yes,Yes,1,0,No,No,2,Yes,Yes,2,No,No,Yes,Residential,high,29510127000
9065,38.75181,-90.19415,Ample,No,2,0,Yes,2,Yes,Yes,1,1,No,No,2,Yes,Yes,2,No,No,No,Residential,high,29510127000
9066,38.75281,-90.19339,Ample,No,2,0,Yes,2,Yes,Yes,1,0,No,No,1,Yes,Yes,2,No,No,No,Residential,high,29510127000
906,38.63301,-90.29355,Ample,No,2,0,Yes,2,Yes,Yes,1,1,Yes,No,1,Yes,Yes,2,No,No,Yes,Residential,high,29510112100
9072,38.60605,-90.19234,Ample,Yes,0,0,Yes,2,Yes,Yes,0,0,No,No,2,No,Yes,2,No,No,No,Commercial,low,29510127600
9075,38.61024,-90.19281,Ample,Yes,0,0,Yes,2,No,Yes,1,1,No,No,1,No,Yes,2,No,No,No,Commercial,high,29510127600
9076,38.61035,-90.19313,Ample,Yes,0,0,Yes,2,No,Yes,1,1,No,No,1,No,Yes,2,No,No,No,Commercial,INVALID,29510127600
9077,38.6129,-90.19245,Some,No,2,0,Yes,2,No,Yes,1,1,No,No,1,No,Yes,2,No,No,No,Commercial,INVALID,29510127600
9078,38.61479,-90.19171,Ample,No,0,0,No,2,No,Yes,0,0,No,No,1,No,Yes,2,No,No,No,Commercial,low,29510127400
9079,38.61553,-90.19257,Ample,No,0,0,Yes,2,No,Yes,1,1,No,No,1,No,Yes,2,No,No,No,Commercial,high,29510127400
907,38.63437,-90.29353,No,No,0,0,Yes,2,Yes,Yes,1,1,No,No,2,Yes,Yes,2,No,No,No,Residential,medium,29510112100
9080,38.61686,-90.19249,Ample,Yes,2,0,Yes,2,Yes,Yes,1,1,No,No,1,No,Yes,2,No,No,No,Commercial,medium,29510127400
9081,38.61821,-90.19257,Ample,No,2,0,Yes,2,Yes,Yes,1,1,No,No,1,No,Yes,2,No,Yes,No,Commercial,high,29510127400
9082,38.61956,-90.19238,Ample,No,2,1,Yes,2,Yes,Yes,1,1,No,No,1,No,Yes,2,No,No,No,Commercial,INVALID,29510127400
9083,38.6208,-90.19263,Ample,Yes,2,0,No,2,Yes,Yes,1,1,No,No,1,No,Yes,2,No,No,No,Commercial,high,29510127400
9084,38.62233,-90.19247,Ample,No,2,1,Yes,2,Yes,Yes,0,1,No,No,1,Yes,Yes,2,No,Yes,No,Commercial,medium,29510125600
9085,38.62361,-90.19251,Ample,No,2,0,Yes,2,Yes,Yes,1,1,Yes,No,1,No,Yes,2,No,No,Yes,Commercial,low,29510125600
9086,38.62509,-90.19251,Ample,No,2,0,Yes,2,Yes,Yes,1,1,Yes,Yes,2,No,Yes,2,No,No,Yes,Commercial,low,29510125600
9087,38.6265,-90.19225,Ample,No,2,0,Yes,2,Yes,Yes,0,0,No,No,1,Yes,Yes,2,No,Yes,No,Commercial,high,29510125600
9088,38.62777,-90.19251,Ample,No,2,1,Yes,2,Yes,Yes,1,1,Yes,Yes,1,No,Yes,2,No,No,No,Commercial,medium,29510125600
9089,38.62894,-90.19225,Ample,No,2,0,Yes,2,Yes,Yes,1,1,No,No,1,No,Yes,2,No,No,No,Commercial,high,29510125600
908,38.63573,-90.29351,Some,No,2,0,Yes,2,No,Yes,1,0,No,No,2,Yes,Yes,2,No,No,Yes,Commercial,medium,29510112100
9090,38.63027,-90.19248,Ample,No,2,0,Yes,2,Yes,Yes,1,1,No,No,1,No,Yes,2,No,No,No,Commercial,high,29510125600
9091,38.6317,-90.19247,Ample,No,2,0,Yes,2,Yes,Yes,1,1,No,No,1,No,Yes,2,No,No,No,Commercial,low,29510125600
9092,38.63294,-90.19218,Ample,No,2,0,Yes,2,Yes,Yes,1,1,No,No,1,No,Yes,2,No,Yes,No,Commercial,high,29510125600
9093,38.63439,-90.19269,Ample,No,2,0,Yes,2,Yes,Yes,1,1,No,No,1,Yes,Yes,2,No,No,No,Commercial,medium,29510125600
9094,38.63576,-90.19245,Ample,No,2,0,Yes,2,Yes,Yes,1,1,No,No,1,Yes,Yes,2,No,No,No,Residential,medium,29510125600
9095,38.63719,-90.19294,Ample,No,2,0,Yes,2,Yes,Yes,1,1,No,No,1,No,Yes,2,No,No,No,Residential,high,29510125700
9096,38.6382,-90.19264,Ample,No,2,0,Yes,2,Yes,Yes,1,1,No,No,2,Yes,Yes,2,No,No,Yes,Residential,medium,29510125700
9097,38.63976,-90.19243,Ample,No,2,0,Yes,2,Yes,Yes,1,1,No,No,1,Yes,Yes,2,No,No,No,Residential,low,29510125700
9098,38.64115,-90.19283,Ample,No,0,0,Yes,2,No,Yes,1,1,No,No,1,No,Yes,2,No,No,No,Residential,low,29510126600
9099,38.64241,-90.19238,No,No,0,0,Yes,2,Yes,Yes,1,1,No,No,2,No,Yes,2,No,No,No,Commercial,low,29510126600
909,38.63682,-90.29362,Ample,No,0,0,Yes,2,Yes,Yes,1,1,No,No,1,Yes,Yes,2,No,No,No,Residential,high,29510112100
90,38.60184,-90.31213,Ample,No,0,0,No,2,Yes,Yes,1,0,No,No,2,No,Yes,2,No,No,No,Residential,low,29510126800
9100,38.64392,-90.19305,Ample,No,2,0,Yes,2,No,Yes,1,1,No,Yes,2,No,Yes,2,No,No,No,Residential,high,29510126600
9101,38.64481,-90.19234,Ample,Yes,2,0,Yes,2,No,Yes,1,1,No,No,1,Yes,Yes,2,No,No,No,Residential,medium,29510126600
9102,38.64656,-90.19257,Ample,No,2,0,Yes,2,Yes,Yes,1,1,Yes,No,1,No,Yes,2,No,No,Yes,Residential,high,29510126600
9103,38.64827,-90.19265,Ample,No,0,0,Yes,2,Yes,Yes,1,1,No,No,1,Yes,Yes,2,No,No,No,Commercial,low,29510126600
9104,38.64924,-90.19252,Ample,No,0,0,No,2,Yes,Yes,1,1,No,No,1,No,Yes,2,No,No,No,Commercial,high,29510126600
9105,38.65061,-90.19249,Ample,No,2,0,No,2,Yes,Yes,1,1,Yes,No,1,No,Yes,2,No,No,Yes,Commercial,high,29510126600
9106,38.65198,-90.19249,Ample,No,2,0,Yes,2,No,Yes,1,1,No,No,1,No,Yes,2,No,No,No,Residential,INVALID,29510126600
9107,38.65336,-90.19233,Ample,No,2,0,Yes,2,No,Yes,1,1,No,No,1,No,Yes,2,No,No,No,Commercial,INVALID,29510126600
9108,38.65464,-90.19249,Ample,No,2,0,Yes,2,No,Yes,1,1,No,No,1,No,Yes,2,No,No,No,Commercial,INVALID,29510126600
9109,38.65578,-90.19235,Ample,No,2,0,Yes,2,No,Yes,1,0,No,No,1,No,Yes,2,No,No,No,Commercial,INVALID,29510126700
910,38.63823,-90.29332,Ample,No,0,0,Yes,2,Yes,Yes,1,1,No,No,1,Yes,Yes,2,No,No,No,Residential,high,29510112100
9110,38.65725,-90.19251,Some,No,2,0,Yes,2,Yes,Yes,1,1,No,No,1,No,Yes,2,No,No,No,Commercial,INVALID,29510126700
9111,38.65881,-90.19262,Ample,No,0,0,Yes,2,Yes,Yes,1,1,No,Yes,1,No,Yes,2,No,No,No,Commercial,INVALID,29510126700
9112,38.65985,-90.19244,Ample,No,2,0,Yes,2,No,Yes,1,1,Yes,No,1,No,Yes,2,No,No,No,Commercial,low,29510126700
9115,38.66414,-90.19203,Ample,No,2,0,Yes,2,Yes,Yes,0,0,No,No,2,No,Yes,2,No,No,Yes,Commercial,INVALID,29510126700
9116,38.66536,-90.1924,Ample,No,0,0,No,2,No,Yes,0,0,No,No,1,No,Yes,2,No,Yes,No,Commercial,INVALID,29510126700
911,38.63984,-90.2938,Ample,No,0,0,No,2,No,Yes,0,0,No,No,1,Yes,Yes,2,No,No,No,Residential,medium,29510112100
9125,38.67774,-90.19206,No,No,0,0,Yes,2,Yes,Yes,1,0,No,No,1,No,Yes,2,No,No,No,Residential,low,29510109700
9126,38.67873,-90.19266,No,No,0,0,No,2,Yes,Yes,1,0,No,No,1,No,Yes,2,No,No,No,Residential,low,29510109700
912,38.64118,-90.29344,Ample,No,0,0,Yes,2,Yes,Yes,0,0,No,No,2,Yes,Yes,2,No,No,Yes,Residential,high,29510112100
9137,38.75169,-90.19265,Ample,No,0,0,Yes,2,Yes,Yes,1,0,No,No,1,Yes,Yes,2,No,No,No,Residential,high,29510127000
913,38.64241,-90.29345,No,No,2,0,Yes,2,Yes,Yes,1,1,No,No,2,Yes,Yes,2,No,No,Yes,Residential,high,29510112100
9144,38.60742,-90.1917,Ample,Yes,0,0,No,2,No,Yes,0,0,No,No,1,No,Yes,2,No,No,No,Commercial,INVALID,29510127600
9145,38.60902,-90.19086,Some,Yes,0,0,No,2,No,Yes,0,0,No,No,1,No,Yes,2,No,No,No,Commercial,medium,29510127600
914,38.64352,-90.29343,Ample,No,0,0,Yes,2,Yes,Yes,1,1,No,No,2,Yes,Yes,2,No,No,No,Residential,medium,29510112100
9150,38.6155,-90.19118,Ample,No,2,0,Yes,2,No,Yes,1,1,No,No,1,No,Yes,2,No,No,No,Commercial,low,29510127400
9151,38.61694,-90.19146,Ample,Yes,0,0,Yes,2,No,Yes,1,1,No,No,1,No,No,2,No,No,No,Commercial,low,29510127400
9152,38.61824,-90.19108,Ample,Yes,2,0,No,2,Yes,Yes,1,1,No,No,1,No,Yes,2,No,No,No,Commercial,high,29510127400
9153,38.61961,-90.1912,Ample,No,0,0,Yes,2,Yes,Yes,1,1,Yes,No,1,No,Yes,2,No,No,Yes,Commercial,low,29510127400
9154,38.62085,-90.19114,Ample,No,2,0,Yes,2,Yes,Yes,1,1,No,No,1,No,Yes,2,No,No,No,Commercial,medium,29510125600
9155,38.62223,-90.19113,Ample,No,2,1,Yes,2,Yes,Yes,1,1,Yes,Yes,1,No,Yes,2,No,Yes,Yes,Commercial,low,29510125600
9156,38.62438,-90.19248,Ample,No,2,0,No,2,Yes,Yes,1,1,No,No,1,No,Yes,2,No,No,No,Commercial,INVALID,29510125600
9157,38.62477,-90.1912,Ample,No,2,1,Yes,2,Yes,Yes,1,1,No,Yes,1,No,Yes,2,No,No,No,Commercial,high,29510125600
9158,38.6263,-90.19109,Ample,No,2,0,Yes,2,Yes,Yes,1,1,No,No,1,Yes,Yes,2,No,Yes,No,Commercial,high,29510125600
9159,38.62746,-90.19128,Ample,No,2,0,Yes,2,Yes,Yes,1,0,No,No,1,No,Yes,2,No,No,No,Commercial,low,29510125600
9160,38.62909,-90.1911,Ample,Yes,2,0,Yes,2,Yes,Yes,1,1,Yes,Yes,1,Yes,Yes,2,No,No,No,Commercial,high,29510125600
9161,38.63057,-90.19109,Ample,No,2,0,Yes,2,Yes,Yes,1,1,No,No,1,No,Yes,2,No,No,No,Commercial,high,29510125600
9163,38.63275,-90.19106,Ample,No,2,0,Yes,2,No,Yes,1,1,No,No,1,No,Yes,2,No,Yes,No,Commercial,high,29510125600
9164,38.63452,-90.19106,Ample,No,2,0,No,2,Yes,Yes,1,1,No,No,1,No,Yes,2,No,No,No,Residential,INVALID,29510125600
9165,38.63572,-90.19104,Ample,No,2,0,Yes,2,Yes,Yes,1,1,No,No,1,Yes,Yes,2,No,No,No,Residential,high,29510125700
9166,38.63695,-90.19063,Ample,No,2,0,Yes,2,Yes,Yes,1,1,No,No,1,Yes,Yes,2,No,No,No,Residential,high,29510125700
9167,38.63844,-90.19132,Ample,Yes,0,0,Yes,2,Yes,Yes,0,1,No,No,1,No,Yes,2,No,No,No,Residential,high,29510125700
9168,38.63971,-90.1909,Ample,No,0,0,Yes,2,Yes,Yes,1,1,No,No,1,No,Yes,2,No,No,No,Residential,medium,29510125700
9169,38.64118,-90.19145,Ample,No,0,0,Yes,2,Yes,Yes,1,1,No,No,1,No,Yes,2,No,No,No,Residential,low,29510126600
916,38.64669,-90.29351,Ample,No,2,0,Yes,2,No,Yes,0,0,No,No,2,Yes,Yes,2,No,No,Yes,Residential,high,29510112100
9170,38.64244,-90.19106,Ample,Yes,0,0,Yes,2,Yes,Yes,1,1,No,No,1,No,Yes,2,No,No,No,Commercial,low,29510126600
9171,38.64371,-90.19072,Ample,No,0,0,Yes,2,No,Yes,1,1,No,No,1,No,Yes,2,No,No,No,Residential,high,29510126600
9172,38.64516,-90.1912,Ample,Yes,0,0,Yes,2,No,Yes,1,1,No,No,1,No,Yes,2,No,No,No,Residential,medium,29510126600
9173,38.64652,-90.19118,Ample,No,2,0,Yes,2,Yes,Yes,1,1,No,No,1,No,Yes,2,No,No,No,Residential,high,29510126600
9174,38.64786,-90.19122,Ample,No,2,0,No,2,Yes,Yes,1,0,No,No,2,No,Yes,2,No,No,No,Commercial,high,29510126600
9175,38.6491,-90.19159,Ample,No,0,0,Yes,2,No,Yes,1,1,No,No,2,No,Yes,2,No,No,No,Commercial,low,29510126600
9176,38.65062,-90.19118,Ample,No,2,0,Yes,2,Yes,Yes,1,1,Yes,Yes,1,No,Yes,2,No,No,No,Commercial,high,29510126600
9177,38.65182,-90.19154,Ample,No,2,0,Yes,2,Yes,Yes,1,1,No,No,1,No,Yes,2,No,No,No,Commercial,INVALID,29510126600
9178,38.65328,-90.19117,Ample,No,0,0,Yes,2,No,Yes,1,1,No,No,1,No,Yes,2,No,No,No,Commercial,low,29510126600
9179,38.65453,-90.19149,Ample,No,2,0,Yes,2,No,Yes,1,1,No,No,1,No,Yes,2,No,No,No,Commercial,INVALID,29510126600
9180,38.65613,-90.1912,Some,Yes,0,0,Yes,2,No,Yes,1,1,No,No,1,No,Yes,2,No,No,No,Commercial,INVALID,29510126700
9181,38.65762,-90.19131,Some,No,0,0,No,2,No,Yes,1,0,No,No,1,No,Yes,2,No,No,No,Commercial,INVALID,29510126700
9182,38.65931,-90.19095,Ample,No,0,0,No,2,No,Yes,1,1,No,No,1,No,Yes,2,No,No,No,Commercial,low,29510126700
9183,38.66022,-90.19125,Some,No,0,0,No,2,Yes,Yes,1,0,No,No,1,No,Yes,2,No,No,No,Commercial,INVALID,29510126700
9184,38.66146,-90.19065,Some,No,0,0,Yes,2,No,Yes,0,0,No,No,1,No,Yes,2,No,No,No,Commercial,low,29510126700
9185,38.66266,-90.19128,Some,No,2,0,Yes,2,No,Yes,0,0,No,No,1,No,Yes,2,No,No,No,Commercial,INVALID,29510126700
9186,38.66375,-90.19108,Ample,No,0,0,No,2,Yes,Yes,1,0,No,No,2,No,Yes,2,No,No,No,Commercial,low,29510126700
918,38.64926,-90.29355,Ample,No,2,0,Yes,2,Yes,Yes,1,1,No,No,1,No,Yes,2,No,No,No,Residential,medium,29510105200
9191,38.67065,-90.19108,Ample,No,0,0,Yes,2,No,Yes,1,1,No,No,1,No,Yes,2,No,Yes,No,Commercial,INVALID,29510109700
9195,38.6763,-90.19084,Some,No,0,1,Yes,2,No,Yes,1,1,No,Yes,2,Yes,Yes,2,No,No,No,Residential,low,29510109700
919,38.65071,-90.29357,Some,No,2,0,Yes,2,No,Yes,0,0,No,No,1,No,Yes,2,No,No,No,Residential,high,29510105200
9207,38.75299,-90.19128,Ample,No,0,0,Yes,2,Yes,Yes,1,1,No,No,2,Yes,Yes,2,No,No,No,Residential,high,29510127000
9209,38.75574,-90.19123,Ample,No,2,0,Yes,2,Yes,Yes,1,1,No,No,1,No,Yes,2,No,No,No,Residential,high,
920,38.6521,-90.29358,Ample,No,2,0,Yes,2,Yes,Yes,1,1,No,No,1,No,Yes,2,No,No,No,Residential,medium,29510105200
9215,38.61023,-90.19018,Ample,Yes,0,0,No,2,No,Yes,1,1,No,No,1,No,Yes,2,No,No,No,Commercial,high,29510127600
9216,38.61143,-90.18954,Ample,Yes,0,0,Yes,2,No,Yes,1,1,No,No,1,No,Yes,2,No,No,No,Commercial,high,29510127600
9217,38.61344,-90.18907,Ample,Yes,0,0,No,2,No,Yes,1,1,No,No,1,No,No,2,No,No,No,Commercial,INVALID,29510127400
9219,38.61556,-90.18976,Some,Yes,0,0,Yes,2,No,Yes,1,1,No,No,1,No,Yes,2,No,No,No,Commercial,low,29510127400
921,38.65333,-90.29383,Ample,No,0,0,Yes,2,Yes,Yes,1,0,No,No,1,Yes,Yes,2,No,No,No,Residential,high,29510105200
9220,38.61699,-90.19007,Ample,No,0,0,Yes,2,No,Yes,1,1,No,No,1,No,Yes,2,No,No,No,Commercial,high,29510127400
9221,38.61832,-90.18968,Some,Yes,0,0,Yes,2,No,Yes,1,1,No,No,1,No,Yes,2,No,No,No,Commercial,low,29510127400
9222,38.61957,-90.18984,Ample,No,0,0,No,2,Yes,Yes,1,0,No,No,2,No,Yes,2,No,No,No,Commercial,high,29510127400
9223,38.62078,-90.18937,Ample,No,0,0,Yes,2,Yes,Yes,1,1,No,No,1,No,Yes,2,No,No,No,Commercial,low,29510125600
9224,38.6223,-90.18998,Ample,No,2,0,Yes,2,Yes,Yes,1,1,No,Yes,1,No,Yes,2,No,No,No,Commercial,medium,29510125600
9225,38.62358,-90.18947,Ample,No,2,0,Yes,2,Yes,Yes,1,1,No,No,1,No,Yes,2,No,No,No,Commercial,medium,29510125600
9226,38.62528,-90.18991,Ample,No,2,1,Yes,2,Yes,Yes,1,1,Yes,Yes,1,Yes,Yes,2,No,No,Yes,Commercial,medium,29510125600
9227,38.62624,-90.1898,Ample,No,2,1,Yes,2,Yes,Yes,1,1,Yes,Yes,1,Yes,Yes,2,No,No,Yes,Commercial,medium,29510125600
9228,38.62776,-90.19003,No,No,2,0,No,2,No,Yes,0,0,No,No,0,No,No,2,No,Yes,No,Commercial,INVALID,29510125600
9229,38.62895,-90.1898,Ample,No,2,1,Yes,2,Yes,Yes,1,1,Yes,No,1,No,Yes,2,No,No,No,Commercial,low,29510125600
922,38.65478,-90.29349,Ample,No,2,1,Yes,2,Yes,Yes,1,1,No,No,2,No,Yes,2,No,No,Yes,Commercial,high,29510105300
9230,38.63031,-90.1898,Ample,No,2,1,Yes,2,Yes,Yes,1,1,No,Yes,1,No,Yes,2,No,No,No,Commercial,medium,29510125600
9231,38.63188,-90.1898,Ample,No,2,0,Yes,2,Yes,Yes,1,1,No,No,2,No,Yes,2,No,No,No,Commercial,medium,29510125600
9232,38.63291,-90.19011,Ample,No,2,0,Yes,2,No,Yes,1,1,Yes,No,1,No,Yes,2,No,Yes,Yes,Commercial,INVALID,29510125600
9233,38.6343,-90.18981,Ample,No,2,0,Yes,2,Yes,Yes,1,1,No,No,1,No,Yes,2,No,No,No,Residential,high,29510125600
9234,38.63573,-90.18984,Ample,No,2,0,Yes,2,Yes,Yes,1,1,No,No,1,No,Yes,2,No,No,Yes,Residential,medium,29510125700
9235,38.63705,-90.18941,Ample,No,2,0,Yes,2,Yes,Yes,1,1,No,No,1,Yes,Yes,2,No,No,No,Residential,medium,29510125700
9236,38.63846,-90.19011,Ample,No,2,0,Yes,2,Yes,Yes,1,0,No,No,1,No,Yes,2,No,No,No,Residential,medium,29510125700
9237,38.63972,-90.1897,Ample,No,2,0,Yes,2,Yes,Yes,1,1,No,No,1,No,Yes,2,No,No,No,Residential,high,29510125700
9238,38.64124,-90.19036,Ample,No,0,0,Yes,2,Yes,Yes,1,1,No,No,1,No,Yes,2,No,No,No,Residential,low,29510126600
9239,38.64245,-90.18996,Ample,No,0,0,Yes,2,No,Yes,1,0,No,No,1,No,Yes,2,No,No,No,Residential,low,29510126600
923,38.65603,-90.29354,Ample,No,2,0,Yes,2,Yes,Yes,1,0,No,No,1,No,Yes,2,No,No,No,Residential,high,29510105300
9240,38.64377,-90.18985,Ample,No,0,0,Yes,2,Yes,Yes,1,1,No,No,1,No,Yes,2,No,No,No,Commercial,low,29510126600
9241,38.64518,-90.18973,Ample,No,2,0,Yes,2,Yes,Yes,1,1,No,No,1,No,Yes,2,No,No,No,Commercial,low,29510126600
9242,38.6465,-90.18977,Ample,Yes,0,0,Yes,2,No,Yes,1,1,No,No,1,No,Yes,2,No,No,No,Commercial,low,29510126600
9243,38.64797,-90.18962,Ample,No,0,0,Yes,2,Yes,Yes,1,1,No,No,1,No,Yes,2,No,No,No,Commercial,medium,29510126600
9244,38.64907,-90.19016,Ample,No,0,0,Yes,2,Yes,Yes,1,1,No,No,1,No,Yes,2,No,No,No,Commercial,INVALID,29510126600
9245,38.65067,-90.18954,Ample,No,0,0,Yes,2,Yes,Yes,1,1,No,No,1,No,Yes,2,No,No,No,Commercial,low,29510126600
9246,38.65193,-90.18976,Some,No,0,0,Yes,2,No,Yes,1,1,No,No,1,No,Yes,2,No,No,No,Commercial,low,29510126600
9247,38.65323,-90.18991,Ample,No,0,0,No,2,Yes,Yes,1,1,No,No,1,No,Yes,2,No,No,No,Commercial,high,29510126600
9248,38.65426,-90.18967,Ample,No,2,0,No,2,Yes,Yes,1,1,No,No,1,No,Yes,2,No,No,No,Commercial,low,29510126600
9249,38.65633,-90.19056,Ample,Yes,0,0,Yes,2,Yes,Yes,1,0,No,No,1,No,Yes,2,No,No,No,Commercial,high,29510126700
924,38.65723,-90.29355,Ample,No,2,0,Yes,2,Yes,Yes,1,1,No,No,1,No,Yes,2,No,No,No,Residential,high,29510105300
9250,38.65729,-90.18991,Ample,No,0,0,No,2,No,Yes,0,0,No,No,1,No,Yes,2,No,No,No,Commercial,INVALID,29510126700
9253,38.66078,-90.18945,Ample,No,0,0,Yes,2,Yes,Yes,1,0,No,No,1,No,Yes,2,No,No,No,Commercial,low,29510126700
9254,38.66214,-90.18955,Ample,No,0,0,No,2,Yes,Yes,1,1,No,No,1,No,Yes,2,No,No,No,Commercial,low,29510126700
9255,38.66398,-90.18977,Ample,No,0,0,No,2,Yes,Yes,1,0,No,No,2,No,Yes,2,No,No,No,Commercial,high,29510126700
9257,38.66665,-90.18981,Some,No,2,0,No,2,Yes,Yes,1,1,No,No,1,No,Yes,2,No,No,No,Commercial,INVALID,29510126700
925,38.65842,-90.29365,Ample,No,2,0,Yes,2,Yes,Yes,1,0,No,No,1,No,Yes,2,No,No,No,Residential,medium,29510105300
9260,38.67107,-90.18991,Some,No,0,0,Yes,2,No,Yes,1,1,No,No,2,No,Yes,2,No,No,No,Commercial,high,29510126700
9261,38.67217,-90.18948,Some,Yes,0,0,Yes,2,Yes,Yes,0,0,No,No,2,No,Yes,2,No,No,No,Residential,high,29510109700
9262,38.67343,-90.18986,Some,No,0,0,No,2,Yes,Yes,0,0,No,No,2,No,Yes,2,No,No,No,Residential,low,29510109700
9263,38.67482,-90.19006,No,No,0,0,Yes,2,Yes,Yes,0,0,No,No,2,No,Yes,2,No,No,No,Residential,high,29510109700
926,38.65999,-90.29352,No,No,2,0,Yes,2,Yes,Yes,1,1,No,No,1,No,Yes,2,No,No,No,Residential,high,29510105300
9274,38.75439,-90.18986,Ample,No,0,0,Yes,2,Yes,Yes,1,1,No,No,2,No,Yes,2,No,No,No,Residential,medium,29510127000
9276,38.75702,-90.18974,Ample,No,0,0,Yes,2,No,Yes,1,1,No,No,1,Yes,Yes,2,No,No,No,Residential,high,29510127000
927,38.66133,-90.2933,Ample,No,2,0,Yes,2,Yes,Yes,1,0,No,No,1,No,Yes,2,No,No,No,Residential,medium,29510105300
9283,38.61297,-90.18892,Some,Yes,0,0,Yes,2,Yes,Yes,1,1,No,No,1,No,Yes,2,No,No,No,Commercial,low,29510127400
9284,38.61417,-90.18827,Ample,Yes,0,0,Yes,2,Yes,Yes,1,1,No,No,1,No,Yes,2,No,No,No,Commercial,low,29510127400
9285,38.6157,-90.18907,Some,Yes,0,0,Yes,2,No,Yes,1,0,No,Yes,2,No,No,2,No,No,No,Commercial,low,29510127400
9286,38.6169,-90.18839,No,Yes,0,0,No,2,No,Yes,1,1,No,No,1,No,No,2,No,No,No,Residential,INVALID,29510127400
9287,38.61794,-90.18869,Ample,Yes,0,0,Yes,2,No,Yes,1,1,No,No,2,No,Yes,2,No,No,No,Commercial,high,29510127400
9288,38.61953,-90.18848,Ample,No,2,0,No,2,Yes,Yes,1,1,No,No,1,No,Yes,2,No,No,No,Commercial,low,29510127400
9289,38.62089,-90.18846,Ample,No,2,0,Yes,2,Yes,Yes,1,1,No,No,2,Yes,Yes,2,No,No,No,Commercial,high,29510125600
928,38.66269,-90.29353,Ample,No,2,0,Yes,2,Yes,Yes,1,0,No,No,1,No,Yes,2,No,No,No,Residential,medium,29510105400
9290,38.62225,-90.18843,Ample,No,0,0,No,2,Yes,Yes,1,1,No,No,1,No,Yes,2,No,No,No,Commercial,high,29510125600
9291,38.62358,-90.18823,Ample,No,2,0,Yes,2,Yes,Yes,1,1,No,No,1,No,Yes,2,No,No,No,Commercial,high,29510125600
9292,38.62508,-90.18837,Ample,No,2,0,Yes,2,Yes,Yes,1,0,Yes,No,1,Yes,Yes,2,No,No,Yes,Commercial,medium,29510125600
9293,38.62628,-90.18836,Ample,No,2,1,Yes,2,Yes,Yes,1,1,No,Yes,1,No,Yes,2,No,No,No,Commercial,high,29510125600
9294,38.62759,-90.18844,Ample,No,2,0,Yes,2,Yes,Yes,1,1,No,No,1,No,Yes,2,No,No,No,Commercial,high,29510125600
9295,38.629,-90.18855,Ample,No,2,0,Yes,2,Yes,Yes,1,1,No,No,2,No,Yes,2,No,No,No,Commercial,low,29510125600
9296,38.63033,-90.18864,Ample,No,2,0,No,2,No,Yes,0,0,No,No,0,No,No,2,No,No,No,Commercial,high,29510125600
9297,38.63163,-90.18853,Ample,No,2,0,Yes,2,Yes,Yes,1,1,No,No,1,No,Yes,2,No,No,No,Commercial,low,29510125600
9298,38.6308,-90.19149,Ample,No,2,0,No,2,Yes,Yes,0,0,No,No,1,No,No,2,No,No,No,Commercial,low,29510125600
9299,38.63407,-90.18857,Ample,No,2,0,Yes,2,Yes,Yes,1,1,No,No,1,Yes,Yes,2,No,No,No,Commercial,medium,29510125600
929,38.66399,-90.29339,Ample,No,2,0,Yes,2,Yes,Yes,1,1,No,No,1,No,Yes,2,No,No,No,Residential,medium,29510105400
9300,38.63579,-90.18863,Ample,No,0,0,Yes,2,Yes,Yes,1,1,No,No,1,No,Yes,2,No,No,No,Residential,medium,29510125700
9301,38.63707,-90.1882,Ample,No,0,0,Yes,2,Yes,Yes,1,1,No,No,1,No,Yes,2,No,No,No,Residential,medium,29510125700
9302,38.63853,-90.18892,Ample,No,2,0,Yes,2,Yes,Yes,1,1,No,No,1,No,Yes,2,No,No,No,Residential,medium,29510125700
9303,38.63982,-90.18846,Ample,No,2,0,Yes,2,Yes,Yes,1,1,No,No,1,Yes,Yes,2,No,No,No,Commercial,low,29510125700
9304,38.64116,-90.18826,Ample,Yes,0,0,Yes,2,Yes,Yes,1,1,No,No,1,No,Yes,2,No,No,No,Commercial,low,29510126600
9305,38.64251,-90.18844,Ample,No,0,0,No,2,Yes,Yes,1,0,No,No,2,No,Yes,2,No,No,Yes,Commercial,low,29510126600
9306,38.64377,-90.18857,Ample,No,2,0,Yes,2,Yes,Yes,1,1,No,No,1,No,Yes,2,No,No,No,Commercial,INVALID,29510126600
9307,38.64518,-90.18827,Ample,Yes,0,0,Yes,2,Yes,Yes,1,1,No,No,1,No,Yes,2,No,No,No,Commercial,high,29510126600
9308,38.64638,-90.18882,Ample,No,0,0,Yes,2,No,Yes,1,1,No,No,1,No,Yes,2,No,No,No,Commercial,high,29510126600
9309,38.64781,-90.18839,Ample,No,2,0,Yes,2,Yes,Yes,1,1,No,No,1,No,Yes,2,No,No,No,Commercial,low,29510126600
930,38.6655,-90.29371,Ample,No,2,1,Yes,2,Yes,Yes,1,1,Yes,Yes,1,Yes,Yes,2,No,No,No,Residential,high,29510105400
9310,38.64911,-90.18876,Ample,No,2,0,Yes,2,Yes,Yes,1,1,No,Yes,1,No,Yes,2,No,No,No,Commercial,INVALID,29510126600
9311,38.65052,-90.18842,Ample,No,2,0,Yes,2,Yes,Yes,1,1,No,No,1,No,Yes,2,No,No,No,Commercial,medium,29510126600
9312,38.65192,-90.1885,Ample,No,2,0,No,2,Yes,Yes,1,1,No,No,1,No,Yes,2,No,No,No,Commercial,low,29510126600
9313,38.65338,-90.18808,Ample,No,0,0,No,2,Yes,Yes,1,0,No,No,1,No,Yes,2,No,No,No,Commercial,INVALID,29510126600
9314,38.65448,-90.18865,Ample,No,2,0,No,2,Yes,Yes,1,0,No,No,1,No,Yes,2,No,No,No,Commercial,INVALID,29510126600
9316,38.65703,-90.18836,Ample,No,0,0,No,2,No,Yes,1,0,No,No,1,No,Yes,2,No,No,No,Commercial,high,29510126700
9319,38.66112,-90.18838,Ample,No,0,0,No,2,No,Yes,1,0,No,No,1,No,Yes,2,No,No,No,Commercial,INVALID,29510126700
931,38.55901,-90.2924,No,No,2,0,Yes,2,No,Yes,1,1,No,No,1,No,Yes,2,No,No,No,Residential,high,29510102300
9320,38.66251,-90.18836,Ample,No,0,0,Yes,2,No,Yes,1,1,No,No,1,No,Yes,2,No,No,Yes,Commercial,low,29510126700
9321,38.66416,-90.18856,Ample,No,0,0,No,2,Yes,Yes,1,0,No,No,1,No,Yes,2,No,No,No,Commercial,low,29510126700
9323,38.6668,-90.18818,Some,No,0,0,Yes,2,Yes,Yes,0,0,No,No,1,No,Yes,2,No,No,No,Residential,low,29510126700
9324,38.66805,-90.18847,No,No,0,0,Yes,2,Yes,Yes,0,0,No,No,1,No,Yes,2,No,No,No,Residential,low,29510126700
9325,38.6694,-90.18878,Some,No,0,0,Yes,2,Yes,Yes,0,0,No,No,2,No,Yes,2,No,No,No,Commercial,low,29510126700
9340,38.75572,-90.1886,Ample,No,0,0,Yes,2,Yes,Yes,1,1,No,No,2,No,Yes,2,No,No,No,Residential,high,29510127000
9342,38.75832,-90.18838,Ample,No,0,0,Yes,2,Yes,Yes,1,0,No,No,1,No,Yes,2,No,No,No,Residential,high,29510127000
9348,38.6145,-90.18809,Ample,Yes,0,0,Yes,2,Yes,Yes,1,1,No,No,1,No,Yes,2,No,No,No,Residential,high,29510127400
9349,38.61557,-90.18731,Ample,No,0,0,Yes,2,Yes,Yes,1,1,No,No,2,No,Yes,2,No,Yes,No,Commercial,low,29510127400
934,38.56267,-90.29192,Ample,No,2,0,Yes,2,Yes,Yes,1,1,No,No,1,No,Yes,2,No,No,No,Residential,medium,29510102300
9350,38.61686,-90.18684,Ample,No,0,0,Yes,2,Yes,Yes,1,1,No,No,2,No,Yes,2,No,No,Yes,Residential,INVALID,29510127400
9351,38.61833,-90.18751,Some,No,0,0,No,2,No,Yes,1,1,No,No,1,No,No,2,No,No,No,Commercial,high,29510127400
9352,38.6196,-90.18717,Ample,Yes,0,0,Yes,2,Yes,Yes,1,1,No,No,2,No,Yes,2,No,No,No,Commercial,high,29510125600
9355,38.62372,-90.18711,Ample,No,2,0,Yes,2,Yes,Yes,1,1,No,No,1,Yes,Yes,2,No,Yes,No,Residential,medium,29510125600
9356,38.62497,-90.1872,Ample,No,2,1,Yes,2,Yes,Yes,1,1,No,No,2,Yes,Yes,2,No,Yes,No,Commercial,high,29510125600
9357,38.62596,-90.18778,No,No,2,0,Yes,2,No,Yes,1,1,No,No,1,No,No,2,No,Yes,No,Commercial,high,29510125600
9358,38.62785,-90.18707,Ample,No,2,0,No,2,No,Yes,0,0,No,No,1,No,No,2,No,No,No,Commercial,high,29510125600
9359,38.62898,-90.18707,Ample,No,2,1,Yes,2,Yes,Yes,0,0,No,Yes,1,No,Yes,2,No,No,No,Residential,low,29510125600
935,38.5643,-90.29218,No,Yes,2,0,Yes,2,No,Yes,1,0,No,No,1,No,Yes,2,No,No,No,Residential,medium,29510102300
9360,38.63056,-90.187,Ample,No,2,0,Yes,2,Yes,Yes,1,1,Yes,No,1,No,Yes,2,No,No,Yes,Commercial,high,29510125600
9361,38.63182,-90.18751,Ample,No,2,0,Yes,2,Yes,Yes,1,1,No,No,1,Yes,Yes,2,No,No,No,Commercial,medium,29510125600
9362,38.63306,-90.18706,Ample,No,2,0,Yes,2,Yes,Yes,1,1,No,No,1,Yes,Yes,2,No,No,No,Commercial,medium,29510125600
9363,38.63461,-90.18699,Ample,No,0,0,Yes,2,No,Yes,1,1,No,No,1,No,Yes,2,No,No,No,Commercial,high,29510125700
9364,38.63579,-90.18712,Ample,No,0,0,Yes,2,Yes,Yes,1,1,No,No,1,No,Yes,2,No,No,No,Commercial,high,29510125700
9365,38.63705,-90.18717,Ample,Yes,0,0,Yes,2,No,Yes,1,1,No,No,1,No,Yes,2,No,No,No,Commercial,low,29510125700
9366,38.63845,-90.18692,Ample,No,0,0,No,2,Yes,Yes,1,1,No,No,1,No,Yes,2,No,No,No,Commercial,INVALID,29510125700
9367,38.63977,-90.18718,Ample,No,2,0,No,2,Yes,Yes,1,1,No,No,2,No,Yes,2,No,No,No,Commercial,high,29510126600
9368,38.64119,-90.18714,Ample,No,0,0,Yes,2,Yes,Yes,1,1,No,No,1,No,Yes,2,No,No,No,Commercial,high,29510126600
9369,38.64223,-90.18721,Ample,No,2,0,Yes,2,Yes,Yes,1,1,No,No,1,No,Yes,2,No,No,No,Commercial,high,29510126600
936,38.56552,-90.29211,Ample,No,2,0,Yes,2,Yes,Yes,1,0,No,No,1,No,Yes,2,No,No,No,Commercial,low,29510102100
9370,38.64378,-90.18709,Ample,Yes,0,0,Yes,2,Yes,Yes,1,1,No,No,1,No,Yes,2,No,No,No,Commercial,INVALID,29510126600
9371,38.64524,-90.18713,Ample,No,2,0,Yes,2,Yes,Yes,1,1,No,No,1,No,Yes,2,No,No,No,Residential,low,29510126600
9372,38.64645,-90.18703,Ample,Yes,2,0,Yes,2,Yes,Yes,1,1,No,No,1,No,Yes,2,No,No,No,Commercial,low,29510126600
9373,38.64799,-90.18678,Some,No,0,0,No,2,Yes,Yes,1,1,No,No,1,No,Yes,2,No,No,No,Commercial,INVALID,29510126600
9374,38.6491,-90.18707,Ample,No,2,0,Yes,2,No,Yes,1,1,No,No,1,No,Yes,2,No,No,No,Commercial,low,29510126600
9375,38.65087,-90.18728,Ample,No,2,0,Yes,2,Yes,Yes,1,1,No,No,1,No,Yes,2,No,No,No,Commercial,high,29510126600
9376,38.65185,-90.18731,Ample,No,0,0,No,2,Yes,Yes,1,1,No,No,0,No,Yes,2,No,No,No,Commercial,INVALID,29510126600
9379,38.65711,-90.18811,Ample,No,0,0,No,2,No,Yes,1,0,Yes,No,1,No,Yes,2,No,No,No,Commercial,INVALID,29510126700
9380,38.6574,-90.18714,Ample,Yes,0,0,No,2,Yes,Yes,1,0,No,No,1,No,Yes,2,No,No,No,Commercial,INVALID,29510126700
9381,38.65795,-90.18636,Some,No,0,0,No,2,No,Yes,0,0,No,No,2,No,Yes,2,No,No,No,Commercial,INVALID,29510126700
9383,38.66145,-90.18736,Some,No,0,0,No,2,No,Yes,1,1,No,No,1,No,Yes,2,No,No,No,Commercial,INVALID,29510126700
9384,38.66274,-90.18763,Ample,No,0,0,No,2,No,Yes,1,1,No,No,1,No,Yes,2,No,No,Yes,Commercial,low,29510126700
9385,38.66435,-90.18724,Ample,No,2,0,No,2,Yes,Yes,1,1,No,No,2,No,Yes,2,No,No,No,Commercial,high,29510126700
9386,38.66527,-90.18732,No,No,0,0,Yes,2,No,Yes,1,1,No,No,2,No,Yes,2,No,No,No,Residential,high,29510126700
938,38.56868,-90.29164,Ample,No,2,0,Yes,2,Yes,Yes,1,0,No,No,1,No,Yes,2,No,No,No,Residential,medium,29510102100
939,38.56981,-90.29208,Ample,No,2,0,Yes,2,Yes,Yes,1,0,No,No,1,No,Yes,2,No,No,No,Residential,medium,29510102100
9402,38.75716,-90.1873,Ample,No,0,0,Yes,2,Yes,Yes,1,1,No,No,2,No,Yes,2,No,No,No,Residential,high,29510127000
940,38.57106,-90.29221,Ample,No,2,0,Yes,2,Yes,Yes,1,1,No,No,1,No,Yes,2,No,No,No,Residential,medium,29510102100
9412,38.61957,-90.18577,Ample,No,0,1,Yes,2,Yes,Yes,1,1,No,No,2,No,Yes,2,No,No,No,Commercial,low,29510125600
9413,38.62085,-90.18538,Ample,No,0,0,Yes,2,Yes,Yes,1,1,No,No,2,No,Yes,2,No,No,Yes,Commercial,low,29510125600
9414,38.62243,-90.18586,Ample,No,0,0,Yes,2,Yes,Yes,1,0,No,No,1,Yes,Yes,2,No,No,No,Residential,medium,29510125600
9415,38.62358,-90.18577,Ample,No,2,0,Yes,2,Yes,Yes,1,1,No,No,2,Yes,Yes,2,No,Yes,Yes,Commercial,high,29510125600
9416,38.62505,-90.18574,Ample,No,2,0,No,0,No,Yes,0,0,No,No,1,Yes,No,2,No,No,No,Commercial,INVALID,29510125600
9417,38.62633,-90.1859,No,No,2,0,Yes,2,Yes,Yes,0,0,No,No,2,Yes,Yes,2,No,No,No,Residential,high,29510125600
9418,38.62768,-90.18594,Ample,No,0,0,Yes,2,Yes,Yes,1,1,No,No,2,No,Yes,2,No,No,Yes,Commercial,high,29510125600
9419,38.62901,-90.18576,Ample,Yes,0,0,Yes,2,Yes,Yes,1,1,No,No,2,No,Yes,2,No,No,No,Commercial,high,29510125600
941,38.57245,-90.29215,Ample,No,2,0,Yes,2,Yes,Yes,1,0,No,No,1,No,Yes,2,No,No,No,Residential,high,29510102100
9420,38.63031,-90.18586,Ample,No,2,1,Yes,2,Yes,Yes,1,1,Yes,No,1,Yes,Yes,2,No,No,Yes,Commercial,medium,29510125600
9421,38.63168,-90.18583,Ample,No,0,0,Yes,2,Yes,Yes,1,1,No,No,1,No,Yes,2,No,No,No,Commercial,low,29510125600
9422,38.63302,-90.18571,Ample,No,2,0,No,2,Yes,Yes,1,1,No,No,1,No,Yes,2,No,No,No,Commercial,INVALID,29510125600
9423,38.63442,-90.18569,Ample,Yes,2,0,Yes,2,Yes,Yes,1,1,No,No,1,No,Yes,2,No,No,Yes,Residential,low,29510125700
9424,38.63578,-90.18576,Ample,No,0,0,Yes,2,No,Yes,1,1,No,No,1,No,Yes,2,No,No,No,Commercial,low,29510125700
9425,38.63709,-90.18578,Ample,No,0,0,Yes,2,Yes,Yes,1,1,No,No,1,No,Yes,2,No,No,Yes,Commercial,INVALID,29510125700
9426,38.63844,-90.18583,Ample,No,2,0,Yes,2,Yes,Yes,1,0,No,No,1,Yes,Yes,2,No,No,No,Commercial,high,29510125700
9427,38.6398,-90.18589,Ample,Yes,2,0,Yes,2,Yes,Yes,1,1,No,No,1,No,Yes,2,No,No,No,Commercial,INVALID,29510126600
9428,38.64118,-90.18583,Ample,No,2,0,Yes,2,Yes,Yes,1,1,No,No,1,No,Yes,2,No,No,No,Commercial,low,29510126600
9429,38.64247,-90.18623,Ample,No,0,0,Yes,2,Yes,Yes,1,1,No,No,1,No,Yes,2,No,No,No,Commercial,high,29510126600
942,38.57381,-90.29216,Ample,No,2,0,Yes,2,Yes,Yes,1,0,No,No,1,No,Yes,2,No,No,No,Residential,medium,29510102100
9430,38.64381,-90.18583,Ample,No,0,0,Yes,2,Yes,Yes,1,1,No,No,2,No,Yes,2,No,No,No,Commercial,INVALID,29510126600
9432,38.64682,-90.1859,Ample,Yes,2,0,Yes,2,No,Yes,1,1,No,No,1,No,Yes,2,No,No,No,Commercial,high,29510126600
9433,38.64777,-90.18567,Ample,Yes,0,0,Yes,2,No,Yes,1,1,Yes,No,1,No,Yes,2,No,No,No,Residential,high,29510126600
9434,38.64917,-90.18599,No,No,2,0,No,2,No,Yes,0,0,No,No,1,No,Yes,2,No,No,Yes,Commercial,high,29510126600
9435,38.65001,-90.18637,Ample,No,0,0,No,2,Yes,Yes,0,0,No,No,1,No,Yes,2,No,No,No,Commercial,INVALID,29510126600
9438,38.65472,-90.18534,Ample,Yes,0,0,Yes,2,Yes,Yes,0,0,No,No,1,No,Yes,2,No,No,No,Commercial,medium,29510126600
9439,38.65594,-90.18573,Ample,No,0,0,No,2,Yes,Yes,0,0,No,No,1,No,Yes,2,No,No,No,Commercial,medium,29510126600
943,38.57498,-90.29223,Ample,No,2,0,Yes,2,Yes,Yes,1,1,No,No,1,No,Yes,2,No,No,No,Residential,high,29510102200
9440,38.65726,-90.18615,Ample,No,0,0,No,2,No,Yes,1,0,No,No,1,No,Yes,2,No,No,No,Commercial,INVALID,29510126600
9442,38.66005,-90.18535,No,Yes,0,0,No,2,Yes,Yes,0,0,No,No,2,No,Yes,2,No,No,No,Commercial,low,29510126700
9443,38.6614,-90.18542,No,No,0,0,No,2,Yes,Yes,0,0,No,No,2,No,Yes,2,No,No,No,Residential,high,29510126700
9444,38.66258,-90.186,No,No,0,0,Yes,2,Yes,Yes,0,0,No,No,1,Yes,Yes,2,No,No,No,Residential,low,29510126700
9448,38.66807,-90.18541,No,No,2,0,No,2,No,Yes,0,0,No,No,1,No,Yes,2,No,No,Yes,Commercial,INVALID,29510126700
944,38.57644,-90.29225,Some,No,2,0,Yes,2,Yes,Yes,1,1,No,No,1,No,Yes,2,No,No,No,Residential,INVALID,29510102200
945,38.57786,-90.29226,Ample,No,2,0,Yes,2,Yes,Yes,1,1,No,No,1,No,Yes,2,No,No,No,Residential,medium,29510102200
9461,38.75857,-90.18615,Ample,No,0,0,Yes,2,Yes,Yes,1,1,No,No,2,No,Yes,2,No,No,No,Residential,high,29510127000
9462,38.75954,-90.18545,Ample,No,0,0,Yes,2,Yes,Yes,1,1,No,No,2,No,Yes,2,No,No,Yes,Residential,high,29510127000
9464,38.76263,-90.186,Ample,No,2,0,Yes,2,No,Yes,1,1,No,No,2,Yes,Yes,2,No,Yes,No,Residential,high,
9469,38.61839,-90.18435,Ample,No,0,0,No,2,Yes,Yes,0,0,No,No,1,No,Yes,2,No,No,No,Commercial,high,29510127400
946,38.57927,-90.29222,No,No,2,0,Yes,2,Yes,Yes,1,1,No,No,1,No,Yes,2,No,No,No,Residential,high,29510102200
9472,38.62231,-90.18455,Ample,No,2,0,Yes,2,Yes,Yes,1,1,No,No,2,No,Yes,2,No,No,Yes,Commercial,INVALID,29510125600
9473,38.62362,-90.18425,Ample,No,0,0,Yes,2,Yes,Yes,1,1,No,No,1,No,Yes,2,No,No,Yes,Commercial,INVALID,29510125600
9474,38.62499,-90.18435,Ample,No,0,0,Yes,2,No,Yes,0,0,No,No,1,No,Yes,2,No,No,No,Commercial,low,29510125600
9475,38.62632,-90.18415,Ample,No,2,0,Yes,2,No,Yes,0,0,No,No,1,Yes,Yes,2,No,No,No,Residential,high,29510125600
9477,38.62892,-90.18436,Ample,No,0,0,Yes,2,Yes,Yes,1,1,No,No,2,Yes,Yes,2,No,No,No,Commercial,low,29510125600
9478,38.6304,-90.18441,Ample,No,2,0,No,2,No,Yes,0,0,No,No,1,No,No,2,No,Yes,No,Commercial,INVALID,29510125600
9479,38.63172,-90.1843,Ample,No,2,1,Yes,2,Yes,Yes,1,1,Yes,No,1,Yes,Yes,2,No,No,Yes,Commercial,low,29510125600
947,38.58057,-90.29218,Ample,No,2,0,Yes,2,Yes,Yes,1,0,No,No,1,No,Yes,2,No,No,No,Residential,medium,29510102200
9480,38.63318,-90.18424,Ample,No,2,0,Yes,2,Yes,Yes,1,1,No,No,1,No,Yes,2,No,No,No,Commercial,high,29510125600
9481,38.63416,-90.18441,Ample,Yes,0,0,Yes,2,Yes,Yes,1,1,No,No,1,No,Yes,2,No,No,No,Residential,medium,29510125700
9482,38.63577,-90.18461,Ample,No,2,0,Yes,2,Yes,Yes,1,1,Yes,No,1,Yes,Yes,2,No,No,No,Residential,high,29510125700
9483,38.63711,-90.18439,Ample,No,0,0,No,2,Yes,Yes,1,1,No,No,1,No,Yes,2,No,No,No,Commercial,INVALID,29510125700
9484,38.63846,-90.18473,Ample,Yes,2,0,No,2,No,Yes,1,1,No,No,1,No,Yes,2,No,No,Yes,Commercial,INVALID,29510125700
9485,38.63966,-90.18434,Some,Yes,0,0,Yes,2,Yes,Yes,1,1,No,No,1,No,Yes,2,No,No,No,Residential,medium,29510126600
9486,38.64131,-90.18446,Ample,No,2,0,Yes,2,Yes,Yes,1,1,No,No,1,No,Yes,2,No,No,No,Commercial,high,29510126600
9488,38.64406,-90.18452,Ample,No,2,0,No,2,Yes,Yes,1,1,No,No,1,No,Yes,2,No,No,No,Commercial,high,29510126600
9489,38.64517,-90.18428,Ample,No,2,0,Yes,2,Yes,Yes,0,0,No,No,2,No,Yes,2,No,No,No,Commercial,low,29510126600
948,38.58189,-90.29207,Some,No,2,0,Yes,2,Yes,Yes,1,1,No,No,1,No,Yes,2,No,No,No,Residential,INVALID,29510102200
9490,38.64644,-90.18468,Ample,No,0,0,Yes,2,No,Yes,0,0,No,No,2,No,Yes,2,No,No,No,Commercial,INVALID,29510126600
9491,38.64734,-90.18416,Ample,No,2,0,No,2,No,Yes,1,1,No,No,1,No,Yes,2,No,No,No,Commercial,low,29510126600
9493,38.65061,-90.18392,No,No,0,0,Yes,2,Yes,Yes,0,0,No,No,2,No,Yes,2,No,No,No,Commercial,low,29510126600
9494,38.65188,-90.18443,Some,Yes,0,0,No,2,No,Yes,1,1,Yes,No,1,No,No,2,No,No,No,Commercial,low,29510126600
9495,38.65331,-90.18435,No,Yes,0,0,Yes,2,Yes,Yes,0,0,No,No,2,No,Yes,2,No,No,No,Residential,low,29510126600
9496,38.65455,-90.18472,No,No,0,0,Yes,2,Yes,Yes,1,0,No,No,2,No,Yes,2,No,No,No,Residential,high,29510126600
9497,38.6559,-90.18485,No,No,0,0,Yes,2,No,Yes,1,1,No,No,1,No,Yes,2,No,No,No,Commercial,low,29510126600
9499,38.65872,-90.18497,No,No,0,0,Yes,2,Yes,Yes,1,1,No,No,1,No,Yes,2,No,No,No,Residential,low,29510126700
949,38.58326,-90.29216,Ample,No,2,0,Yes,2,Yes,Yes,1,0,No,No,1,No,Yes,2,No,No,Yes,Residential,high,29510114300
94,38.6074,-90.31242,Ample,No,0,0,Yes,2,Yes,Yes,1,1,No,No,1,No,Yes,2,No,No,No,Residential,high,29510126800
950,38.5846,-90.29217,No,No,2,0,Yes,2,Yes,Yes,1,1,No,No,1,No,Yes,2,No,No,No,Residential,high,29510114300
9518,38.76107,-90.18439,Ample,No,0,0,Yes,2,Yes,Yes,1,0,No,No,2,Yes,Yes,2,No,No,No,Residential,high,29510127000
9519,38.76226,-90.18388,Ample,No,0,0,Yes,2,Yes,Yes,1,1,No,No,1,Yes,Yes,2,No,No,No,Residential,high,29510127000
951,38.58596,-90.29221,Ample,No,2,0,Yes,2,Yes,Yes,1,1,No,No,1,No,Yes,2,No,No,No,Residential,medium,29510114300
9520,38.76324,-90.18354,Ample,No,0,0,Yes,2,Yes,Yes,1,0,No,No,1,No,Yes,2,No,No,No,Residential,high,29510127000
9521,38.7649,-90.18484,Ample,No,2,0,Yes,2,Yes,Yes,1,1,No,No,1,Yes,Yes,2,No,No,No,Residential,high,29510127000
9522,38.76686,-90.18422,Ample,No,0,0,Yes,2,Yes,Yes,1,0,No,No,1,No,Yes,2,No,No,No,Residential,high,29510127000
9523,38.76783,-90.18445,Ample,No,0,0,Yes,2,Yes,Yes,1,0,No,No,1,No,Yes,2,No,No,No,Commercial,high,29510127000
9525,38.61817,-90.1831,Ample,No,0,0,Yes,2,Yes,Yes,1,1,No,No,2,No,Yes,2,No,No,No,Commercial,low,29510127400
952,38.5873,-90.2922,Ample,No,2,0,Yes,2,Yes,Yes,0,0,No,No,1,No,Yes,2,No,No,No,Commercial,INVALID,29510114300
9530,38.62503,-90.1834,Ample,No,0,0,Yes,2,Yes,Yes,1,1,No,No,2,No,Yes,2,No,No,Yes,Residential,high,29510125600
9531,38.62635,-90.18313,Ample,No,2,0,Yes,2,Yes,Yes,1,1,Yes,No,1,Yes,Yes,2,No,No,Yes,Commercial,low,29510125600
9532,38.62786,-90.18304,Ample,No,2,0,Yes,2,Yes,Yes,1,1,No,No,2,Yes,Yes,2,No,No,Yes,Residential,medium,29510125600
9533,38.62915,-90.18303,Some,No,0,0,Yes,2,Yes,Yes,0,0,No,No,2,Yes,Yes,2,No,No,Yes,Commercial,low,29510125600
9534,38.63037,-90.18325,Ample,No,2,0,Yes,2,Yes,Yes,1,1,No,No,1,No,Yes,2,No,Yes,No,Commercial,medium,29510125600
9535,38.63165,-90.183,Ample,No,2,1,Yes,2,Yes,Yes,1,1,No,No,1,No,Yes,2,No,No,No,Commercial,medium,29510125600
9536,38.633,-90.18274,Ample,No,2,0,Yes,2,Yes,Yes,1,1,No,No,2,No,Yes,2,No,No,Yes,Residential,medium,29510125600
9537,38.63404,-90.18309,Ample,No,2,1,Yes,2,Yes,Yes,1,1,No,No,1,No,Yes,2,No,No,No,Commercial,high,29510125700
9538,38.63576,-90.18283,Ample,No,0,0,No,2,No,Yes,0,0,No,No,1,No,Yes,2,No,No,No,Commercial,INVALID,29510125700
9539,38.63716,-90.18313,Some,Yes,2,0,Yes,2,Yes,Yes,1,1,No,No,2,No,Yes,2,No,No,Yes,Commercial,high,29510125700
953,38.58861,-90.29215,Ample,No,2,0,Yes,2,Yes,Yes,1,1,Yes,No,1,No,Yes,2,No,No,No,Residential,medium,29510114102
9540,38.63842,-90.18306,Ample,Yes,0,0,Yes,2,No,Yes,0,0,No,No,2,No,Yes,2,No,No,No,Commercial,high,29510125700
9541,38.63977,-90.18318,Some,Yes,0,0,No,2,No,Yes,1,1,No,No,1,No,Yes,2,No,No,No,Commercial,low,29510125700
9542,38.64113,-90.18336,Some,No,0,0,No,2,No,Yes,0,0,No,No,1,No,Yes,2,No,No,No,Commercial,low,29510126600
9543,38.64245,-90.18358,Ample,No,2,0,Yes,2,Yes,Yes,0,0,No,No,2,No,Yes,2,No,No,No,Commercial,INVALID,29510126600
9544,38.64333,-90.18373,Ample,No,2,0,Yes,2,Yes,Yes,0,0,No,No,2,No,Yes,2,No,No,No,Commercial,INVALID,29510126600
9545,38.64434,-90.18307,Ample,No,0,0,No,2,No,Yes,1,1,No,No,1,No,Yes,2,No,No,No,Commercial,INVALID,29510126600
9546,38.64659,-90.18269,No,Yes,0,0,Yes,2,Yes,Yes,1,0,No,No,2,No,Yes,2,No,No,Yes,Commercial,low,29510126600
9547,38.64777,-90.18329,Some,No,0,0,Yes,2,Yes,Yes,0,0,No,No,2,No,Yes,2,No,No,No,Commercial,INVALID,29510126600
954,38.5899,-90.29192,Ample,No,2,0,Yes,2,Yes,Yes,1,0,No,No,1,No,Yes,2,No,No,No,Residential,high,29510114300
955,38.59134,-90.29225,Ample,No,2,0,Yes,2,Yes,Yes,1,1,No,No,1,No,Yes,2,No,No,No,Residential,low,29510114102
9560,38.665,-90.18302,Ample,No,0,0,No,2,Yes,Yes,0,0,No,No,2,No,Yes,2,No,No,No,Commercial,low,29510126700
956,38.59269,-90.29241,Ample,No,2,0,Yes,2,Yes,Yes,1,1,No,No,1,No,Yes,2,No,No,No,Commercial,high,29510114102
9573,38.7638,-90.18333,Ample,No,0,0,Yes,2,Yes,Yes,1,1,No,No,1,No,Yes,2,No,No,No,Residential,high,29510127000
9574,38.76505,-90.18296,Ample,No,0,0,No,2,Yes,Yes,1,1,No,No,1,No,Yes,2,No,No,No,Commercial,high,29510127000
9575,38.7665,-90.18298,Ample,No,0,0,No,2,Yes,Yes,1,0,No,No,1,No,Yes,2,No,No,Yes,Residential,low,29510127000
9576,38.76767,-90.18307,Ample,No,0,0,No,2,Yes,Yes,0,0,No,No,1,No,Yes,2,No,No,No,Residential,low,29510127000
9577,38.76878,-90.18306,Ample,No,2,0,Yes,2,Yes,Yes,1,1,Yes,No,1,No,Yes,2,No,No,Yes,Commercial,medium,29510127000
957,38.59411,-90.29219,Ample,No,2,0,Yes,2,Yes,Yes,1,1,No,No,2,No,Yes,2,No,No,Yes,Residential,medium,29510114102
9587,38.6291,-90.18189,Ample,No,0,0,Yes,2,No,Yes,1,1,No,No,2,No,Yes,2,No,No,No,Commercial,low,29510125600
9588,38.63034,-90.18185,Ample,No,0,0,Yes,2,Yes,Yes,1,1,No,No,2,No,Yes,2,No,No,Yes,Residential,INVALID,29510125600
9589,38.63168,-90.18181,Ample,No,2,0,Yes,2,Yes,Yes,1,1,No,No,2,No,Yes,2,No,No,No,Commercial,high,29510125600
958,38.59538,-90.29219,No,No,2,0,Yes,2,Yes,Yes,1,1,No,No,1,No,Yes,2,No,No,No,Residential,INVALID,29510114102
9590,38.63301,-90.18165,Ample,No,2,0,Yes,2,Yes,Yes,1,1,No,Yes,1,No,Yes,2,No,No,No,Commercial,high,29510125600
9591,38.63436,-90.18147,Ample,Yes,2,0,Yes,2,Yes,Yes,1,0,No,No,2,No,Yes,2,No,No,Yes,Commercial,INVALID,29510125700
9592,38.63573,-90.18154,Ample,No,0,0,No,2,Yes,Yes,1,0,No,No,1,No,Yes,2,No,No,No,Commercial,INVALID,29510125700
9593,38.63707,-90.18169,Some,Yes,0,0,Yes,2,Yes,Yes,1,1,No,No,1,No,Yes,2,No,No,No,Commercial,low,29510125700
9594,38.63842,-90.18182,Some,Yes,0,0,No,2,No,Yes,1,1,No,No,2,No,Yes,2,No,No,No,Commercial,high,29510125700
9595,38.6398,-90.18195,No,Yes,0,0,No,2,No,Yes,0,0,No,No,2,No,Yes,2,No,No,No,Residential,high,29510125700
9596,38.64115,-90.18203,No,No,0,0,No,2,No,Yes,0,0,No,No,2,No,Yes,2,No,No,No,Residential,high,29510126600
9597,38.64251,-90.18151,No,Yes,0,0,Yes,2,Yes,Yes,0,0,No,No,2,No,Yes,2,No,No,No,Commercial,low,29510126600
9598,38.64376,-90.18185,Ample,No,0,0,Yes,2,No,Yes,0,0,No,Yes,2,No,Yes,2,No,No,No,Commercial,INVALID,29510126600
9599,38.64501,-90.18167,Ample,No,0,0,Yes,2,Yes,Yes,1,1,No,No,1,No,Yes,2,No,No,No,Commercial,high,29510126600
959,38.59665,-90.29223,Ample,No,2,0,Yes,2,Yes,Yes,1,1,No,No,1,No,Yes,2,No,No,No,Residential,high,29510114200
95,38.60857,-90.31248,Ample,No,2,0,Yes,2,Yes,Yes,1,1,No,No,1,No,Yes,2,No,No,No,Residential,high,29510126800
960,38.59795,-90.29233,Ample,No,2,0,No,2,No,Yes,0,0,No,Yes,1,No,No,2,No,Yes,No,Commercial,high,29510114200
961,38.59927,-90.29217,Ample,No,2,0,Yes,2,Yes,Yes,1,1,No,No,1,Yes,Yes,2,No,No,No,Residential,low,29510114200
9624,38.76497,-90.1828,Ample,No,0,0,No,2,Yes,Yes,1,1,No,No,1,No,Yes,2,No,No,No,Residential,high,29510127000
9625,38.7665,-90.18175,Ample,No,0,0,Yes,2,Yes,Yes,1,0,No,No,1,No,Yes,2,No,No,No,Residential,high,29510127000
9626,38.76775,-90.18211,Ample,Yes,0,0,No,2,Yes,Yes,1,0,No,No,1,No,Yes,2,No,No,No,Commercial,high,29510127000
9627,38.7692,-90.18187,Ample,No,0,0,No,2,Yes,Yes,0,0,No,No,1,No,Yes,2,No,No,No,Commercial,low,29510127000
9628,38.77049,-90.18183,Ample,No,0,0,Yes,2,Yes,Yes,0,0,No,No,1,No,Yes,2,No,No,No,Residential,high,29510127000
9629,38.77183,-90.18189,Ample,No,0,0,No,2,Yes,Yes,0,0,No,No,1,No,Yes,2,No,No,No,Residential,high,29510127000
962,38.60069,-90.29212,Ample,No,0,0,Yes,2,Yes,Yes,1,1,Yes,No,1,Yes,Yes,2,No,No,No,Residential,medium,29510114200
9630,38.77314,-90.18201,Ample,No,0,0,No,2,Yes,Yes,0,0,No,No,1,No,Yes,2,No,No,No,Residential,high,29510127000
9634,38.62907,-90.18034,Ample,No,2,0,No,2,Yes,Yes,1,1,No,No,2,No,Yes,2,No,No,No,Commercial,INVALID,29510125600
963,38.60199,-90.29219,Ample,No,2,0,Yes,2,Yes,Yes,1,1,Yes,Yes,1,No,Yes,2,No,No,No,Residential,high,29510103700
9646,38.64526,-90.18038,Ample,No,0,0,Yes,2,Yes,Yes,1,1,No,No,2,No,Yes,2,No,No,No,Commercial,high,29510126600
964,38.60366,-90.29198,Ample,No,2,0,No,2,Yes,Yes,1,1,No,No,1,No,Yes,2,No,No,No,Commercial,high,29510103700
965,38.60465,-90.29227,Ample,No,2,0,Yes,2,Yes,Yes,1,0,No,No,1,No,Yes,2,No,No,No,Residential,high,29510103700
9665,38.76532,-90.18267,Ample,No,0,0,No,2,Yes,Yes,1,0,No,No,1,No,Yes,2,No,No,No,Residential,high,29510127000
9666,38.76644,-90.1804,Ample,No,0,0,No,2,Yes,Yes,0,0,No,No,1,No,Yes,2,No,No,No,Residential,medium,29510127000
966,38.60598,-90.29204,Some,No,2,0,Yes,2,Yes,Yes,1,0,No,No,1,No,Yes,2,No,No,No,Residential,high,29510103700
9672,38.62892,-90.17902,Ample,No,2,0,No,2,Yes,Yes,1,1,No,No,2,No,Yes,2,No,No,No,Commercial,INVALID,29510125600
967,38.60739,-90.29235,Ample,No,2,0,Yes,2,Yes,Yes,1,1,No,Yes,1,No,Yes,2,No,No,Yes,Commercial,low,29510103700
9684,38.64557,-90.17926,Ample,No,0,0,Yes,2,Yes,Yes,1,1,No,No,2,No,Yes,2,No,No,Yes,Commercial,low,29510126600
968,38.60864,-90.29228,Some,No,2,0,Yes,2,Yes,Yes,0,0,No,No,1,No,Yes,2,No,No,No,Residential,high,29510103700
9696,38.76133,-90.17747,No,No,0,0,Yes,2,Yes,Yes,1,1,No,No,2,No,Yes,2,No,Yes,No,Commercial,high,29510127000
9699,38.76623,-90.17911,Ample,No,0,0,No,2,Yes,Yes,1,1,No,No,2,No,Yes,2,No,No,No,Commercial,high,29510127000
969,38.61009,-90.29214,Some,No,2,0,Yes,2,Yes,Yes,1,1,No,No,1,No,Yes,2,No,No,No,Residential,high,29510103700
96,38.61016,-90.31233,Ample,No,2,0,Yes,2,Yes,Yes,1,1,No,No,1,No,Yes,2,No,No,No,Residential,medium,29510126800
970,38.6116,-90.2921,Ample,No,2,0,Yes,2,Yes,Yes,1,1,No,No,1,No,Yes,2,No,Yes,No,Residential,high,29510103700
971,38.61266,-90.29224,Some,No,2,0,Yes,2,Yes,Yes,1,1,No,No,1,No,Yes,2,No,No,No,Residential,high,29510103600
9724,38.76069,-90.17655,No,No,0,0,Yes,2,No,Yes,1,1,No,No,2,No,Yes,2,No,No,Yes,Commercial,low,29510127000
9727,38.76539,-90.17623,Ample,Yes,0,0,No,2,Yes,Yes,1,1,No,No,1,No,Yes,2,No,No,Yes,Commercial,low,29510127000
972,38.61449,-90.29234,Ample,No,2,0,Yes,2,Yes,Yes,1,0,No,No,1,Yes,Yes,2,No,No,No,Residential,high,29510103600
9737,38.76508,-90.17503,Ample,No,0,0,No,2,Yes,Yes,0,0,No,No,1,No,Yes,2,No,No,No,Commercial,low,29510127000
973,38.61557,-90.2922,Ample,No,2,1,Yes,2,Yes,Yes,1,1,No,Yes,2,No,Yes,2,No,No,No,Residential,medium,29510103600
9745,38.76483,-90.17377,Ample,No,0,0,No,2,Yes,Yes,1,0,No,No,2,No,Yes,2,No,No,No,Commercial,low,29510127000
975,38.61813,-90.29222,Ample,No,0,0,Yes,2,Yes,Yes,1,0,No,No,1,No,Yes,2,No,No,No,Residential,low,29510103600
976,38.61924,-90.29189,Ample,No,2,0,Yes,2,No,Yes,1,1,No,No,1,No,Yes,2,No,No,No,Residential,high,29510103600
977,38.62089,-90.29222,Ample,No,0,0,Yes,2,Yes,Yes,1,1,No,No,1,No,Yes,2,No,No,No,Commercial,low,29510126800
978,38.62232,-90.29229,Some,No,2,0,Yes,2,No,Yes,1,1,No,No,1,No,Yes,2,No,No,No,Residential,medium,29510104500
979,38.6236,-90.29203,Some,No,2,0,Yes,2,Yes,Yes,1,1,No,No,1,No,Yes,2,No,No,No,Residential,high,29510104500
97,38.61161,-90.31237,Ample,No,0,0,Yes,2,Yes,Yes,1,1,No,No,1,No,Yes,2,No,No,No,Residential,high,29510126800
980,38.62485,-90.29222,Ample,No,2,0,Yes,2,Yes,Yes,1,0,No,No,1,No,Yes,2,No,No,No,Residential,high,29510104500
981,38.62657,-90.29151,Ample,No,2,0,Yes,2,Yes,Yes,0,0,No,No,1,No,Yes,2,No,No,No,Residential,high,29510104500
982,38.62757,-90.29228,Ample,No,2,0,Yes,2,No,Yes,1,1,No,No,1,No,Yes,2,No,No,No,Residential,high,29510104500
983,38.62873,-90.29247,Ample,No,2,0,No,2,No,Yes,0,0,No,No,1,No,No,2,No,Yes,No,Commercial,high,29510104500
984,38.63034,-90.29201,Some,No,2,0,Yes,2,Yes,Yes,1,1,No,No,1,No,Yes,2,No,No,No,Residential,high,29510104500
985,38.63175,-90.29221,Ample,No,0,0,Yes,2,No,Yes,1,1,No,No,1,Yes,Yes,2,No,No,No,Residential,high,29510112100
986,38.6334,-90.29233,Ample,No,0,0,Yes,2,Yes,Yes,1,0,No,No,1,Yes,Yes,2,No,No,No,Residential,high,29510112100
987,38.63431,-90.29244,No,No,0,0,Yes,2,No,Yes,1,0,No,No,2,Yes,Yes,2,No,No,No,Residential,medium,29510112100
988,38.63574,-90.2921,Ample,No,2,1,Yes,2,Yes,Yes,0,0,No,No,2,Yes,Yes,2,No,Yes,No,Residential,high,29510112100
989,38.63667,-90.29218,Ample,No,2,0,Yes,2,Yes,Yes,1,1,Yes,No,1,Yes,Yes,2,No,Yes,Yes,Residential,high,29510112100
98,38.61313,-90.31236,Ample,No,2,0,Yes,2,Yes,Yes,1,1,No,No,1,No,Yes,2,No,No,No,Residential,medium,29510126800
990,38.63846,-90.29226,Ample,No,2,0,Yes,2,Yes,Yes,1,0,Yes,No,2,Yes,Yes,2,No,No,Yes,Commercial,medium,29510112100
991,38.63963,-90.29206,Ample,No,2,0,Yes,2,Yes,Yes,1,1,No,No,2,Yes,Yes,2,No,Yes,Yes,Residential,high,29510112100
992,38.6408,-90.29252,Ample,No,0,0,Yes,2,No,Yes,1,0,No,No,2,Yes,Yes,2,No,No,No,Residential,high,29510112100
993,38.64249,-90.29224,Some,No,2,0,Yes,2,Yes,Yes,1,1,No,No,2,Yes,Yes,2,No,Yes,Yes,Residential,high,29510112100
994,38.6436,-90.29229,Ample,No,0,0,Yes,2,Yes,Yes,1,1,Yes,No,1,Yes,Yes,2,No,No,No,Residential,high,29510112100
996,38.64657,-90.2922,Ample,No,0,0,Yes,2,No,Yes,0,0,No,No,2,Yes,Yes,2,No,Yes,No,Residential,high,29510112100
998,38.64912,-90.29218,Some,No,2,0,Yes,2,Yes,Yes,1,1,No,No,1,No,Yes,2,No,No,No,Residential,medium,29510105200
999,38.65058,-90.29221,Ample,No,2,0,Yes,2,No,Yes,1,1,No,No,1,No,Yes,2,No,No,No,Residential,high,29510105200
99,38.61414,-90.31245,Ample,No,2,0,Yes,2,Yes,Yes,1,1,No,No,1,No,Yes,2,No,No,No,Residential,low,29510126800
9,38.59401,-90.31775,Ample,No,0,0,Yes,2,Yes,Yes,0,0,No,No,1,No,Yes,2,No,No,No,Residential,high,29510103800
